사고번호,사고일시,요일,시군구,사고내용,사망자수,중상자수,경상자수,부상신고자수,사고유형,법규위반,노면상태,기상상태,도로형태,가해운전자 차종,가해운전자 성별,가해운전자 연령,가해운전자 상해정도,피해운전자 차종,피해운전자 성별,피해운전자 연령,피해운전자 상해정도
2016011200100398,2016년 1월 12일 17시,화요일,강원도 춘천시 석사동,경상사고,0,0,1,0,차대차 - 정면충돌,교차로운행방법위반,건조,맑음,교차로 - 교차로안,승용,남,66세,상해없음,승용,여,59세,상해없음
2016011200100469,2016년 1월 12일 19시,화요일,강원도 춘천시 후평동,경상사고,0,0,4,0,차대차 - 추돌,안전운전불이행,건조,맑음,단일로 - 기타,승용,남,60세,상해없음,승용,남,69세,경상
2016011200100470,2016년 1월 12일 19시,화요일,강원도 원주시 개운동,중상사고,0,1,0,0,차대사람 - 횡단중,안전운전불이행,건조,맑음,단일로 - 기타,승합,남,50세,상해없음,보행자,남,51세,중상
2016011200100471,2016년 1월 12일 19시,화요일,강원도 속초시 교동,경상사고,0,0,1,0,차대차 - 측면직각충돌,신호위반,건조,맑음,교차로 - 교차로안,승용,남,48세,상해없음,원동기,남,58세,경상
2016011200100472,2016년 1월 12일 19시,화요일,강원도 철원군 갈말읍,경상사고,0,0,1,0,차대차 - 기타,중앙선침범,건조,맑음,단일로 - 기타,승용,여,63세,상해없음,승용,여,42세,경상
2016011200100508,2016년 1월 12일 20시,화요일,강원도 강릉시 포남동,중상사고,0,1,0,0,차대사람 - 횡단중,안전운전불이행,건조,맑음,교차로 - 교차로부근,승용,남,46세,상해없음,보행자,남,65세,중상
2016011200100509,2016년 1월 12일 20시,화요일,강원도 원주시 명륜동,경상사고,0,0,1,0,차대차 - 측면충돌,안전운전불이행,건조,맑음,단일로 - 기타,승용,남,25세,상해없음,이륜,남,20세,경상
2016011200100510,2016년 1월 12일 20시,화요일,강원도 원주시 단계동,경상사고,0,0,1,0,차대차 - 추돌,안전거리미확보,습기,맑음,교차로 - 교차로안,승용,남,22세,상해없음,승용,남,38세,경상
2016011200100536,2016년 1월 12일 21시,화요일,강원도 강릉시 교동,중상사고,0,1,1,0,차대차 - 측면충돌,안전운전불이행,건조,맑음,단일로 - 기타,승용,남,41세,상해없음,승용,여,59세,중상
2016011200100565,2016년 1월 12일 22시,화요일,강원도 원주시 개운동,경상사고,0,0,2,0,차대차 - 측면충돌,차로위반,건조,맑음,단일로 - 기타,승용,남,42세,상해없음,승용,남,33세,경상
2016011300100063,2016년 1월 13일 06시,수요일,강원도 동해시 발한동,경상사고,0,0,1,0,차대차 - 추돌,안전운전불이행,건조,맑음,단일로 - 기타,승용,남,46세,상해없음,승용,남,43세,경상
2016011300100182,2016년 1월 13일 10시,수요일,강원도 춘천시 퇴계동,경상사고,0,0,1,1,차대차 - 측면직각충돌,안전거리미확보,건조,맑음,단일로 - 기타,승용,남,60세,상해없음,승용,남,52세,경상
2016011300100183,2016년 1월 13일 10시,수요일,강원도 원주시 호저면,경상사고,0,0,1,0,차대차 - 추돌,안전거리미확보,건조,맑음,교차로 - 교차로부근,승용,남,58세,상해없음,승용,여,41세,경상
2016011300100184,2016년 1월 13일 10시,수요일,강원도 양양군 양양읍,경상사고,0,0,2,0,차대차 - 측면직각충돌,직진우회전진행방해,건조,맑음,교차로 - 교차로안,승합,남,59세,상해없음,승용,남,32세,경상
2016011300100185,2016년 1월 13일 10시,수요일,강원도 태백시 화전동,경상사고,0,0,2,0,차대차 - 측면충돌,안전운전불이행,건조,맑음,단일로 - 기타,화물,남,39세,상해없음,승용,여,18세,경상
2016011300100231,2016년 1월 13일 12시,수요일,강원도 삼척시 정상동,경상사고,0,0,2,0,차대차 - 측면충돌,안전운전불이행,건조,맑음,단일로 - 기타,화물,남,70세,상해없음,승용,남,67세,경상
2016011300100261,2016년 1월 13일 13시,수요일,강원도 춘천시 우두동,경상사고,0,0,2,0,차대차 - 측면직각충돌,안전운전불이행,건조,맑음,단일로 - 기타,승용,남,69세,상해없음,승용,남,85세,경상
2016011300100262,2016년 1월 13일 13시,수요일,강원도 강릉시 유산동,경상사고,0,0,1,0,차대차 - 추돌,안전운전불이행,건조,맑음,교차로 - 교차로안,화물,남,61세,상해없음,화물,남,34세,경상
2016011300100275,2016년 1월 13일 14시,수요일,강원도 강릉시 포남동,중상사고,0,1,0,0,차대사람 - 횡단중,보행자보호의무위반,건조,맑음,교차로 - 교차로부근,이륜,남,16세,상해없음,보행자,여,68세,중상
2016011300100276,2016년 1월 13일 14시,수요일,강원도 원주시 봉산동,경상사고,0,0,1,0,차대차 - 기타,안전운전불이행,건조,맑음,단일로 - 기타,화물,남,58세,상해없음,승용,남,38세,경상
2016011300100311,2016년 1월 13일 15시,수요일,강원도 동해시 단봉동,경상사고,0,0,1,0,차대차 - 추돌,안전거리미확보,건조,맑음,교차로 - 교차로부근,승용,여,46세,상해없음,승용,남,32세,상해없음
2016011300100347,2016년 1월 13일 16시,수요일,강원도 춘천시 사북면,경상사고,0,0,2,0,차대차 - 정면충돌,중앙선침범,건조,흐림,단일로 - 기타,승용,남,26세,상해없음,승용,여,50세,경상
2016011300100348,2016년 1월 13일 16시,수요일,강원도 춘천시 석사동,경상사고,0,0,1,0,차대차 - 추돌,안전거리미확보,건조,맑음,교차로 - 교차로안,화물,남,49세,상해없음,승용,여,63세,경상
2016011300100349,2016년 1월 13일 16시,수요일,강원도 속초시 청호동,경상사고,0,0,1,0,차대차 - 측면직각충돌,안전운전불이행,건조,맑음,단일로 - 기타,승용,남,33세,상해없음,승용,남,48세,경상
2016011300100397,2016년 1월 13일 17시,수요일,강원도 원주시 호저면,중상사고,0,1,2,0,차대차 - 측면충돌,신호위반,습기,눈,단일로 - 기타,건설기계,남,48세,상해없음,승용,여,19세,경상
2016011300100435,2016년 1월 13일 18시,수요일,강원도 춘천시 후평동,경상사고,0,0,2,0,차대차 - 정면충돌,교차로운행방법위반,건조,흐림,교차로 - 교차로안,승용,여,48세,상해없음,승용,남,24세,경상
2016011300100545,2016년 1월 13일 21시,수요일,강원도 춘천시 석사동,경상사고,0,0,2,0,차대차 - 추돌,안전운전불이행,건조,맑음,교차로 - 교차로부근,승용,남,58세,상해없음,승용,남,62세,경상
2016011300100562,2016년 1월 13일 22시,수요일,강원도 춘천시 옥천동,중상사고,0,1,0,0,차대차 - 기타,중앙선침범,건조,맑음,단일로 - 기타,승용,여,26세,상해없음,승합,남,66세,중상
2016011300100563,2016년 1월 13일 22시,수요일,강원도 춘천시 후평동,경상사고,0,0,2,0,차대차 - 정면충돌,신호위반,건조,흐림,교차로 - 교차로안,화물,남,51세,상해없음,승용,남,30세,경상
2016011300100564,2016년 1월 13일 22시,수요일,강원도 속초시 조양동,경상사고,0,0,3,0,차대차 - 정면충돌,안전운전불이행,건조,맑음,교차로 - 교차로안,승용,여,52세,상해없음,승용,여,45세,경상
2016011300100565,2016년 1월 13일 22시,수요일,강원도 평창군 대관령면,경상사고,0,0,1,0,차대차 - 측면충돌,중앙선침범,적설,눈,단일로 - 기타,승용,남,38세,상해없음,승합,남,45세,경상
2016011400100103,2016년 1월 14일 07시,목요일,강원도 원주시 반곡동,경상사고,0,0,1,0,차대차 - 기타,안전운전불이행,건조,맑음,단일로 - 기타,건설기계,남,50세,상해없음,화물,남,42세,경상
2016011400100139,2016년 1월 14일 08시,목요일,강원도 원주시 단구동,중상사고,0,1,0,0,차대사람 - 횡단중,안전운전불이행,건조,맑음,단일로 - 기타,승용,여,41세,상해없음,보행자,여,68세,중상
2016011400100140,2016년 1월 14일 08시,목요일,강원도 고성군 토성면,경상사고,0,0,1,0,차대차 - 추돌,안전운전불이행,건조,맑음,단일로 - 기타,승용,남,68세,상해없음,승용,여,40세,경상
2016011400100171,2016년 1월 14일 09시,목요일,강원도 춘천시 석사동,경상사고,0,0,1,0,차대차 - 정면충돌,교차로운행방법위반,건조,맑음,교차로 - 교차로안,승용,여,47세,상해없음,이륜,남,54세,경상
2016011400100172,2016년 1월 14일 09시,목요일,강원도 동해시 단봉동,경상사고,0,0,3,0,차대차 - 추돌,안전거리미확보,건조,맑음,단일로 - 기타,건설기계,남,34세,상해없음,승용,여,61세,경상
2016011400100232,2016년 1월 14일 11시,목요일,강원도 원주시 반곡동,중상사고,0,2,0,0,차대차 - 추돌,안전운전불이행,건조,맑음,단일로 - 기타,승용,남,25세,중상,화물,남,41세,중상
2016011400100253,2016년 1월 14일 12시,목요일,강원도 속초시 교동,경상사고,0,0,1,0,차대사람 - 기타,안전운전불이행,건조,맑음,교차로 - 교차로안,화물,남,57세,상해없음,보행자,여,68세,경상
2016011400100287,2016년 1월 14일 13시,목요일,강원도 속초시 교동,경상사고,0,0,1,1,차대차 - 측면직각충돌,직진우회전진행방해,건조,맑음,교차로 - 교차로안,승용,남,20세,상해없음,승용,여,55세,부상신고
2016011400100288,2016년 1월 14일 13시,목요일,강원도 홍천군 홍천읍,경상사고,0,0,1,0,차대차 - 추돌,안전거리미확보,건조,맑음,교차로 - 교차로안,화물,남,52세,상해없음,승용,여,45세,경상
2016011400100313,2016년 1월 14일 14시,목요일,강원도 춘천시 신동면,부상신고사고,0,0,0,1,차대차 - 측면충돌,중앙선침범,결빙,맑음,단일로 - 기타,화물,남,54세,상해없음,승용,여,53세,부상신고
2016011400100314,2016년 1월 14일 14시,목요일,강원도 원주시 관설동,경상사고,0,0,1,0,차대차 - 기타,교차로운행방법위반,건조,맑음,교차로 - 교차로안,승용,여,37세,상해없음,이륜,남,69세,경상
2016011400100315,2016년 1월 14일 14시,목요일,강원도 삼척시 갈천동,경상사고,0,0,2,0,차대차 - 추돌,안전운전불이행,건조,맑음,교차로 - 교차로부근,건설기계,남,31세,상해없음,승용,남,34세,경상
2016011400100339,2016년 1월 14일 15시,목요일,강원도 강릉시 옥천동,경상사고,0,0,2,0,차대차 - 추돌,교차로운행방법위반,건조,맑음,교차로 - 교차로안,승용,남,62세,상해없음,화물,남,39세,경상
2016011400100340,2016년 1월 14일 15시,목요일,강원도 강릉시 왕산면,경상사고,0,0,2,0,차대차 - 측면충돌,중앙선침범,건조,맑음,단일로 - 기타,승용,남,59세,상해없음,승용,여,49세,경상
2016011400100371,2016년 1월 14일 16시,목요일,강원도 춘천시 동내면,경상사고,0,0,1,0,차대차 - 정면충돌,안전운전불이행,건조,맑음,교차로 - 교차로안,승용,여,50세,상해없음,승용,여,43세,경상
2016011400100372,2016년 1월 14일 16시,목요일,강원도 홍천군 남면,사망사고,1,2,1,0,차대차 - 정면충돌,중앙선침범,건조,맑음,단일로 - 기타,승용,여,41세,사망,화물,남,58세,중상
2016011400100400,2016년 1월 14일 17시,목요일,강원도 춘천시 석사동,경상사고,0,0,2,0,차대차 - 측면충돌,직진우회전진행방해,건조,맑음,교차로 - 교차로안,승용,여,43세,상해없음,승용,남,77세,경상
2016011400100401,2016년 1월 14일 17시,목요일,강원도 춘천시 동면,경상사고,0,0,1,0,차대차 - 측면직각충돌,직진우회전진행방해,건조,맑음,교차로 - 교차로안,승용,여,45세,상해없음,승용,여,56세,경상
2016011400100402,2016년 1월 14일 17시,목요일,강원도 동해시 이도동,중상사고,0,1,1,0,차대차 - 추돌,안전거리미확보,건조,맑음,교차로 - 교차로부근,건설기계,남,42세,상해없음,승용,남,62세,중상
2016011400100568,2016년 1월 14일 22시,목요일,강원도 춘천시 신북읍,경상사고,0,0,1,0,차대사람 - 길가장자리구역통행중,안전운전불이행,건조,맑음,단일로 - 기타,승용,남,50세,상해없음,보행자,남,61세,경상
2016011400100596,2016년 1월 14일 23시,목요일,강원도 춘천시 효자동,경상사고,0,0,1,0,차대차 - 측면직각충돌,안전운전불이행,건조,맑음,단일로 - 기타,승용,남,39세,상해없음,원동기,남,26세,경상
2016011400100597,2016년 1월 14일 23시,목요일,강원도 원주시 일산동,경상사고,0,0,3,0,차대차 - 정면충돌,교차로운행방법위반,건조,맑음,교차로 - 교차로안,승용,여,27세,상해없음,승용,남,33세,경상
2016011500100158,2016년 1월 15일 09시,금요일,강원도 춘천시 퇴계동,경상사고,0,0,2,0,차대차 - 추돌,안전운전불이행,결빙,맑음,단일로 - 기타,이륜,남,28세,상해없음,승용,남,49세,경상
2016011500100159,2016년 1월 15일 09시,금요일,강원도 원주시 단계동,경상사고,0,0,1,1,차대차 - 측면충돌,직진우회전진행방해,건조,맑음,교차로 - 교차로안,승용,남,39세,부상신고,승용,남,52세,경상
2016011500100160,2016년 1월 15일 09시,금요일,강원도 횡성군 횡성읍,중상사고,0,1,0,0,차대차 - 정면충돌,안전운전불이행,건조,맑음,교차로 - 교차로안,화물,남,73세,상해없음,승용,여,28세,중상
2016011500100182,2016년 1월 15일 10시,금요일,강원도 춘천시 소양로1가,경상사고,0,0,1,0,차대차 - 측면직각충돌,안전거리미확보,건조,맑음,단일로 - 기타,승용,남,45세,상해없음,승용,여,52세,경상
2016011500100183,2016년 1월 15일 10시,금요일,강원도 영월군 남면,사망사고,1,0,0,0,차량단독 - 전도전복,안전운전불이행,습기,눈,단일로 - 기타,승용,남,77세,사망,,,,
2016011500100184,2016년 1월 15일 10시,금요일,강원도 동해시 구미동,경상사고,0,0,2,0,차대차 - 측면직각충돌,직진우회전진행방해,건조,맑음,교차로 - 교차로안,화물,남,68세,상해없음,승용,남,56세,경상
2016011500100205,2016년 1월 15일 11시,금요일,강원도 삼척시 당저동,경상사고,0,0,1,0,차대차 - 측면직각충돌,안전운전불이행,건조,맑음,교차로 - 교차로안,자전거,남,89세,경상,승합,남,56세,상해없음
2016011500100225,2016년 1월 15일 12시,금요일,강원도 강릉시 연곡면,중상사고,0,1,0,0,차량단독 - 전도전복,안전운전불이행,건조,맑음,단일로 - 기타,이륜,남,75세,중상,,,,
2016011500100251,2016년 1월 15일 13시,금요일,강원도 춘천시 소양로3가,경상사고,0,0,1,0,차대차 - 정면충돌,안전운전불이행,건조,맑음,교차로 - 교차로부근,화물,남,49세,상해없음,원동기,남,71세,경상
2016011500100252,2016년 1월 15일 13시,금요일,강원도 원주시 우산동,경상사고,0,0,1,0,차대차 - 정면충돌,안전운전불이행,건조,맑음,단일로 - 기타,화물,남,61세,상해없음,화물,남,32세,경상
2016011500100309,2016년 1월 15일 15시,금요일,강원도 춘천시 교동,중상사고,0,1,0,0,차대사람 - 횡단중,보행자보호의무위반,건조,맑음,교차로 - 교차로부근,화물,남,56세,상해없음,보행자,여,74세,중상
2016011500100310,2016년 1월 15일 15시,금요일,강원도 춘천시 운교동,경상사고,0,0,1,0,차대사람 - 기타,안전운전불이행,건조,맑음,단일로 - 기타,승용,여,53세,상해없음,보행자,여,48세,경상
2016011500100311,2016년 1월 15일 15시,금요일,강원도 원주시 태장동,경상사고,0,0,1,0,차대차 - 추돌,안전거리미확보,건조,맑음,단일로 - 기타,승용,여,25세,상해없음,승용,여,54세,상해없음
2016011500100363,2016년 1월 15일 17시,금요일,강원도 원주시 태장동,경상사고,0,0,1,0,차대차 - 측면충돌,안전운전불이행,건조,맑음,단일로 - 기타,승용,여,35세,상해없음,이륜,남,16세,경상
2016011500100407,2016년 1월 15일 18시,금요일,강원도 원주시 단구동,경상사고,0,0,1,0,차대차 - 추돌,안전운전불이행,건조,맑음,교차로 - 교차로부근,승용,남,33세,기타불명,승용,여,43세,경상
2016011500100408,2016년 1월 15일 18시,금요일,강원도 홍천군 내촌면,중상사고,0,1,4,0,차대차 - 추돌,안전운전불이행,건조,맑음,단일로 - 기타,화물,남,57세,상해없음,승용,남,34세,중상
2016011500100409,2016년 1월 15일 18시,금요일,강원도 동해시 천곡동,중상사고,0,2,0,0,차대차 - 측면직각충돌,직진우회전진행방해,건조,맑음,교차로 - 교차로안,승용,남,53세,상해없음,승용,여,56세,중상
2016011500100410,2016년 1월 15일 18시,금요일,강원도 동해시 이도동,경상사고,0,0,3,0,차대차 - 추돌,안전거리미확보,건조,맑음,단일로 - 기타,승용,남,25세,상해없음,승용,남,26세,경상
2016011500100465,2016년 1월 15일 19시,금요일,강원도 원주시 호저면,중상사고,0,1,0,0,차대차 - 정면충돌,안전운전불이행,건조,맑음,교차로 - 교차로안,승용,남,51세,상해없음,승용,남,62세,중상
2016011500100535,2016년 1월 15일 21시,금요일,강원도 삼척시 남양동,경상사고,0,0,5,0,차대차 - 정면충돌,중앙선침범,건조,맑음,교차로 - 교차로안,화물,남,37세,경상,승용,남,46세,경상
2016011500100567,2016년 1월 15일 22시,금요일,강원도 춘천시 석사동,경상사고,0,0,1,0,차대사람 - 기타,안전운전불이행,건조,맑음,교차로 - 교차로부근,승용,남,52세,상해없음,보행자,남,23세,경상
2016011500100568,2016년 1월 15일 22시,금요일,강원도 원주시 단계동,경상사고,0,0,1,0,차대차 - 정면충돌,교차로운행방법위반,건조,맑음,교차로 - 교차로안,승용,남,41세,상해없음,승용,남,45세,경상
2016011500100596,2016년 1월 15일 23시,금요일,강원도 원주시 원동,경상사고,0,0,2,0,차대차 - 정면충돌,안전거리미확보,건조,맑음,교차로 - 교차로안,승용,남,50세,상해없음,승용,남,68세,상해없음
2016011500100597,2016년 1월 15일 23시,금요일,강원도 동해시 지흥동,중상사고,0,1,1,0,차대차 - 추돌,안전거리미확보,건조,맑음,단일로 - 기타,승용,여,41세,상해없음,승용,남,28세,중상
2016011600100019,2016년 1월 16일 00시,토요일,강원도 원주시 단구동,중상사고,0,2,1,0,차대차 - 측면충돌,신호위반,건조,맑음,교차로 - 교차로안,승용,남,29세,경상,승용,남,71세,중상
2016011600100043,2016년 1월 16일 01시,토요일,강원도 삼척시 근덕면,경상사고,0,0,2,0,차량단독 - 공작물충돌,안전운전불이행,건조,맑음,단일로 - 기타,승용,여,41세,경상,,,,
2016011600100108,2016년 1월 16일 05시,토요일,강원도 동해시 천곡동,경상사고,0,0,1,0,차대차 - 추돌,안전거리미확보,건조,맑음,단일로 - 기타,승용,남,66세,상해없음,승용,남,57세,경상
2016011600100156,2016년 1월 16일 08시,토요일,강원도 양양군 양양읍,중상사고,0,2,1,0,차대차 - 측면직각충돌,직진우회전진행방해,건조,맑음,교차로 - 교차로안,승용,남,28세,상해없음,승용,남,62세,중상
2016011600100173,2016년 1월 16일 09시,토요일,강원도 홍천군 서면,중상사고,0,1,1,0,차대차 - 정면충돌,중앙선침범,습기,맑음,단일로 - 기타,승용,남,36세,상해없음,승용,여,29세,중상
2016011600100174,2016년 1월 16일 09시,토요일,강원도 인제군 북면,중상사고,0,2,4,0,차대차 - 측면충돌,중앙선침범,건조,맑음,단일로 - 기타,승용,남,22세,상해없음,승합,남,50세,상해없음
2016011600100202,2016년 1월 16일 10시,토요일,강원도 춘천시 석사동,부상신고사고,0,0,0,1,차대차 - 측면충돌,교차로운행방법위반,건조,맑음,교차로 - 교차로안,승용,남,33세,상해없음,승용,남,52세,부상신고
2016011600100252,2016년 1월 16일 12시,토요일,강원도 홍천군 홍천읍,경상사고,0,0,1,0,차대차 - 측면충돌,직진우회전진행방해,건조,맑음,교차로 - 교차로안,승용,남,21세,상해없음,승용,남,64세,경상
2016011600100309,2016년 1월 16일 14시,토요일,강원도 춘천시 근화동,경상사고,0,0,1,0,차량단독 - 공작물충돌,기타,건조,흐림,단일로 - 기타,승합,남,56세,상해없음,,,,
2016011600100363,2016년 1월 16일 16시,토요일,강원도 원주시 문막읍,사망사고,1,0,0,0,차량단독 - 전도전복,안전운전불이행,건조,맑음,단일로 - 기타,이륜,남,76세,사망,,,,
2016011600100392,2016년 1월 16일 17시,토요일,강원도 영월군 영월읍,경상사고,0,0,3,0,차대차 - 측면충돌,중앙선침범,건조,맑음,단일로 - 기타,승용,남,60세,상해없음,승합,남,44세,상해없음
2016011600100441,2016년 1월 16일 18시,토요일,강원도 강릉시 교동,경상사고,0,0,1,0,차대사람 - 횡단중,기타,건조,맑음,단일로 - 기타,승용,여,41세,상해없음,보행자,여,15세,경상
2016011600100442,2016년 1월 16일 18시,토요일,강원도 동해시 쇄운동,중상사고,0,1,0,0,차대사람 - 횡단중,보행자보호의무위반,건조,맑음,교차로 - 교차로부근,원동기,남,16세,상해없음,보행자,여,52세,중상
2016011600100488,2016년 1월 16일 19시,토요일,강원도 춘천시 퇴계동,경상사고,0,0,2,0,차대차 - 측면충돌,교차로운행방법위반,건조,맑음,교차로 - 교차로안,승용,남,70세,상해없음,승용,남,27세,경상
2016011600100538,2016년 1월 16일 20시,토요일,강원도 춘천시 동면,중상사고,0,1,0,0,차대사람 - 횡단중,안전운전불이행,건조,맑음,단일로 - 기타,승합,남,39세,상해없음,보행자,남,50세,중상
2016011600100539,2016년 1월 16일 20시,토요일,강원도 원주시 태장동,경상사고,0,0,2,0,차대차 - 추돌,차로위반,건조,맑음,단일로 - 기타,승합,남,64세,상해없음,승합,여,33세,경상
2016011600100571,2016년 1월 16일 21시,토요일,강원도 강릉시 교동,중상사고,0,1,1,0,차대차 - 측면충돌,신호위반,건조,맑음,교차로 - 교차로안,승용,남,29세,상해없음,승용,남,66세,중상
2016011600100572,2016년 1월 16일 21시,토요일,강원도 강릉시 포남동,경상사고,0,0,1,0,차대차 - 추돌,안전운전불이행,건조,맑음,단일로 - 기타,승용,남,74세,상해없음,승용,여,30세,경상
2016011600100610,2016년 1월 16일 22시,토요일,강원도 속초시 교동,경상사고,0,0,1,0,차대차 - 측면직각충돌,차로위반,건조,맑음,단일로 - 기타,승용,남,60세,상해없음,원동기,남,28세,경상
2016011600100611,2016년 1월 16일 22시,토요일,강원도 속초시 조양동,경상사고,0,0,1,0,차대차 - 측면직각충돌,안전운전불이행,건조,맑음,교차로 - 교차로안,승용,남,52세,상해없음,승용,여,57세,경상
2016011700100014,2016년 1월 17일 00시,일요일,강원도 원주시 단계동,경상사고,0,0,2,0,차대사람 - 기타,안전운전불이행,건조,맑음,단일로 - 기타,승용,남,35세,상해없음,보행자,남,59세,경상
2016011700100015,2016년 1월 17일 00시,일요일,강원도 원주시 단계동,경상사고,0,0,2,0,차대차 - 추돌,안전거리미확보,건조,맑음,단일로 - 기타,화물,남,30세,상해없음,승용,남,35세,경상
2016011700100053,2016년 1월 17일 02시,일요일,강원도 강릉시 포남동,중상사고,0,1,1,0,차대차 - 추돌,안전운전불이행,건조,맑음,교차로 - 교차로부근,화물,남,41세,상해없음,승용,남,24세,중상
2016011700100054,2016년 1월 17일 02시,일요일,강원도 원주시 개운동,경상사고,0,0,1,0,차대차 - 추돌,안전거리미확보,건조,맑음,단일로 - 기타,승용,남,25세,상해없음,승용,남,45세,경상
2016011700100055,2016년 1월 17일 02시,일요일,강원도 평창군 진부면,경상사고,0,0,1,0,차대차 - 측면직각충돌,안전운전불이행,건조,맑음,단일로 - 기타,승용,남,26세,경상,승용,여,63세,상해없음
2016011700100084,2016년 1월 17일 04시,일요일,강원도 원주시 단계동,경상사고,0,0,2,0,차대차 - 정면충돌,안전운전불이행,건조,맑음,교차로 - 교차로부근,승용,남,23세,기타불명,승용,남,20세,경상
2016011700100085,2016년 1월 17일 04시,일요일,강원도 원주시 단계동,경상사고,0,0,1,0,차대차 - 정면충돌,안전운전불이행,건조,맑음,교차로 - 교차로안,기타불명,기타불명,기타불명,기타불명,이륜,남,64세,경상
2016011700100145,2016년 1월 17일 09시,일요일,강원도 원주시 인동,경상사고,0,0,2,0,차대차 - 측면직각충돌,안전운전불이행,건조,맑음,교차로 - 교차로안,승용,남,60세,상해없음,승용,남,32세,경상
2016011700100194,2016년 1월 17일 12시,일요일,강원도 강릉시 입암동,경상사고,0,0,2,0,차대차 - 정면충돌,안전운전불이행,건조,맑음,단일로 - 기타,승용,남,75세,상해없음,승용,남,54세,경상
2016011700100211,2016년 1월 17일 13시,일요일,강원도 강릉시 교동,경상사고,0,0,2,0,차대차 - 측면충돌,안전운전불이행,건조,맑음,단일로 - 기타,승용,남,23세,상해없음,승용,여,59세,경상
2016011700100212,2016년 1월 17일 13시,일요일,강원도 양양군 손양면,중상사고,0,1,3,0,차대차 - 추돌,안전운전불이행,건조,맑음,단일로 - 기타,화물,남,62세,상해없음,승용,여,42세,경상
2016011700100231,2016년 1월 17일 14시,일요일,강원도 동해시 천곡동,경상사고,0,0,2,0,차대차 - 추돌,안전거리미확보,건조,맑음,교차로 - 교차로안,승용,남,45세,상해없음,승용,여,49세,경상
2016011700100253,2016년 1월 17일 15시,일요일,강원도 속초시 중앙동,경상사고,0,0,3,0,차대차 - 추돌,안전운전불이행,건조,맑음,단일로 - 기타,승합,남,40세,상해없음,승합,남,31세,경상
2016011700100278,2016년 1월 17일 16시,일요일,강원도 영월군 영월읍,중상사고,0,1,2,0,차대차 - 추돌,안전운전불이행,건조,맑음,단일로 - 기타,승용,남,86세,상해없음,승용,남,56세,중상
2016011700100307,2016년 1월 17일 17시,일요일,강원도 춘천시 퇴계동,경상사고,0,0,1,0,차대차 - 측면직각충돌,안전운전불이행,건조,맑음,교차로 - 교차로부근,승용,여,60세,상해없음,자전거,남,13세,경상
2016011700100338,2016년 1월 17일 18시,일요일,강원도 삼척시 남양동,경상사고,0,0,1,0,차대차 - 측면직각충돌,직진우회전진행방해,습기,비,교차로 - 교차로안,승용,여,57세,상해없음,승용,남,51세,경상
2016011700100339,2016년 1월 17일 18시,일요일,강원도 삼척시 도계읍,경상사고,0,0,1,0,차대차 - 측면충돌,안전운전불이행,습기,흐림,교차로 - 교차로부근,기타불명,기타불명,기타불명,기타불명,승용,남,74세,상해없음
2016011700100340,2016년 1월 17일 18시,일요일,강원도 홍천군 서면,중상사고,0,2,1,0,차량단독 - 전도전복,안전운전불이행,건조,맑음,단일로 - 기타,승용,남,21세,중상,,,,
2016011700100438,2016년 1월 17일 20시,일요일,강원도 강릉시 안현동,경상사고,0,0,2,0,차대차 - 측면충돌,안전운전불이행,습기,비,교차로 - 교차로안,승용,남,64세,기타불명,승용,남,59세,경상
2016011700100439,2016년 1월 17일 20시,일요일,강원도 동해시 이도동,중상사고,0,2,0,0,차량단독 - 공작물충돌,안전운전불이행,습기,비,교차로 - 교차로안,승용,남,38세,중상,,,,
2016011700100466,2016년 1월 17일 21시,일요일,강원도 원주시 개운동,경상사고,0,0,1,0,차대차 - 측면충돌,신호위반,습기,흐림,교차로 - 교차로안,승용,남,31세,상해없음,승용,남,54세,경상
2016011700100467,2016년 1월 17일 21시,일요일,강원도 철원군 동송읍,사망사고,1,0,0,0,차대사람 - 횡단중,안전운전불이행,건조,맑음,단일로 - 기타,승합,여,30세,상해없음,보행자,여,61세,사망
2016011700100522,2016년 1월 17일 23시,일요일,강원도 원주시 우산동,부상신고사고,0,0,0,1,차대사람 - 기타,안전운전불이행,건조,기타,단일로 - 기타,기타불명,기타불명,기타불명,기타불명,보행자,남,23세,부상신고
2016011800100031,2016년 1월 18일 03시,월요일,강원도 원주시 단구동,부상신고사고,0,0,0,1,차대사람 - 기타,기타,건조,맑음,단일로 - 기타,승용,여,40세,상해없음,보행자,남,46세,부상신고
2016011800100049,2016년 1월 18일 05시,월요일,강원도 춘천시 동면,중상사고,0,2,0,0,차대차 - 측면직각충돌,교차로운행방법위반,건조,맑음,교차로 - 교차로안,승용,남,59세,중상,승용,여,55세,중상
2016011800100106,2016년 1월 18일 07시,월요일,강원도 강릉시 회산동,경상사고,0,0,2,0,차대차 - 측면직각충돌,신호위반,건조,맑음,교차로 - 교차로부근,승용,여,62세,상해없음,화물,남,41세,경상
2016011800100107,2016년 1월 18일 07시,월요일,강원도 동해시 효가동,경상사고,0,0,3,0,차대차 - 측면직각충돌,직진우회전진행방해,건조,맑음,교차로 - 교차로안,승용,남,53세,상해없음,승용,여,76세,경상
2016011800100139,2016년 1월 18일 08시,월요일,강원도 고성군 간성읍,경상사고,0,0,1,0,차대차 - 측면충돌,직진우회전진행방해,건조,맑음,교차로 - 교차로안,승용,여,51세,상해없음,승용,여,31세,경상