사고번호,사고일시,요일,시군구,사고내용,사망자수,중상자수,경상자수,부상신고자수,사고유형,법규위반,노면상태,기상상태,도로형태,가해운전자 차종,가해운전자 성별,가해운전자 연령,가해운전자 상해정도,피해운전자 차종,피해운전자 성별,피해운전자 연령,피해운전자 상해정도
2016011800100140,2016년 1월 18일 08시,월요일,강원도 철원군 갈말읍,중상사고,0,2,0,0,차대차 - 측면충돌,중앙선침범,적설,흐림,단일로 - 기타,승용,여,50세,상해없음,승용,여,47세,중상
2016011800100170,2016년 1월 18일 09시,월요일,강원도 강릉시 교동,경상사고,0,0,1,0,차대차 - 측면직각충돌,안전운전불이행,건조,맑음,교차로 - 교차로안,승용,남,24세,상해없음,승용,여,60세,경상
2016011800100171,2016년 1월 18일 09시,월요일,강원도 원주시 단계동,경상사고,0,0,2,0,차대차 - 추돌,안전운전불이행,건조,맑음,단일로 - 기타,화물,남,42세,상해없음,승용,남,55세,상해없음
2016011800100172,2016년 1월 18일 09시,월요일,강원도 원주시 소초면,중상사고,0,1,1,0,차대차 - 정면충돌,중앙선침범,적설,눈,기타 - 기타,승용,남,45세,상해없음,승합,남,55세,중상
2016011800100173,2016년 1월 18일 09시,월요일,강원도 속초시 청학동,경상사고,0,0,1,0,차대사람 - 기타,안전운전불이행,건조,맑음,단일로 - 기타,승용,남,52세,상해없음,보행자,남,84세,경상
2016011800100195,2016년 1월 18일 10시,월요일,강원도 원주시 무실동,경상사고,0,0,2,0,차대차 - 추돌,안전운전불이행,결빙,흐림,단일로 - 기타,승용,여,47세,상해없음,승용,남,43세,경상
2016011800100196,2016년 1월 18일 10시,월요일,강원도 원주시 단계동,경상사고,0,0,1,0,차대차 - 추돌,안전운전불이행,적설,맑음,교차로 - 교차로안,승용,남,55세,상해없음,승용,남,41세,경상
2016011800100197,2016년 1월 18일 10시,월요일,강원도 평창군 대관령면,중상사고,0,1,0,0,차대차 - 측면직각충돌,중앙선침범,결빙,눈,단일로 - 기타,화물,남,32세,상해없음,화물,남,43세,중상
2016011800100226,2016년 1월 18일 11시,월요일,강원도 춘천시 퇴계동,경상사고,0,0,1,0,차대사람 - 횡단중,보행자보호의무위반,건조,맑음,교차로 - 교차로안,화물,남,57세,상해없음,보행자,남,47세,경상
2016011800100343,2016년 1월 18일 15시,월요일,강원도 원주시 학성동,경상사고,0,0,1,0,차대사람 - 횡단중,보행자보호의무위반,건조,맑음,단일로 - 횡단보도상,승용,남,33세,기타불명,보행자,여,70세,경상
2016011800100381,2016년 1월 18일 16시,월요일,강원도 인제군 인제읍,중상사고,0,1,0,0,차대차 - 정면충돌,안전운전불이행,건조,맑음,교차로 - 교차로안,승용,남,73세,상해없음,승용,남,49세,중상
2016011800100415,2016년 1월 18일 17시,월요일,강원도 속초시 교동,경상사고,0,0,2,0,차대차 - 측면충돌,안전운전불이행,건조,맑음,단일로 - 기타,승용,여,55세,상해없음,승용,여,59세,경상
2016011800100464,2016년 1월 18일 18시,월요일,강원도 춘천시 석사동,경상사고,0,0,1,0,차대차 - 측면직각충돌,신호위반,건조,맑음,교차로 - 교차로안,승용,여,55세,상해없음,승용,남,54세,경상
2016011800100465,2016년 1월 18일 18시,월요일,강원도 원주시 태장동,중상사고,0,1,2,0,차대차 - 정면충돌,중앙선침범,결빙,흐림,단일로 - 기타,승용,남,25세,상해없음,승용,여,64세,중상
2016011800100557,2016년 1월 18일 21시,월요일,강원도 속초시 청학동,중상사고,0,2,0,0,차대차 - 정면충돌,신호위반,건조,맑음,교차로 - 교차로안,승용,남,46세,상해없음,승용,남,64세,중상
2016011800100589,2016년 1월 18일 22시,월요일,강원도 강릉시 교동,경상사고,0,0,1,0,차대차 - 정면충돌,안전운전불이행,건조,맑음,단일로 - 기타,승용,남,63세,상해없음,승용,남,48세,경상
2016011800100590,2016년 1월 18일 22시,월요일,강원도 원주시 반곡동,경상사고,0,0,2,0,차대차 - 추돌,안전운전불이행,결빙,맑음,단일로 - 기타,승용,여,48세,경상,승용,남,63세,상해없음
2016011900100114,2016년 1월 19일 08시,화요일,강원도 춘천시 조양동,중상사고,0,1,0,0,차대차 - 측면직각충돌,기타,건조,맑음,단일로 - 기타,승용,남,53세,상해없음,원동기,남,53세,중상
2016011900100115,2016년 1월 19일 08시,화요일,강원도 고성군 토성면,경상사고,0,0,1,0,차대차 - 추돌,안전운전불이행,건조,맑음,단일로 - 기타,승용,여,23세,상해없음,승용,남,41세,경상
2016011900100206,2016년 1월 19일 11시,화요일,강원도 춘천시 후평동,경상사고,0,0,1,0,차대차 - 측면직각충돌,안전거리미확보,건조,맑음,단일로 - 기타,승용,남,60세,상해없음,이륜,남,28세,경상
2016011900100207,2016년 1월 19일 11시,화요일,강원도 원주시 무실동,경상사고,0,0,2,1,차대차 - 추돌,안전운전불이행,결빙,맑음,단일로 - 기타,승용,남,48세,부상신고,승용,남,35세,경상
2016011900100208,2016년 1월 19일 11시,화요일,강원도 평창군 평창읍,중상사고,0,1,1,0,차대차 - 정면충돌,중앙선침범,건조,맑음,단일로 - 기타,화물,남,46세,중상,화물,남,56세,경상
2016011900100230,2016년 1월 19일 12시,화요일,강원도 춘천시 효자동,경상사고,0,0,1,0,차대차 - 측면직각충돌,신호위반,건조,맑음,교차로 - 교차로안,화물,남,60세,상해없음,승용,남,62세,경상
2016011900100252,2016년 1월 19일 13시,화요일,강원도 영월군 영월읍,중상사고,0,1,2,0,차대차 - 측면직각충돌,교차로운행방법위반,건조,맑음,교차로 - 교차로안,화물,남,77세,상해없음,승용,남,30세,경상
2016011900100253,2016년 1월 19일 13시,화요일,강원도 영월군 영월읍,중상사고,0,1,1,0,차대차 - 측면직각충돌,교차로운행방법위반,건조,맑음,교차로 - 교차로안,승용,여,32세,경상,화물,남,48세,중상
2016011900100302,2016년 1월 19일 15시,화요일,강원도 강릉시 입암동,경상사고,0,0,4,0,차대차 - 추돌,안전운전불이행,건조,맑음,교차로 - 교차로부근,화물,남,55세,상해없음,승용,여,40세,경상
2016011900100334,2016년 1월 19일 16시,화요일,강원도 원주시 무실동,경상사고,0,0,1,0,차대차 - 측면충돌,신호위반,건조,맑음,교차로 - 교차로안,승용,남,62세,상해없음,승용,남,54세,경상
2016011900100335,2016년 1월 19일 16시,화요일,강원도 동해시 동회동,경상사고,0,0,1,0,차대사람 - 길가장자리구역통행중,안전운전불이행,건조,맑음,단일로 - 기타,자전거,남,16세,상해없음,보행자,남,54세,경상
2016011900100384,2016년 1월 19일 18시,화요일,강원도 춘천시 신동면,경상사고,0,0,1,0,차대차 - 정면충돌,신호위반,건조,맑음,교차로 - 교차로안,화물,남,67세,상해없음,승용,남,38세,경상
2016011900100429,2016년 1월 19일 19시,화요일,강원도 강릉시 성남동,중상사고,0,1,0,0,차대차 - 측면충돌,안전운전불이행,건조,맑음,교차로 - 교차로안,원동기,남,58세,상해없음,원동기,남,34세,중상
2016011900100430,2016년 1월 19일 19시,화요일,강원도 강릉시 교동,경상사고,0,0,4,0,차대차 - 측면직각충돌,안전운전불이행,건조,맑음,교차로 - 교차로안,승용,남,26세,상해없음,승용,남,27세,경상
2016011900100467,2016년 1월 19일 20시,화요일,강원도 춘천시 퇴계동,경상사고,0,0,1,0,차대차 - 측면충돌,안전운전불이행,건조,맑음,교차로 - 교차로안,승용,남,37세,상해없음,승용,여,47세,경상
2016011900100468,2016년 1월 19일 20시,화요일,강원도 춘천시 석사동,경상사고,0,0,1,0,차대차 - 측면직각충돌,안전운전불이행,건조,맑음,교차로 - 교차로부근,승용,남,66세,상해없음,이륜,남,37세,경상
2016011900100546,2016년 1월 19일 23시,화요일,강원도 인제군 기린면,경상사고,0,0,1,0,차대차 - 측면직각충돌,안전운전불이행,건조,맑음,교차로 - 교차로안,화물,남,54세,상해없음,승용,남,29세,경상
2016012000100066,2016년 1월 20일 07시,수요일,강원도 원주시 학성동,경상사고,0,0,2,0,차대차 - 측면충돌,중앙선침범,건조,맑음,단일로 - 기타,승용,여,47세,상해없음,화물,남,25세,경상
2016012000100093,2016년 1월 20일 08시,수요일,강원도 춘천시 석사동,경상사고,0,0,2,0,차대차 - 추돌,안전운전불이행,건조,맑음,단일로 - 기타,승용,남,40세,상해없음,승용,여,68세,경상
2016012000100094,2016년 1월 20일 08시,수요일,강원도 원주시 단계동,경상사고,0,0,1,0,차대차 - 측면직각충돌,교차로운행방법위반,건조,맑음,교차로 - 교차로안,승용,여,44세,상해없음,승용,남,32세,경상
2016012000100095,2016년 1월 20일 08시,수요일,강원도 횡성군 횡성읍,중상사고,0,1,0,0,차대차 - 측면충돌,안전운전불이행,건조,맑음,교차로 - 교차로안,승합,남,60세,상해없음,화물,남,69세,중상
2016012000100158,2016년 1월 20일 10시,수요일,강원도 동해시 천곡동,경상사고,0,0,1,0,차대차 - 추돌,안전운전불이행,건조,맑음,단일로 - 기타,승용,남,36세,상해없음,승용,남,59세,상해없음
2016012000100183,2016년 1월 20일 11시,수요일,강원도 원주시 무실동,중상사고,0,1,2,0,차대차 - 추돌,안전거리미확보,건조,맑음,교차로 - 교차로부근,승용,남,53세,기타불명,승용,여,32세,중상
2016012000100184,2016년 1월 20일 11시,수요일,강원도 원주시 가현동,경상사고,0,0,2,0,차대차 - 측면충돌,신호위반,건조,맑음,교차로 - 교차로안,화물,남,75세,상해없음,화물,남,74세,경상
2016012000100185,2016년 1월 20일 11시,수요일,강원도 원주시 단계동,경상사고,0,0,2,0,차대차 - 측면충돌,교차로운행방법위반,건조,맑음,교차로 - 교차로안,승용,남,54세,상해없음,승용,여,27세,경상
2016012000100210,2016년 1월 20일 12시,수요일,강원도 원주시 판부면,경상사고,0,0,1,0,차대차 - 추돌,안전거리미확보,건조,맑음,단일로 - 기타,화물,남,47세,상해없음,승용,여,51세,경상
2016012000100211,2016년 1월 20일 12시,수요일,강원도 속초시 노학동,경상사고,0,0,8,0,차대차 - 측면직각충돌,불법유턴,건조,맑음,단일로 - 기타,승용,남,54세,상해없음,승합,남,28세,경상
2016012000100231,2016년 1월 20일 13시,수요일,강원도 철원군 서면,경상사고,0,0,1,0,차대차 - 측면충돌,교차로운행방법위반,건조,맑음,교차로 - 교차로안,승용,남,43세,상해없음,승합,남,34세,상해없음
2016012000100251,2016년 1월 20일 14시,수요일,강원도 강릉시 교동,경상사고,0,0,1,0,차대차 - 추돌,안전운전불이행,건조,맑음,교차로 - 교차로안,승용,남,51세,상해없음,이륜,남,52세,경상
2016012000100252,2016년 1월 20일 14시,수요일,강원도 화천군 화천읍,경상사고,0,0,3,0,차대차 - 측면충돌,직진우회전진행방해,건조,맑음,교차로 - 교차로안,승용,여,61세,경상,승용,남,33세,경상
2016012000100253,2016년 1월 20일 14시,수요일,강원도 태백시 황지동,경상사고,0,0,2,0,차대차 - 추돌,안전운전불이행,건조,맑음,단일로 - 기타,승용,남,71세,상해없음,승용,남,28세,경상
2016012000100280,2016년 1월 20일 15시,수요일,강원도 양양군 서면,경상사고,0,0,1,0,차량단독 - 기타,안전운전불이행,건조,맑음,단일로 - 터널,화물,남,52세,상해없음,,,,
2016012000100324,2016년 1월 20일 16시,수요일,강원도 춘천시 동내면,경상사고,0,0,1,0,차대차 - 추돌,안전거리미확보,건조,맑음,교차로 - 교차로부근,승용,여,44세,상해없음,승용,남,54세,경상
2016012000100325,2016년 1월 20일 16시,수요일,강원도 강릉시 포남동,경상사고,0,0,1,0,차대차 - 정면충돌,신호위반,건조,맑음,교차로 - 교차로안,승용,남,61세,상해없음,승용,여,32세,경상
2016012000100326,2016년 1월 20일 16시,수요일,강원도 강릉시 금학동,경상사고,0,0,1,0,차대사람 - 기타,안전운전불이행,건조,맑음,단일로 - 기타,승용,남,48세,상해없음,보행자,남,19세,경상
2016012000100349,2016년 1월 20일 17시,수요일,강원도 강릉시 주문진읍,경상사고,0,0,1,0,차대차 - 측면충돌,신호위반,건조,맑음,교차로 - 교차로안,승용,남,77세,상해없음,승용,남,28세,경상
2016012000100350,2016년 1월 20일 17시,수요일,강원도 원주시 판부면,중상사고,0,1,0,0,차대차 - 정면충돌,중앙선침범,건조,맑음,단일로 - 기타,이륜,남,54세,중상,승용,남,33세,상해없음
2016012000100387,2016년 1월 20일 18시,수요일,강원도 강릉시 송정동,중상사고,0,1,0,0,차대차 - 추돌,안전운전불이행,건조,맑음,교차로 - 교차로부근,승용,남,26세,상해없음,승용,남,46세,중상
2016012000100388,2016년 1월 20일 18시,수요일,강원도 원주시 관설동,중상사고,0,1,0,0,차대사람 - 횡단중,신호위반,건조,맑음,단일로 - 기타,승용,남,45세,상해없음,보행자,여,63세,중상
2016012000100389,2016년 1월 20일 18시,수요일,강원도 원주시 관설동,경상사고,0,0,1,0,차대차 - 추돌,신호위반,건조,맑음,교차로 - 교차로안,승용,여,26세,상해없음,승용,남,27세,경상
2016012000100390,2016년 1월 20일 18시,수요일,강원도 속초시 교동,부상신고사고,0,0,0,1,차대차 - 정면충돌,신호위반,건조,맑음,교차로 - 교차로부근,이륜,남,16세,부상신고,승용,남,51세,상해없음
2016012000100391,2016년 1월 20일 18시,수요일,강원도 동해시 용정동,경상사고,0,0,1,0,차대차 - 추돌,안전거리미확보,건조,맑음,단일로 - 기타,승용,남,19세,상해없음,승용,남,43세,경상
2016012000100392,2016년 1월 20일 18시,수요일,강원도 동해시 천곡동,중상사고,0,3,1,0,차대차 - 추돌,안전거리미확보,건조,맑음,단일로 - 기타,승용,남,48세,상해없음,승용,남,44세,중상
2016012000100393,2016년 1월 20일 18시,수요일,강원도 동해시 북평동,경상사고,0,0,2,0,차대차 - 추돌,중앙선침범,건조,맑음,단일로 - 기타,승용,여,61세,경상,승용,여,44세,경상
2016012000100507,2016년 1월 20일 21시,수요일,강원도 원주시 명륜동,중상사고,0,1,3,0,차대차 - 측면직각충돌,신호위반,건조,맑음,교차로 - 교차로안,승합,남,38세,경상,승합,남,25세,경상
2016012000100565,2016년 1월 20일 23시,수요일,강원도 속초시 청학동,경상사고,0,0,1,0,차대차 - 추돌,안전운전불이행,건조,맑음,단일로 - 기타,승용,남,48세,상해없음,승용,여,48세,경상
2016012100100119,2016년 1월 21일 08시,목요일,강원도 강릉시 임당동,경상사고,0,0,2,0,차대차 - 측면직각충돌,신호위반,건조,맑음,교차로 - 교차로안,승용,여,40세,상해없음,승용,남,43세,경상
2016012100100120,2016년 1월 21일 08시,목요일,강원도 동해시 용정동,경상사고,0,0,1,0,차량단독 - 전도전복,안전운전불이행,건조,맑음,단일로 - 기타,승용,여,28세,상해없음,,,,
2016012100100148,2016년 1월 21일 09시,목요일,강원도 속초시 조양동,경상사고,0,0,1,0,차대차 - 추돌,안전운전불이행,건조,맑음,단일로 - 기타,승용,남,22세,상해없음,승용,여,59세,경상
2016012100100149,2016년 1월 21일 09시,목요일,강원도 삼척시 교동,경상사고,0,0,1,0,차대차 - 측면직각충돌,직진우회전진행방해,건조,맑음,교차로 - 교차로안,화물,남,46세,상해없음,승용,남,72세,경상
2016012100100183,2016년 1월 21일 11시,목요일,강원도 평창군 대관령면,경상사고,0,0,1,0,차대차 - 정면충돌,중앙선침범,건조,맑음,단일로 - 기타,승합,남,43세,경상,건설기계,남,61세,상해없음
2016012100100204,2016년 1월 21일 12시,목요일,강원도 강릉시 내곡동,경상사고,0,0,1,0,차대차 - 추돌,안전운전불이행,건조,맑음,교차로 - 교차로안,승용,여,58세,상해없음,승용,여,45세,경상
2016012100100205,2016년 1월 21일 12시,목요일,강원도 화천군 간동면,경상사고,0,0,2,0,차대차 - 측면충돌,중앙선침범,건조,맑음,단일로 - 기타,화물,남,43세,상해없음,승용,남,23세,경상
2016012100100225,2016년 1월 21일 13시,목요일,강원도 동해시 부곡동,경상사고,0,0,2,0,차대차 - 측면직각충돌,신호위반,건조,맑음,교차로 - 교차로안,승용,남,71세,상해없음,승용,남,50세,경상
2016012100100263,2016년 1월 21일 14시,목요일,강원도 삼척시 근덕면,경상사고,0,0,1,0,차대차 - 측면충돌,중앙선침범,건조,맑음,단일로 - 기타,승용,남,28세,상해없음,승용,남,58세,경상
2016012100100264,2016년 1월 21일 14시,목요일,강원도 동해시 천곡동,경상사고,0,0,2,0,차대차 - 측면직각충돌,직진우회전진행방해,건조,맑음,교차로 - 교차로안,승용,여,49세,상해없음,승용,남,48세,경상
2016012100100282,2016년 1월 21일 15시,목요일,강원도 원주시 무실동,경상사고,0,0,1,0,차대차 - 추돌,안전운전불이행,건조,맑음,단일로 - 기타,승용,남,69세,상해없음,승용,남,36세,경상
2016012100100283,2016년 1월 21일 15시,목요일,강원도 영월군 한반도면,경상사고,0,0,2,1,차대차 - 측면충돌,교차로운행방법위반,건조,맑음,교차로 - 교차로안,건설기계,남,53세,상해없음,승용,남,44세,부상신고
2016012100100284,2016년 1월 21일 15시,목요일,강원도 동해시 천곡동,경상사고,0,0,1,0,차대사람 - 횡단중,안전운전불이행,건조,맑음,교차로 - 교차로부근,승용,남,35세,상해없음,보행자,남,41세,경상
2016012100100314,2016년 1월 21일 16시,목요일,강원도 원주시 단구동,경상사고,0,0,2,0,차대차 - 추돌,안전운전불이행,건조,맑음,교차로 - 교차로부근,승용,남,43세,상해없음,승용,여,48세,경상
2016012100100334,2016년 1월 21일 17시,목요일,강원도 춘천시 소양로2가,부상신고사고,0,0,0,1,차대사람 - 기타,안전운전불이행,건조,맑음,단일로 - 기타,승합,남,55세,상해없음,보행자,여,60세,부상신고
2016012100100366,2016년 1월 21일 18시,목요일,강원도 원주시 무실동,중상사고,0,1,2,0,차대차 - 추돌,교차로운행방법위반,건조,맑음,교차로 - 교차로부근,승용,남,69세,상해없음,승용,여,39세,상해없음
2016012100100367,2016년 1월 21일 18시,목요일,강원도 삼척시 남양동,경상사고,0,0,1,0,차대차 - 정면충돌,중앙선침범,건조,맑음,교차로 - 교차로안,승용,남,71세,상해없음,승용,여,55세,경상
2016012100100368,2016년 1월 21일 18시,목요일,강원도 평창군 평창읍,중상사고,0,1,1,0,차대차 - 측면직각충돌,안전운전불이행,건조,맑음,단일로 - 기타,화물,여,63세,경상,승용,남,40세,중상
2016012100100369,2016년 1월 21일 18시,목요일,강원도 동해시 천곡동,경상사고,0,0,3,0,차대차 - 측면직각충돌,직진우회전진행방해,건조,맑음,교차로 - 교차로안,승용,남,20세,경상,승용,남,29세,경상
2016012100100415,2016년 1월 21일 19시,목요일,강원도 춘천시 효자동,경상사고,0,0,1,1,차대차 - 추돌,차로위반,건조,맑음,교차로 - 교차로안,승용,여,38세,상해없음,승용,남,33세,경상
2016012100100416,2016년 1월 21일 19시,목요일,강원도 원주시 단구동,중상사고,0,1,0,0,차대차 - 측면충돌,안전운전불이행,건조,맑음,단일로 - 기타,승용,남,24세,상해없음,이륜,남,48세,중상
2016012100100417,2016년 1월 21일 19시,목요일,강원도 평창군 봉평면,중상사고,0,1,0,0,차대차 - 정면충돌,중앙선침범,건조,맑음,단일로 - 기타,승용,여,60세,상해없음,승용,여,60세,중상
2016012100100447,2016년 1월 21일 20시,목요일,강원도 춘천시 온의동,경상사고,0,0,1,0,차대차 - 기타,안전운전불이행,건조,맑음,단일로 - 기타,승용,남,26세,기타불명,승용,남,28세,경상
2016012100100448,2016년 1월 21일 20시,목요일,강원도 강릉시 교동,중상사고,0,1,0,0,차대사람 - 기타,안전운전불이행,건조,맑음,단일로 - 기타,화물,남,45세,상해없음,보행자,여,41세,중상
2016012100100449,2016년 1월 21일 20시,목요일,강원도 속초시 영랑동,중상사고,0,1,0,0,차대사람 - 횡단중,안전운전불이행,건조,맑음,단일로 - 기타,승용,남,47세,상해없음,보행자,여,45세,중상
2016012100100512,2016년 1월 21일 22시,목요일,강원도 강릉시 견소동,경상사고,0,0,2,0,차대차 - 측면충돌,안전운전불이행,결빙,맑음,단일로 - 기타,승용,남,52세,상해없음,승용,남,55세,상해없음
2016012200100007,2016년 1월 22일 00시,금요일,강원도 속초시 교동,중상사고,0,1,3,0,차대차 - 측면충돌,직진우회전진행방해,건조,맑음,교차로 - 교차로안,승용,남,24세,상해없음,승용,남,40세,경상
2016012200100024,2016년 1월 22일 01시,금요일,강원도 춘천시 효자동,경상사고,0,0,1,0,차대차 - 정면충돌,차로위반,건조,맑음,단일로 - 기타,승용,남,26세,상해없음,이륜,남,21세,경상
2016012200100105,2016년 1월 22일 07시,금요일,강원도 원주시 무실동,경상사고,0,0,1,0,차대차 - 측면충돌,차로위반,건조,맑음,단일로 - 기타,화물,남,62세,상해없음,화물,남,48세,경상
2016012200100130,2016년 1월 22일 08시,금요일,강원도 고성군 토성면,사망사고,1,0,0,0,차량단독 - 전도전복,안전운전불이행,건조,맑음,단일로 - 기타,승용,남,26세,사망,,,,
2016012200100191,2016년 1월 22일 10시,금요일,강원도 원주시 판부면,중상사고,0,1,0,0,차대사람 - 횡단중,안전운전불이행,건조,맑음,기타 - 기타,승용,여,55세,상해없음,보행자,남,84세,중상
2016012200100192,2016년 1월 22일 10시,금요일,강원도 삼척시 근덕면,사망사고,1,1,0,0,차대차 - 추돌,안전운전불이행,건조,맑음,단일로 - 기타,건설기계,남,64세,사망,이륜,남,76세,중상
2016012200100217,2016년 1월 22일 11시,금요일,강원도 강릉시 포남동,중상사고,0,1,0,0,차대사람 - 기타,안전운전불이행,건조,맑음,기타 - 기타,화물,남,57세,상해없음,보행자,남,80세,중상
2016012200100241,2016년 1월 22일 12시,금요일,강원도 강릉시 옥천동,경상사고,0,0,4,0,차대차 - 측면충돌,안전운전불이행,건조,맑음,단일로 - 기타,승용,남,72세,상해없음,승용,남,44세,경상
2016012200100242,2016년 1월 22일 12시,금요일,강원도 홍천군 홍천읍,경상사고,0,0,1,0,차대차 - 측면직각충돌,직진우회전진행방해,건조,맑음,교차로 - 교차로안,승용,남,63세,상해없음,승용,여,45세,경상
2016012200100301,2016년 1월 22일 14시,금요일,강원도 평창군 방림면,중상사고,0,6,0,0,차대차 - 정면충돌,중앙선침범,건조,맑음,단일로 - 기타,승용,여,50세,상해없음,승용,남,61세,중상
2016012200100302,2016년 1월 22일 14시,금요일,강원도 철원군 근남면,경상사고,0,0,1,0,차대차 - 추돌,안전운전불이행,건조,맑음,단일로 - 기타,승용,남,61세,상해없음,승용,남,45세,경상
2016012200100331,2016년 1월 22일 15시,금요일,강원도 강릉시 강문동,경상사고,0,0,3,0,차대차 - 측면직각충돌,안전운전불이행,건조,맑음,교차로 - 교차로안,승용,남,36세,상해없음,화물,남,60세,상해없음
2016012200100332,2016년 1월 22일 15시,금요일,강원도 영월군 북면,경상사고,0,0,1,0,차대차 - 추돌,안전운전불이행,건조,맑음,단일로 - 기타,화물,남,38세,상해없음,승합,남,62세,경상
2016012200100364,2016년 1월 22일 16시,금요일,강원도 원주시 명륜동,부상신고사고,0,0,0,1,차대사람 - 보도통행중,안전운전불이행,건조,맑음,기타 - 기타,승용,남,41세,상해없음,보행자,남,49세,부상신고
2016012200100393,2016년 1월 22일 17시,금요일,강원도 강릉시 사천면,중상사고,0,1,0,0,차대사람 - 횡단중,안전운전불이행,건조,맑음,단일로 - 기타,승용,남,56세,상해없음,보행자,여,80세,중상
2016012200100433,2016년 1월 22일 18시,금요일,강원도 춘천시 후평동,경상사고,0,0,1,0,차대사람 - 기타,기타,건조,맑음,단일로 - 기타,승합,남,49세,상해없음,보행자,남,60세,경상
2016012200100434,2016년 1월 22일 18시,금요일,강원도 강릉시 노암동,중상사고,0,1,3,0,차대차 - 추돌,안전운전불이행,건조,맑음,교차로 - 교차로부근,승합,남,25세,상해없음,승합,남,61세,중상
2016012200100435,2016년 1월 22일 18시,금요일,강원도 원주시 명륜동,경상사고,0,0,1,0,차대차 - 추돌,안전운전불이행,건조,맑음,교차로 - 교차로부근,승용,남,50세,상해없음,승용,여,43세,경상
2016012200100436,2016년 1월 22일 18시,금요일,강원도 원주시 신림면,중상사고,0,1,0,0,차대차 - 기타,안전운전불이행,건조,맑음,단일로 - 기타,화물,남,64세,상해없음,원동기,남,62세,중상
2016012200100482,2016년 1월 22일 19시,금요일,강원도 원주시 명륜동,경상사고,0,0,1,0,차대사람 - 횡단중,안전운전불이행,건조,맑음,교차로 - 교차로부근,승용,남,55세,상해없음,보행자,남,18세,경상
2016012200100483,2016년 1월 22일 19시,금요일,강원도 횡성군 횡성읍,경상사고,0,0,1,0,차대차 - 측면직각충돌,안전운전불이행,건조,맑음,교차로 - 교차로안,화물,남,72세,상해없음,승용,남,29세,경상
2016012200100512,2016년 1월 22일 20시,금요일,강원도 속초시 조양동,경상사고,0,0,4,0,차대차 - 측면충돌,신호위반,건조,맑음,교차로 - 교차로안,이륜,남,16세,상해없음,승용,남,37세,경상
2016012200100567,2016년 1월 22일 22시,금요일,강원도 강릉시 입암동,중상사고,0,1,2,0,차대차 - 측면직각충돌,안전운전불이행,건조,맑음,교차로 - 교차로안,승용,여,25세,경상,승용,여,51세,중상
2016012200100610,2016년 1월 22일 23시,금요일,강원도 동해시 발한동,경상사고,0,0,1,0,차대사람 - 횡단중,안전운전불이행,건조,맑음,단일로 - 기타,화물,남,57세,상해없음,보행자,남,38세,경상
2016012300100019,2016년 1월 23일 00시,토요일,강원도 춘천시 소양로1가,경상사고,0,0,1,0,차대사람 - 기타,안전운전불이행,건조,맑음,단일로 - 기타,승용,기타불명,기타불명,기타불명,보행자,남,21세,경상
2016012300100020,2016년 1월 23일 00시,토요일,강원도 원주시 단구동,경상사고,0,0,2,0,차대차 - 추돌,교차로운행방법위반,건조,맑음,교차로 - 교차로안,화물,남,32세,상해없음,승용,남,49세,경상
2016012300100045,2016년 1월 23일 01시,토요일,강원도 양양군 손양면,중상사고,0,1,0,0,차량단독 - 전도전복,안전운전불이행,건조,맑음,단일로 - 기타,승용,남,26세,상해없음,,,,
2016012300100128,2016년 1월 23일 09시,토요일,강원도 원주시 관설동,중상사고,0,1,0,0,차대차 - 측면충돌,안전운전불이행,건조,맑음,교차로 - 교차로부근,승용,남,52세,상해없음,자전거,남,74세,중상
2016012300100143,2016년 1월 23일 10시,토요일,강원도 원주시 개운동,경상사고,0,0,4,0,차대차 - 측면충돌,직진우회전진행방해,건조,맑음,교차로 - 교차로안,승용,여,40세,경상,화물,남,56세,경상
2016012300100144,2016년 1월 23일 10시,토요일,강원도 원주시 문막읍,중상사고,0,1,0,0,차대차 - 추돌,안전운전불이행,건조,맑음,교차로 - 교차로안,건설기계,남,50세,상해없음,승용,남,50세,중상
2016012300100145,2016년 1월 23일 10시,토요일,강원도 원주시 우산동,중상사고,0,2,0,0,차대차 - 추돌,안전운전불이행,건조,맑음,교차로 - 교차로안,승용,남,53세,상해없음,승용,남,51세,중상
2016012300100194,2016년 1월 23일 12시,토요일,강원도 속초시 조양동,경상사고,0,0,4,0,차대차 - 추돌,안전운전불이행,건조,맑음,교차로 - 교차로부근,화물,남,43세,상해없음,승합,남,49세,경상
2016012300100219,2016년 1월 23일 13시,토요일,강원도 횡성군 둔내면,중상사고,0,1,0,0,차대차 - 정면충돌,중앙선침범,건조,맑음,단일로 - 기타,승용,남,38세,상해없음,화물,남,31세,중상
2016012300100244,2016년 1월 23일 14시,토요일,강원도 춘천시 퇴계동,경상사고,0,0,3,0,차대차 - 정면충돌,신호위반,건조,맑음,교차로 - 교차로안,승용,남,56세,상해없음,승용,남,52세,경상
2016012300100245,2016년 1월 23일 14시,토요일,강원도 춘천시 석사동,경상사고,0,0,2,0,차대차 - 기타,안전운전불이행,건조,맑음,단일로 - 기타,승용,남,48세,상해없음,승용,남,48세,경상
2016012300100246,2016년 1월 23일 14시,토요일,강원도 원주시 단계동,경상사고,0,0,1,0,차대차 - 측면충돌,직진우회전진행방해,건조,맑음,교차로 - 교차로안,승용,남,52세,상해없음,이륜,남,31세,경상