사고번호,사고일시,요일,시군구,사고내용,사망자수,중상자수,경상자수,부상신고자수,사고유형,법규위반,노면상태,기상상태,도로형태,가해운전자 차종,가해운전자 성별,가해운전자 연령,가해운전자 상해정도,피해운전자 차종,피해운전자 성별,피해운전자 연령,피해운전자 상해정도
2016020400100400,2016년 2월 4일 15시,목요일,강원도 정선군 사북읍,경상사고,0,0,1,0,차대차 - 정면충돌,교차로운행방법위반,건조,맑음,교차로 - 교차로안,승용,남,28세,상해없음,승용,남,49세,경상
2016020400100438,2016년 2월 4일 16시,목요일,강원도 춘천시 약사동,경상사고,0,0,1,0,차대차 - 측면직각충돌,직진우회전진행방해,건조,맑음,교차로 - 교차로안,승용,여,58세,상해없음,승용,여,55세,경상
2016020400100439,2016년 2월 4일 16시,목요일,강원도 원주시 태장동,경상사고,0,0,1,0,차대차 - 추돌,안전거리미확보,건조,맑음,단일로 - 기타,승용,여,51세,상해없음,승용,남,42세,경상
2016020400100477,2016년 2월 4일 17시,목요일,강원도 춘천시 효자동,경상사고,0,0,1,0,차대차 - 측면직각충돌,안전운전불이행,건조,맑음,단일로 - 기타,승합,남,30세,상해없음,원동기,남,40세,경상
2016020400100513,2016년 2월 4일 18시,목요일,강원도 원주시 일산동,경상사고,0,0,1,0,차대사람 - 기타,안전운전불이행,건조,맑음,단일로 - 기타,승용,남,53세,상해없음,보행자,남,48세,경상
2016020400100514,2016년 2월 4일 18시,목요일,강원도 철원군 서면,경상사고,0,0,2,0,차대차 - 정면충돌,안전운전불이행,건조,맑음,기타 - 기타,승용,여,44세,경상,승용,남,55세,경상
2016020400100558,2016년 2월 4일 19시,목요일,강원도 원주시 명륜동,경상사고,0,0,1,0,차대차 - 추돌,안전거리미확보,건조,맑음,교차로 - 교차로안,승용,남,65세,상해없음,승용,여,24세,경상
2016020400100676,2016년 2월 4일 23시,목요일,강원도 춘천시 요선동,중상사고,0,1,0,0,차대사람 - 횡단중,안전운전불이행,건조,맑음,교차로 - 교차로안,승용,여,70세,상해없음,보행자,여,28세,중상
2016020500100056,2016년 2월 5일 04시,금요일,강원도 원주시 무실동,경상사고,0,0,4,0,차대차 - 추돌,안전거리미확보,건조,맑음,단일로 - 기타,승용,남,31세,경상,화물,남,38세,경상
2016020500100083,2016년 2월 5일 06시,금요일,강원도 홍천군 북방면,중상사고,0,1,0,0,차대사람 - 횡단중,신호위반,건조,맑음,교차로 - 교차로안,승용,남,49세,상해없음,보행자,여,47세,중상
2016020500100098,2016년 2월 5일 07시,금요일,강원도 강릉시 강동면,경상사고,0,0,1,0,차대차 - 측면직각충돌,신호위반,건조,맑음,교차로 - 교차로안,승용,남,73세,상해없음,승용,남,33세,경상
2016020500100099,2016년 2월 5일 07시,금요일,강원도 속초시 조양동,경상사고,0,0,1,0,차대차 - 추돌,안전운전불이행,건조,맑음,교차로 - 교차로부근,승합,남,56세,상해없음,승용,남,43세,경상
2016020500100142,2016년 2월 5일 08시,금요일,강원도 원주시 단구동,경상사고,0,0,1,0,차대차 - 기타,안전운전불이행,건조,맑음,단일로 - 기타,승용,남,46세,상해없음,이륜,남,40세,경상
2016020500100178,2016년 2월 5일 09시,금요일,강원도 강릉시 연곡면,경상사고,0,0,1,0,차대차 - 추돌,안전운전불이행,건조,맑음,단일로 - 기타,승용,여,56세,상해없음,승용,여,57세,경상
2016020500100230,2016년 2월 5일 11시,금요일,강원도 태백시 황지동,부상신고사고,0,0,0,1,차대차 - 추돌,차로위반,건조,맑음,단일로 - 기타,승용,남,67세,상해없음,화물,남,63세,상해없음
2016020500100293,2016년 2월 5일 13시,금요일,강원도 춘천시 신북읍,경상사고,0,0,2,0,차대차 - 측면직각충돌,교차로운행방법위반,건조,맑음,교차로 - 교차로안,승용,여,53세,상해없음,승용,여,51세,경상
2016020500100331,2016년 2월 5일 14시,금요일,강원도 삼척시 도계읍,경상사고,0,0,1,0,차량단독 - 전도전복,안전운전불이행,건조,맑음,단일로 - 기타,이륜,남,71세,경상,,,,
2016020500100381,2016년 2월 5일 15시,금요일,강원도 춘천시 후평동,경상사고,0,0,1,0,차대사람 - 횡단중,보행자보호의무위반,건조,맑음,단일로 - 횡단보도상,승용,남,27세,상해없음,보행자,여,17세,경상
2016020500100382,2016년 2월 5일 15시,금요일,강원도 강릉시 포남동,경상사고,0,0,2,0,차대차 - 측면직각충돌,안전운전불이행,건조,맑음,교차로 - 교차로안,승용,여,52세,상해없음,승용,남,63세,경상
2016020500100383,2016년 2월 5일 15시,금요일,강원도 삼척시 정상동,경상사고,0,0,3,0,차대차 - 추돌,안전거리미확보,건조,맑음,교차로 - 교차로부근,건설기계,남,61세,상해없음,승용,남,68세,경상
2016020500100425,2016년 2월 5일 16시,금요일,강원도 춘천시 우두동,경상사고,0,0,1,0,차대차 - 정면충돌,차로위반,건조,맑음,단일로 - 기타,승용,남,35세,상해없음,승용,여,40세,경상
2016020500100499,2016년 2월 5일 18시,금요일,강원도 춘천시 석사동,경상사고,0,0,1,0,차대사람 - 기타,안전운전불이행,건조,맑음,단일로 - 기타,이륜,남,20세,상해없음,보행자,여,63세,경상
2016020500100500,2016년 2월 5일 18시,금요일,강원도 원주시 지정면,중상사고,0,5,1,0,차대차 - 추돌,안전거리미확보,건조,맑음,단일로 - 기타,승용,남,70세,상해없음,승용,여,43세,중상
2016020500100501,2016년 2월 5일 18시,금요일,강원도 원주시 명륜동,경상사고,0,0,1,0,차대차 - 측면직각충돌,안전운전불이행,건조,맑음,교차로 - 교차로부근,승용,남,61세,상해없음,승용,남,34세,경상
2016020500100607,2016년 2월 5일 21시,금요일,강원도 인제군 북면,중상사고,0,1,0,0,차대차 - 추돌,안전운전불이행,건조,맑음,교차로 - 교차로부근,승용,남,31세,상해없음,승용,남,25세,중상
2016020600100045,2016년 2월 6일 01시,토요일,강원도 원주시 학성동,경상사고,0,0,1,0,차대차 - 추돌,안전운전불이행,건조,맑음,교차로 - 교차로부근,승용,남,19세,상해없음,승용,여,25세,경상
2016020600100074,2016년 2월 6일 03시,토요일,강원도 춘천시 후평동,경상사고,0,0,1,0,차대차 - 정면충돌,안전운전불이행,건조,맑음,단일로 - 기타,승용,남,28세,기타불명,승용,여,55세,경상
2016020600100147,2016년 2월 6일 08시,토요일,강원도 횡성군 둔내면,경상사고,0,0,3,0,차대차 - 측면직각충돌,차로위반,건조,맑음,단일로 - 기타,승합,남,47세,상해없음,승용,남,45세,경상
2016020600100163,2016년 2월 6일 09시,토요일,강원도 인제군 기린면,경상사고,0,0,1,0,차대차 - 측면충돌,안전운전불이행,건조,맑음,교차로 - 교차로안,승용,남,31세,상해없음,승용,남,41세,경상
2016020600100181,2016년 2월 6일 10시,토요일,강원도 속초시 교동,경상사고,0,0,1,0,차대사람 - 횡단중,신호위반,적설,눈,단일로 - 횡단보도상,화물,남,30세,상해없음,보행자,여,53세,경상
2016020600100205,2016년 2월 6일 11시,토요일,강원도 속초시 조양동,경상사고,0,0,1,0,차대차 - 측면충돌,신호위반,적설,눈,교차로 - 교차로안,승용,여,61세,상해없음,승용,여,38세,경상
2016020600100206,2016년 2월 6일 11시,토요일,강원도 삼척시 도계읍,경상사고,0,0,1,0,차대차 - 정면충돌,중앙선침범,건조,맑음,단일로 - 기타,승용,남,52세,상해없음,승용,남,60세,경상
2016020600100207,2016년 2월 6일 11시,토요일,강원도 동해시 천곡동,경상사고,0,0,1,0,차대차 - 측면직각충돌,안전운전불이행,건조,맑음,단일로 - 기타,승용,여,38세,상해없음,승용,남,58세,경상
2016020600100234,2016년 2월 6일 12시,토요일,강원도 강릉시 주문진읍,경상사고,0,0,1,0,차대차 - 기타,안전운전불이행,적설,눈,단일로 - 기타,화물,남,53세,상해없음,화물,남,54세,경상
2016020600100235,2016년 2월 6일 12시,토요일,강원도 동해시 효가동,경상사고,0,0,1,0,차대차 - 추돌,안전거리미확보,습기,맑음,교차로 - 교차로부근,승용,남,30세,상해없음,승용,남,75세,상해없음
2016020600100268,2016년 2월 6일 13시,토요일,강원도 삼척시 도계읍,경상사고,0,0,1,0,차대차 - 측면충돌,안전운전불이행,건조,맑음,단일로 - 기타,이륜,남,68세,경상,승용,남,39세,상해없음
2016020600100269,2016년 2월 6일 13시,토요일,강원도 동해시 천곡동,경상사고,0,0,1,0,차대사람 - 기타,안전운전불이행,적설,눈,단일로 - 기타,승용,여,49세,상해없음,보행자,여,64세,경상
2016020600100299,2016년 2월 6일 14시,토요일,강원도 춘천시 온의동,경상사고,0,0,1,0,차대차 - 측면직각충돌,직진우회전진행방해,건조,맑음,교차로 - 교차로안,승용,남,71세,상해없음,승용,남,58세,경상
2016020600100300,2016년 2월 6일 14시,토요일,강원도 강릉시 교동,경상사고,0,0,2,0,차대차 - 추돌,안전운전불이행,적설,눈,단일로 - 기타,승용,여,41세,상해없음,승용,남,32세,경상
2016020600100301,2016년 2월 6일 14시,토요일,강원도 삼척시 신기면,경상사고,0,0,1,0,차량단독 - 공작물충돌,안전운전불이행,결빙,눈,단일로 - 기타,승용,남,51세,상해없음,,,,
2016020600100302,2016년 2월 6일 14시,토요일,강원도 동해시 천곡동,경상사고,0,0,2,0,차대차 - 측면직각충돌,안전거리미확보,결빙,눈,단일로 - 기타,화물,남,59세,상해없음,승용,여,46세,경상
2016020600100303,2016년 2월 6일 14시,토요일,강원도 강릉시 성산면,경상사고,0,0,2,0,차대차 - 측면충돌,안전운전불이행,적설,눈,단일로 - 기타,승용,남,33세,상해없음,승용,남,53세,경상
2016020600100333,2016년 2월 6일 15시,토요일,강원도 정선군 정선읍,중상사고,0,1,3,0,차대차 - 정면충돌,중앙선침범,건조,흐림,단일로 - 기타,승용,남,29세,상해없음,승용,남,50세,경상
2016020600100370,2016년 2월 6일 16시,토요일,강원도 원주시 문막읍,중상사고,0,1,0,0,차대차 - 정면충돌,안전운전불이행,건조,흐림,기타 - 기타,승용,남,56세,상해없음,승용,여,36세,중상
2016020600100371,2016년 2월 6일 16시,토요일,강원도 영월군 영월읍,부상신고사고,0,0,0,1,차대사람 - 횡단중,보행자보호의무위반,건조,맑음,단일로 - 횡단보도상,승용,남,33세,상해없음,보행자,남,5세,부상신고
2016020600100372,2016년 2월 6일 16시,토요일,강원도 철원군 동송읍,경상사고,0,0,1,0,차대사람 - 길가장자리구역통행중,안전운전불이행,건조,맑음,단일로 - 기타,승용,남,32세,상해없음,보행자,남,6세,경상
2016020600100402,2016년 2월 6일 17시,토요일,강원도 동해시 발한동,중상사고,0,1,4,0,차대차 - 추돌,안전거리미확보,적설,눈,단일로 - 기타,승용,남,23세,상해없음,승용,남,33세,경상
2016020600100433,2016년 2월 6일 18시,토요일,강원도 강릉시 홍제동,경상사고,0,0,1,0,차대차 - 추돌,안전운전불이행,적설,눈,교차로 - 교차로안,승용,남,25세,상해없음,승용,남,38세,경상
2016020600100434,2016년 2월 6일 18시,토요일,강원도 속초시 교동,경상사고,0,0,6,0,차대차 - 추돌,안전운전불이행,결빙,눈,교차로 - 교차로부근,승용,남,48세,상해없음,승용,남,60세,경상
2016020600100435,2016년 2월 6일 18시,토요일,강원도 정선군 고한읍,부상신고사고,0,0,0,1,차대사람 - 횡단중,안전운전불이행,적설,눈,단일로 - 기타,승용,남,54세,상해없음,보행자,남,14세,부상신고
2016020600100466,2016년 2월 6일 19시,토요일,강원도 춘천시 온의동,경상사고,0,0,1,0,차대사람 - 횡단중,안전운전불이행,건조,맑음,단일로 - 기타,승용,남,50세,상해없음,보행자,여,51세,경상
2016020600100467,2016년 2월 6일 19시,토요일,강원도 춘천시 석사동,경상사고,0,0,1,0,차대차 - 측면직각충돌,교차로운행방법위반,건조,맑음,교차로 - 교차로안,승용,남,53세,상해없음,자전거,남,51세,경상
2016020600100468,2016년 2월 6일 19시,토요일,강원도 강릉시 포남동,경상사고,0,0,2,0,차대사람 - 기타,교차로운행방법위반,습기,흐림,교차로 - 교차로부근,승용,남,41세,상해없음,보행자,여,26세,경상
2016020600100496,2016년 2월 6일 20시,토요일,강원도 강릉시 강동면,경상사고,0,0,3,0,차대차 - 정면충돌,안전운전불이행,적설,눈,단일로 - 기타,승용,남,50세,경상,승용,남,27세,경상
2016020600100497,2016년 2월 6일 20시,토요일,강원도 원주시 명륜동,경상사고,0,0,1,5,차대차 - 측면충돌,신호위반,건조,맑음,교차로 - 교차로안,승용,남,26세,상해없음,승용,남,65세,경상
2016020600100498,2016년 2월 6일 20시,토요일,강원도 동해시 발한동,경상사고,0,0,1,0,차대차 - 측면직각충돌,안전운전불이행,적설,눈,단일로 - 기타,승용,남,55세,상해없음,승합,남,47세,상해없음
2016020600100527,2016년 2월 6일 21시,토요일,강원도 춘천시 동내면,경상사고,0,0,1,0,차대차 - 측면직각충돌,교차로운행방법위반,건조,맑음,교차로 - 교차로안,승용,남,53세,상해없음,승합,남,25세,경상
2016020600100564,2016년 2월 6일 23시,토요일,강원도 강릉시 구정면,경상사고,0,0,3,0,차대차 - 측면충돌,차로위반,습기,눈,단일로 - 기타,승용,남,50세,상해없음,승합,남,43세,상해없음
2016020700100006,2016년 2월 7일 00시,일요일,강원도 강릉시 교동,경상사고,0,0,3,0,차대차 - 추돌,차로위반,습기,흐림,단일로 - 기타,승용,남,61세,상해없음,승용,여,27세,경상
2016020700100020,2016년 2월 7일 01시,일요일,강원도 홍천군 홍천읍,경상사고,0,0,1,0,차대차 - 기타,안전운전불이행,건조,맑음,단일로 - 기타,승용,남,51세,상해없음,승용,여,54세,경상
2016020700100021,2016년 2월 7일 01시,일요일,강원도 태백시 황지동,중상사고,0,1,0,0,차대차 - 정면충돌,중앙선침범,적설,눈,단일로 - 기타,승용,여,23세,상해없음,화물,남,35세,중상
2016020700100101,2016년 2월 7일 07시,일요일,강원도 원주시 반곡동,경상사고,0,0,1,0,차대차 - 정면충돌,차로위반,건조,맑음,기타 - 기타,승용,남,54세,상해없음,승용,남,31세,경상
2016020700100126,2016년 2월 7일 09시,일요일,강원도 원주시 명륜동,경상사고,0,0,3,0,차대차 - 추돌,안전거리미확보,건조,맑음,교차로 - 교차로부근,화물,남,22세,상해없음,승용,남,55세,경상
2016020700100151,2016년 2월 7일 10시,일요일,강원도 춘천시 북산면,경상사고,0,0,3,0,차대차 - 측면충돌,안전운전불이행,건조,맑음,단일로 - 기타,승용,남,47세,상해없음,승용,남,37세,경상
2016020700100152,2016년 2월 7일 10시,일요일,강원도 화천군 사내면,부상신고사고,0,0,0,1,차대사람 - 횡단중,안전운전불이행,건조,맑음,단일로 - 기타,승용,남,63세,상해없음,보행자,남,5세,부상신고
2016020700100153,2016년 2월 7일 10시,일요일,강원도 동해시 발한동,경상사고,0,0,1,0,차대차 - 추돌,안전거리미확보,결빙,맑음,단일로 - 기타,승용,남,61세,상해없음,승용,남,65세,경상
2016020700100173,2016년 2월 7일 11시,일요일,강원도 태백시 황지동,경상사고,0,0,2,0,차대차 - 기타,안전거리미확보,건조,맑음,교차로 - 교차로안,승용,남,40세,상해없음,승용,남,31세,상해없음
2016020700100199,2016년 2월 7일 12시,일요일,강원도 강릉시 사천면,경상사고,0,0,2,0,차대차 - 정면충돌,안전운전불이행,건조,맑음,단일로 - 기타,승용,남,34세,상해없음,승용,남,46세,경상
2016020700100224,2016년 2월 7일 13시,일요일,강원도 원주시 반곡동,경상사고,0,0,2,0,차대차 - 정면충돌,안전운전불이행,건조,맑음,교차로 - 교차로부근,승용,남,54세,상해없음,승용,남,56세,경상
2016020700100225,2016년 2월 7일 13시,일요일,강원도 속초시 중앙동,경상사고,0,0,1,0,차대사람 - 기타,안전운전불이행,습기,맑음,단일로 - 기타,승용,남,55세,상해없음,보행자,여,54세,경상
2016020700100226,2016년 2월 7일 13시,일요일,강원도 삼척시 원덕읍,경상사고,0,0,1,0,차량단독 - 공작물충돌,안전운전불이행,적설,눈,단일로 - 기타,승용,남,53세,상해없음,,,,
2016020700100245,2016년 2월 7일 14시,일요일,강원도 화천군 사내면,중상사고,0,2,1,0,차대차 - 정면충돌,중앙선침범,건조,맑음,단일로 - 기타,화물,남,43세,경상,승합,남,74세,중상
2016020700100246,2016년 2월 7일 14시,일요일,강원도 평창군 봉평면,중상사고,0,1,0,0,차대사람 - 길가장자리구역통행중,안전운전불이행,건조,맑음,단일로 - 기타,화물,남,46세,상해없음,보행자,여,41세,중상
2016020700100271,2016년 2월 7일 15시,일요일,강원도 강릉시 금학동,중상사고,0,1,0,0,차대사람 - 기타,안전운전불이행,습기,흐림,단일로 - 기타,승용,남,69세,상해없음,보행자,여,81세,중상
2016020700100307,2016년 2월 7일 17시,일요일,강원도 춘천시 퇴계동,경상사고,0,0,2,0,차대차 - 측면직각충돌,신호위반,건조,맑음,교차로 - 교차로안,승용,남,68세,상해없음,승용,남,23세,경상
2016020700100346,2016년 2월 7일 19시,일요일,강원도 홍천군 홍천읍,중상사고,0,1,0,0,차대사람 - 길가장자리구역통행중,안전운전불이행,건조,맑음,단일로 - 기타,승용,남,52세,상해없음,보행자,여,53세,중상
2016020700100380,2016년 2월 7일 21시,일요일,강원도 강릉시 교동,경상사고,0,0,4,0,차대차 - 추돌,신호위반,건조,맑음,교차로 - 교차로안,승용,남,53세,상해없음,승용,남,28세,경상
2016020800100049,2016년 2월 8일 06시,월요일,강원도 원주시 단계동,경상사고,0,0,1,0,차대차 - 측면충돌,안전운전불이행,건조,맑음,교차로 - 교차로안,승용,남,61세,상해없음,승용,남,40세,경상
2016020800100106,2016년 2월 8일 11시,월요일,강원도 춘천시 후평동,경상사고,0,0,1,0,차대차 - 측면충돌,신호위반,건조,맑음,교차로 - 교차로안,승용,남,59세,상해없음,이륜,남,57세,경상
2016020800100107,2016년 2월 8일 11시,월요일,강원도 강릉시 포남동,경상사고,0,0,1,0,차대차 - 측면충돌,신호위반,건조,흐림,교차로 - 교차로안,승용,남,60세,상해없음,승용,남,57세,경상
2016020800100131,2016년 2월 8일 12시,월요일,강원도 홍천군 화촌면,경상사고,0,0,1,0,차대차 - 측면직각충돌,안전거리미확보,건조,맑음,단일로 - 기타,승용,남,47세,상해없음,승용,여,52세,경상
2016020800100151,2016년 2월 8일 13시,월요일,강원도 원주시 일산동,경상사고,0,0,1,0,차대차 - 측면충돌,직진우회전진행방해,건조,맑음,교차로 - 교차로안,승용,남,51세,상해없음,자전거,남,39세,경상
2016020800100169,2016년 2월 8일 14시,월요일,강원도 속초시 교동,경상사고,0,0,1,0,차대차 - 기타,안전운전불이행,건조,맑음,교차로 - 교차로부근,승용,여,64세,상해없음,원동기,남,20세,경상
2016020800100190,2016년 2월 8일 15시,월요일,강원도 횡성군 공근면,중상사고,0,1,6,0,차대차 - 정면충돌,안전운전불이행,적설,눈,단일로 - 기타,승용,남,58세,경상,승용,남,40세,중상
2016020800100211,2016년 2월 8일 16시,월요일,강원도 춘천시 남면,경상사고,0,0,1,0,차량단독 - 도로외이탈 - 추락,기타,적설,맑음,단일로 - 기타,승용,남,38세,상해없음,,,,
2016020800100212,2016년 2월 8일 16시,월요일,강원도 평창군 대화면,경상사고,0,0,5,0,차대차 - 정면충돌,중앙선침범,적설,눈,단일로 - 기타,승용,남,30세,상해없음,승용,남,39세,경상
2016020800100213,2016년 2월 8일 16시,월요일,강원도 평창군 봉평면,중상사고,0,3,0,0,차량단독 - 전도전복,안전운전불이행,결빙,눈,단일로 - 기타,승용,남,44세,상해없음,,,,
2016020800100243,2016년 2월 8일 17시,월요일,강원도 삼척시 하장면,경상사고,0,0,2,0,차대차 - 측면직각충돌,안전운전불이행,적설,눈,단일로 - 기타,승용,남,43세,상해없음,승용,남,33세,경상
2016020800100244,2016년 2월 8일 17시,월요일,강원도 평창군 봉평면,경상사고,0,0,6,0,차대차 - 측면직각충돌,안전운전불이행,적설,눈,단일로 - 기타,승용,남,48세,경상,승용,남,40세,경상
2016020800100245,2016년 2월 8일 17시,월요일,강원도 횡성군 안흥면,중상사고,0,1,5,2,차대차 - 정면충돌,기타,적설,눈,단일로 - 기타,승용,남,53세,상해없음,승용,남,35세,경상
2016020800100246,2016년 2월 8일 17시,월요일,강원도 횡성군 횡성읍,경상사고,0,0,2,0,차대차 - 측면직각충돌,안전운전불이행,결빙,눈,단일로 - 기타,승용,남,33세,상해없음,승용,남,78세,경상
2016020800100247,2016년 2월 8일 17시,월요일,강원도 횡성군 횡성읍,경상사고,0,0,1,0,차대차 - 추돌,안전운전불이행,적설,눈,단일로 - 기타,승용,남,41세,상해없음,승용,남,78세,상해없음
2016020800100265,2016년 2월 8일 18시,월요일,강원도 춘천시 퇴계동,경상사고,0,0,4,0,차대차 - 추돌,안전운전불이행,건조,맑음,단일로 - 기타,승합,남,44세,상해없음,승용,남,44세,경상
2016020800100266,2016년 2월 8일 18시,월요일,강원도 원주시 단계동,경상사고,0,0,1,0,차대차 - 추돌,안전거리미확보,적설,눈,단일로 - 기타,승용,여,32세,상해없음,승용,남,18세,경상
2016020800100267,2016년 2월 8일 18시,월요일,강원도 홍천군 서면,중상사고,0,1,0,0,차대사람 - 차도통행중,중앙선침범,습기,맑음,단일로 - 기타,승용,남,69세,상해없음,보행자,여,45세,중상
2016020800100268,2016년 2월 8일 18시,월요일,강원도 정선군 정선읍,경상사고,0,0,4,0,차대차 - 추돌,안전운전불이행,결빙,눈,단일로 - 기타,승용,남,45세,상해없음,승용,남,33세,경상
2016020800100269,2016년 2월 8일 18시,월요일,강원도 횡성군 청일면,경상사고,0,0,2,0,차대차 - 추돌,안전운전불이행,적설,눈,단일로 - 기타,승용,남,45세,상해없음,승용,남,58세,경상
2016020800100295,2016년 2월 8일 19시,월요일,강원도 강릉시 교동,경상사고,0,0,4,0,차대차 - 정면충돌,신호위반,건조,맑음,교차로 - 교차로안,화물,남,61세,상해없음,승용,여,51세,경상
2016020800100337,2016년 2월 8일 21시,월요일,강원도 원주시 일산동,경상사고,0,0,1,0,차대차 - 추돌,안전운전불이행,습기,맑음,교차로 - 교차로부근,승용,남,37세,상해없음,승용,여,31세,경상
2016020800100359,2016년 2월 8일 22시,월요일,강원도 춘천시 중앙로2가,경상사고,0,0,1,0,차대사람 - 횡단중,보행자보호의무위반,습기,비,교차로 - 교차로안,승용,여,52세,상해없음,보행자,여,21세,경상
2016020800100376,2016년 2월 8일 23시,월요일,강원도 삼척시 남양동,경상사고,0,0,4,0,차대차 - 측면직각충돌,직진우회전진행방해,건조,맑음,교차로 - 교차로안,승용,남,48세,상해없음,승용,여,40세,경상
2016020900100007,2016년 2월 9일 00시,화요일,강원도 원주시 태장동,경상사고,0,0,1,0,차대사람 - 횡단중,안전운전불이행,건조,맑음,단일로 - 기타,승용,남,38세,상해없음,보행자,남,36세,경상
2016020900100008,2016년 2월 9일 00시,화요일,강원도 인제군 인제읍,중상사고,0,1,2,1,차대차 - 정면충돌,안전운전불이행,적설,눈,단일로 - 기타,승용,여,51세,상해없음,승합,남,54세,중상
2016020900100022,2016년 2월 9일 01시,화요일,강원도 강릉시 옥천동,경상사고,0,0,1,0,차대사람 - 기타,안전운전불이행,건조,흐림,단일로 - 기타,기타불명,기타불명,45세,기타불명,보행자,여,59세,경상
2016020900100030,2016년 2월 9일 02시,화요일,강원도 춘천시 효자동,중상사고,0,1,2,0,차대차 - 기타,안전운전불이행,건조,맑음,단일로 - 기타,승용,남,24세,상해없음,승용,남,71세,경상
2016020900100073,2016년 2월 9일 07시,화요일,강원도 정선군 사북읍,경상사고,0,0,4,0,차대차 - 측면직각충돌,안전운전불이행,적설,흐림,교차로 - 교차로안,승용,남,30세,상해없음,승용,남,28세,경상
2016020900100087,2016년 2월 9일 09시,화요일,강원도 인제군 남면,경상사고,0,0,2,0,차대차 - 추돌,안전운전불이행,건조,맑음,단일로 - 횡단보도부근,화물,남,44세,상해없음,승용,남,34세,경상
2016020900100088,2016년 2월 9일 09시,화요일,강원도 동해시 망상동,중상사고,0,2,2,0,차대차 - 추돌,안전거리미확보,결빙,눈,단일로 - 기타,승용,남,33세,상해없음,승용,남,69세,중상
2016020900100115,2016년 2월 9일 11시,화요일,강원도 강릉시 박월동,중상사고,0,1,2,0,차대차 - 추돌,안전운전불이행,건조,맑음,교차로 - 교차로부근,화물,여,59세,상해없음,승용,남,36세,경상
2016020900100116,2016년 2월 9일 11시,화요일,강원도 원주시 소초면,중상사고,0,2,0,0,차대차 - 측면충돌,기타,건조,맑음,단일로 - 기타,승용,남,23세,상해없음,승합,남,67세,중상
2016020900100153,2016년 2월 9일 13시,화요일,강원도 속초시 대포동,경상사고,0,0,1,0,차대차 - 측면충돌,안전운전불이행,습기,맑음,단일로 - 기타,승용,남,36세,상해없음,승용,남,44세,상해없음
2016020900100154,2016년 2월 9일 13시,화요일,강원도 정선군 신동읍,경상사고,0,0,10,0,차대차 - 추돌,안전운전불이행,건조,맑음,단일로 - 기타,승용,여,59세,경상,승합,남,54세,경상
2016020900100155,2016년 2월 9일 13시,화요일,강원도 동해시 효가동,경상사고,0,0,2,0,차대차 - 측면직각충돌,직진우회전진행방해,건조,맑음,교차로 - 교차로안,승용,남,45세,상해없음,승용,남,35세,경상
2016020900100181,2016년 2월 9일 14시,화요일,강원도 춘천시 효자동,중상사고,0,2,0,0,차대차 - 추돌,안전운전불이행,건조,맑음,단일로 - 기타,승용,남,40세,상해없음,승용,여,39세,중상
2016020900100182,2016년 2월 9일 14시,화요일,강원도 원주시 신림면,중상사고,0,2,2,0,차대차 - 측면충돌,안전운전불이행,건조,맑음,교차로 - 교차로부근,승용,남,38세,상해없음,승용,남,30세,중상
2016020900100203,2016년 2월 9일 15시,화요일,강원도 속초시 조양동,경상사고,0,0,2,0,차대차 - 측면직각충돌,안전거리미확보,건조,맑음,교차로 - 교차로안,승용,남,32세,상해없음,승합,남,42세,상해없음
2016020900100204,2016년 2월 9일 15시,화요일,강원도 평창군 대관령면,중상사고,0,1,3,0,차대차 - 측면충돌,안전운전불이행,습기,맑음,교차로 - 교차로안,승용,여,47세,상해없음,승용,남,41세,중상
2016020900100205,2016년 2월 9일 15시,화요일,강원도 정선군 고한읍,중상사고,0,2,0,0,차대차 - 기타,안전거리미확보,건조,맑음,단일로 - 기타,승용,남,39세,상해없음,승합,남,59세,중상
2016020900100228,2016년 2월 9일 16시,화요일,강원도 춘천시 중앙로2가,경상사고,0,0,3,1,차대차 - 기타,교차로운행방법위반,건조,맑음,교차로 - 교차로부근,화물,남,70세,상해없음,승용,남,49세,경상
2016020900100277,2016년 2월 9일 18시,화요일,강원도 속초시 청호동,경상사고,0,0,2,0,차대차 - 추돌,안전운전불이행,건조,맑음,단일로 - 기타,승용,남,72세,상해없음,승용,남,35세,경상
2016020900100328,2016년 2월 9일 20시,화요일,강원도 속초시 교동,경상사고,0,0,1,0,차대차 - 측면직각충돌,안전운전불이행,건조,맑음,단일로 - 기타,승용,남,35세,상해없음,이륜,남,19세,경상
2016020900100329,2016년 2월 9일 20시,화요일,강원도 정선군 사북읍,경상사고,0,0,1,0,차대사람 - 횡단중,안전운전불이행,건조,맑음,단일로 - 기타,승합,남,56세,상해없음,보행자,남,27세,경상
2016020900100352,2016년 2월 9일 21시,화요일,강원도 평창군 봉평면,중상사고,0,1,2,0,차대차 - 기타,안전운전불이행,건조,맑음,단일로 - 기타,승용,남,50세,상해없음,승용,여,52세,중상
2016020900100372,2016년 2월 9일 22시,화요일,강원도 원주시 명륜동,경상사고,0,0,1,0,차대차 - 추돌,안전거리미확보,건조,맑음,교차로 - 교차로부근,승용,여,22세,상해없음,이륜,남,26세,경상
2016020900100373,2016년 2월 9일 22시,화요일,강원도 홍천군 서면,경상사고,0,0,1,0,차대차 - 측면직각충돌,차로위반,건조,맑음,단일로 - 기타,승용,남,32세,상해없음,승용,남,23세,경상
2016021000100005,2016년 2월 10일 00시,수요일,강원도 강릉시 포남동,경상사고,0,0,1,0,차대차 - 추돌,안전운전불이행,건조,맑음,단일로 - 기타,승용,남,51세,상해없음,승용,남,46세,경상
2016021000100006,2016년 2월 10일 00시,수요일,강원도 강릉시 포남동,경상사고,0,0,2,0,차대차 - 추돌,안전운전불이행,건조,맑음,교차로 - 교차로부근,화물,남,59세,상해없음,승용,여,36세,경상