사고번호,사고일시,요일,시군구,사고내용,사망자수,중상자수,경상자수,부상신고자수,사고유형,법규위반,노면상태,기상상태,도로형태,가해운전자 차종,가해운전자 성별,가해운전자 연령,가해운전자 상해정도,피해운전자 차종,피해운전자 성별,피해운전자 연령,피해운전자 상해정도
2016021000100023,2016년 2월 10일 01시,수요일,강원도 원주시 우산동,중상사고,0,1,0,0,차량단독 - 전도전복,안전운전불이행,건조,흐림,교차로 - 교차로안,승용,남,27세,중상,,,,
2016021000100051,2016년 2월 10일 04시,수요일,강원도 원주시 귀래면,경상사고,0,0,5,0,차량단독 - 전도전복,안전운전불이행,결빙,눈,단일로 - 기타,승용,남,23세,상해없음,,,,
2016021000100072,2016년 2월 10일 07시,수요일,강원도 동해시 천곡동,경상사고,0,0,1,0,차대사람 - 횡단중,안전운전불이행,건조,맑음,교차로 - 교차로안,승용,남,70세,상해없음,보행자,남,22세,경상
2016021000100096,2016년 2월 10일 10시,수요일,강원도 속초시 영랑동,경상사고,0,0,2,0,차대차 - 측면충돌,안전운전불이행,건조,맑음,교차로 - 교차로안,승용,남,64세,상해없음,승용,남,55세,경상
2016021000100097,2016년 2월 10일 10시,수요일,강원도 정선군 정선읍,경상사고,0,0,1,0,차대차 - 측면충돌,중앙선침범,건조,맑음,단일로 - 기타,승용,여,54세,상해없음,승용,남,48세,경상
2016021000100111,2016년 2월 10일 11시,수요일,강원도 영월군 영월읍,경상사고,0,0,1,0,차대사람 - 기타,교차로운행방법위반,건조,맑음,교차로 - 교차로안,승용,여,52세,상해없음,보행자,남,29세,경상
2016021000100137,2016년 2월 10일 12시,수요일,강원도 춘천시 후평동,중상사고,0,2,0,0,차대차 - 측면직각충돌,교차로운행방법위반,건조,맑음,교차로 - 교차로안,승용,여,62세,상해없음,승용,여,43세,중상
2016021000100138,2016년 2월 10일 12시,수요일,강원도 춘천시 후평동,경상사고,0,0,1,0,차대차 - 추돌,안전운전불이행,건조,맑음,교차로 - 교차로부근,승합,남,53세,상해없음,승용,남,56세,경상
2016021000100139,2016년 2월 10일 12시,수요일,강원도 양양군 강현면,경상사고,0,0,1,0,차량단독 - 전도전복,안전운전불이행,건조,맑음,교차로 - 교차로안,승용,남,69세,상해없음,,,,
2016021000100166,2016년 2월 10일 13시,수요일,강원도 원주시 태장동,경상사고,0,0,1,0,차대차 - 측면충돌,교차로운행방법위반,건조,맑음,교차로 - 교차로안,승용,남,60세,상해없음,이륜,남,52세,경상
2016021000100194,2016년 2월 10일 14시,수요일,강원도 고성군 간성읍,경상사고,0,0,3,0,차대차 - 정면충돌,중앙선침범,건조,맑음,기타 - 기타,승용,남,53세,상해없음,승용,남,64세,경상
2016021000100221,2016년 2월 10일 15시,수요일,강원도 춘천시 효자동,중상사고,0,1,0,0,차대사람 - 횡단중,안전운전불이행,건조,맑음,단일로 - 기타,승용,여,44세,상해없음,보행자,남,51세,중상
2016021000100253,2016년 2월 10일 16시,수요일,강원도 홍천군 북방면,경상사고,0,0,1,0,차대차 - 측면직각충돌,안전운전불이행,건조,맑음,교차로 - 교차로안,승용,남,66세,상해없음,승용,남,47세,경상
2016021000100308,2016년 2월 10일 18시,수요일,강원도 강릉시 송정동,경상사고,0,0,4,0,차대차 - 추돌,중앙선침범,건조,맑음,교차로 - 교차로안,승용,여,60세,상해없음,승용,여,57세,경상
2016021000100363,2016년 2월 10일 20시,수요일,강원도 원주시 호저면,경상사고,0,0,2,0,차대차 - 정면충돌,안전운전불이행,건조,맑음,교차로 - 교차로부근,승용,여,63세,상해없음,승용,여,49세,경상
2016021000100386,2016년 2월 10일 21시,수요일,강원도 춘천시 퇴계동,경상사고,0,0,1,0,차대차 - 정면충돌,안전운전불이행,건조,맑음,단일로 - 기타,승용,여,44세,상해없음,이륜,남,72세,경상
2016021000100387,2016년 2월 10일 21시,수요일,강원도 원주시 단계동,중상사고,0,1,0,0,차대사람 - 횡단중,보행자보호의무위반,건조,맑음,교차로 - 교차로부근,승용,남,53세,상해없음,보행자,남,57세,중상
2016021000100408,2016년 2월 10일 22시,수요일,강원도 원주시 문막읍,경상사고,0,0,2,0,차대차 - 측면충돌,안전운전불이행,건조,맑음,단일로 - 기타,승용,여,62세,상해없음,승용,남,33세,경상
2016021000100409,2016년 2월 10일 22시,수요일,강원도 속초시 교동,중상사고,0,1,0,0,차량단독 - 기타,안전운전불이행,건조,맑음,교차로 - 교차로부근,승합,남,34세,상해없음,,,,
2016021000100410,2016년 2월 10일 22시,수요일,강원도 영월군 영월읍,경상사고,0,0,1,0,차대차 - 측면직각충돌,교차로운행방법위반,습기,맑음,교차로 - 교차로안,승용,남,57세,상해없음,승용,남,48세,상해없음
2016021000100411,2016년 2월 10일 22시,수요일,강원도 태백시 황지동,중상사고,0,1,0,0,차대사람 - 횡단중,안전운전불이행,건조,흐림,교차로 - 교차로안,승용,남,74세,상해없음,보행자,남,50세,중상
2016021100100030,2016년 2월 11일 03시,목요일,강원도 춘천시 교동,중상사고,0,1,0,0,차량단독 - 공작물충돌,안전운전불이행,건조,맑음,단일로 - 기타,승용,남,22세,중상,,,,
2016021100100087,2016년 2월 11일 08시,목요일,강원도 원주시 무실동,경상사고,0,0,1,0,차대차 - 측면직각충돌,안전운전불이행,건조,맑음,교차로 - 교차로안,승용,여,45세,상해없음,승용,여,40세,경상
2016021100100199,2016년 2월 11일 14시,목요일,강원도 춘천시 신북읍,중상사고,0,1,1,0,차대차 - 추돌,안전운전불이행,건조,맑음,단일로 - 기타,화물,남,59세,상해없음,화물,남,57세,경상
2016021100100200,2016년 2월 11일 14시,목요일,강원도 춘천시 우두동,경상사고,0,0,2,0,차대차 - 추돌,안전거리미확보,건조,맑음,교차로 - 교차로부근,승용,여,26세,상해없음,승용,여,40세,경상
2016021100100201,2016년 2월 11일 14시,목요일,강원도 강릉시 교동,경상사고,0,0,1,0,차대사람 - 길가장자리구역통행중,안전운전불이행,건조,맑음,단일로 - 기타,승용,남,62세,상해없음,보행자,여,76세,경상
2016021100100202,2016년 2월 11일 14시,목요일,강원도 강릉시 성산면,사망사고,2,0,0,0,차량단독 - 전도전복,안전운전불이행,건조,맑음,단일로 - 기타,화물,남,57세,상해없음,,,,
2016021100100228,2016년 2월 11일 15시,목요일,강원도 강릉시 주문진읍,경상사고,0,0,1,0,차대차 - 측면직각충돌,안전운전불이행,건조,맑음,교차로 - 교차로부근,승용,남,64세,상해없음,자전거,남,78세,경상
2016021100100229,2016년 2월 11일 15시,목요일,강원도 평창군 용평면,경상사고,0,0,4,0,차량단독 - 공작물충돌,안전운전불이행,건조,맑음,단일로 - 기타,승용,남,22세,경상,,,,
2016021100100308,2016년 2월 11일 18시,목요일,강원도 춘천시 후평동,경상사고,0,0,1,0,차대차 - 추돌,안전운전불이행,건조,맑음,단일로 - 기타,승합,남,73세,상해없음,승용,남,53세,경상
2016021100100309,2016년 2월 11일 18시,목요일,강원도 인제군 북면,중상사고,0,2,0,0,차대차 - 측면충돌,신호위반,건조,맑음,교차로 - 교차로안,승용,여,50세,상해없음,승용,남,24세,중상
2016021100100310,2016년 2월 11일 18시,목요일,강원도 동해시 용정동,경상사고,0,0,1,0,차대차 - 추돌,안전거리미확보,건조,맑음,단일로 - 기타,승용,남,49세,상해없음,승용,남,33세,경상
2016021100100311,2016년 2월 11일 18시,목요일,강원도 동해시 평릉동,경상사고,0,0,2,0,차대차 - 측면직각충돌,신호위반,건조,맑음,교차로 - 교차로안,승용,여,38세,상해없음,승용,여,26세,경상
2016021100100333,2016년 2월 11일 19시,목요일,강원도 동해시 나안동,중상사고,0,1,0,0,차대사람 - 횡단중,안전운전불이행,건조,맑음,단일로 - 기타,승용,남,71세,상해없음,보행자,남,69세,중상
2016021100100366,2016년 2월 11일 20시,목요일,강원도 원주시 우산동,경상사고,0,0,1,0,차대사람 - 횡단중,안전운전불이행,건조,맑음,단일로 - 기타,기타불명,기타불명,기타불명,기타불명,보행자,남,27세,경상
2016021100100405,2016년 2월 11일 22시,목요일,강원도 강릉시 노암동,경상사고,0,0,2,0,차대차 - 추돌,안전운전불이행,건조,맑음,단일로 - 교량,승용,남,56세,상해없음,승용,남,62세,경상
2016021100100434,2016년 2월 11일 23시,목요일,강원도 삼척시 도계읍,경상사고,0,0,1,0,차대차 - 측면직각충돌,안전운전불이행,건조,맑음,단일로 - 기타,승용,여,36세,경상,건설기계,남,61세,상해없음
2016021200100039,2016년 2월 12일 01시,금요일,강원도 강릉시 강문동,경상사고,0,0,1,0,차량단독 - 전도전복,안전운전불이행,습기,맑음,단일로 - 기타,승용,남,21세,상해없음,,,,
2016021200100084,2016년 2월 12일 05시,금요일,강원도 원주시 명륜동,경상사고,0,0,1,0,차대사람 - 횡단중,보행자보호의무위반,습기,비,단일로 - 횡단보도상,기타불명,기타불명,기타불명,기타불명,보행자,남,47세,경상
2016021200100222,2016년 2월 12일 12시,금요일,강원도 원주시 반곡동,중상사고,0,1,0,0,차대차 - 추돌,안전거리미확보,습기,비,교차로 - 교차로부근,승용,남,40세,상해없음,승용,남,50세,중상
2016021200100246,2016년 2월 12일 13시,금요일,강원도 강릉시 교동,경상사고,0,0,1,0,차대차 - 추돌,안전운전불이행,건조,맑음,교차로 - 교차로안,승용,남,68세,상해없음,승용,남,52세,경상
2016021200100274,2016년 2월 12일 14시,금요일,강원도 춘천시 온의동,경상사고,0,0,2,0,차대차 - 측면직각충돌,안전운전불이행,습기,비,교차로 - 교차로부근,승용,남,26세,상해없음,승용,여,58세,경상
2016021200100275,2016년 2월 12일 14시,금요일,강원도 원주시 반곡동,경상사고,0,0,1,0,차대차 - 추돌,안전거리미확보,건조,맑음,단일로 - 기타,승용,여,49세,상해없음,승용,여,50세,경상
2016021200100295,2016년 2월 12일 15시,금요일,강원도 철원군 동송읍,경상사고,0,0,1,0,차대차 - 측면직각충돌,안전운전불이행,건조,맑음,단일로 - 기타,이륜,남,48세,상해없음,승용,남,67세,경상
2016021200100362,2016년 2월 12일 18시,금요일,강원도 태백시 황지동,경상사고,0,0,1,1,차대차 - 측면충돌,교차로운행방법위반,습기,비,교차로 - 교차로안,승용,남,28세,부상신고,승용,남,42세,경상
2016021200100363,2016년 2월 12일 18시,금요일,강원도 동해시 대구동,경상사고,0,0,2,0,차대차 - 측면직각충돌,교차로운행방법위반,건조,맑음,교차로 - 교차로안,건설기계,남,49세,상해없음,승용,여,25세,경상
2016021200100466,2016년 2월 12일 20시,금요일,강원도 속초시 조양동,경상사고,0,0,1,0,차대사람 - 보도통행중,안전운전불이행,건조,맑음,단일로 - 기타,기타불명,기타불명,기타불명,기타불명,보행자,남,53세,경상
2016021200100467,2016년 2월 12일 20시,금요일,강원도 동해시 천곡동,경상사고,0,0,1,0,차대차 - 측면직각충돌,안전운전불이행,건조,맑음,교차로 - 교차로안,승용,남,52세,상해없음,승용,여,57세,경상
2016021300100109,2016년 2월 13일 07시,토요일,강원도 삼척시 도계읍,중상사고,0,1,1,0,차대차 - 정면충돌,중앙선침범,습기,흐림,단일로 - 기타,승용,여,61세,경상,건설기계,남,46세,중상
2016021300100133,2016년 2월 13일 09시,토요일,강원도 강릉시 옥천동,중상사고,0,1,0,0,차대사람 - 횡단중,안전운전불이행,건조,맑음,단일로 - 횡단보도부근,승합,남,38세,상해없음,보행자,여,72세,중상
2016021300100134,2016년 2월 13일 09시,토요일,강원도 삼척시 원덕읍,경상사고,0,0,1,0,차대차 - 정면충돌,직진우회전진행방해,습기,흐림,교차로 - 교차로안,건설기계,남,34세,상해없음,화물,여,65세,상해없음
2016021300100135,2016년 2월 13일 09시,토요일,강원도 고성군 간성읍,경상사고,0,0,1,0,차대차 - 측면충돌,중앙선침범,건조,맑음,단일로 - 기타,승용,남,33세,상해없음,승용,남,79세,경상
2016021300100203,2016년 2월 13일 12시,토요일,강원도 춘천시 후평동,경상사고,0,0,1,1,차대차 - 정면충돌,교차로운행방법위반,건조,맑음,교차로 - 교차로안,승용,남,26세,상해없음,승용,여,30세,경상
2016021300100258,2016년 2월 13일 15시,토요일,강원도 원주시 봉산동,중상사고,0,1,0,0,차대차 - 측면충돌,안전운전불이행,건조,맑음,단일로 - 기타,승용,남,62세,중상,건설기계,남,55세,기타불명
2016021300100280,2016년 2월 13일 16시,토요일,강원도 평창군 진부면,사망사고,1,0,0,0,차량단독 - 전도전복,안전운전불이행,습기,비,단일로 - 기타,승용,남,54세,사망,,,,
2016021300100353,2016년 2월 13일 18시,토요일,강원도 춘천시 근화동,경상사고,0,0,3,0,차대차 - 측면직각충돌,안전운전불이행,습기,비,단일로 - 기타,승용,남,54세,상해없음,승용,남,21세,경상
2016021400100060,2016년 2월 14일 02시,일요일,강원도 춘천시 석사동,경상사고,0,0,1,0,차대차 - 추돌,안전운전불이행,건조,맑음,단일로 - 기타,승용,남,31세,상해없음,승용,남,47세,경상
2016021400100085,2016년 2월 14일 05시,일요일,강원도 정선군 고한읍,경상사고,0,0,1,0,차대사람 - 횡단중,안전운전불이행,습기,비,기타 - 기타,승용,남,53세,상해없음,보행자,여,60세,경상
2016021400100113,2016년 2월 14일 09시,일요일,강원도 춘천시 후평동,경상사고,0,0,1,0,차대차 - 측면직각충돌,교차로운행방법위반,건조,맑음,교차로 - 교차로안,승용,남,54세,상해없음,화물,남,63세,상해없음
2016021400100114,2016년 2월 14일 09시,일요일,강원도 속초시 영랑동,경상사고,0,0,1,0,차대차 - 측면충돌,신호위반,습기,흐림,교차로 - 교차로안,승용,남,45세,상해없음,화물,남,49세,경상
2016021400100115,2016년 2월 14일 09시,일요일,강원도 철원군 동송읍,중상사고,0,5,0,0,차대차 - 측면충돌,중앙선침범,결빙,흐림,단일로 - 기타,승용,남,26세,상해없음,승용,남,53세,중상
2016021400100145,2016년 2월 14일 12시,일요일,강원도 춘천시 후평동,경상사고,0,0,1,0,차대차 - 측면직각충돌,안전운전불이행,습기,비,교차로 - 교차로안,승용,여,39세,상해없음,승용,여,46세,경상
2016021400100193,2016년 2월 14일 15시,일요일,강원도 춘천시 남산면,중상사고,0,2,0,0,차대차 - 정면충돌,안전운전불이행,적설,눈,단일로 - 기타,승용,남,54세,상해없음,화물,남,22세,중상
2016021400100194,2016년 2월 14일 15시,일요일,강원도 춘천시 후평동,경상사고,0,0,1,0,차대차 - 정면충돌,안전운전불이행,건조,맑음,교차로 - 교차로부근,승용,여,49세,상해없음,승용,여,42세,경상
2016021400100233,2016년 2월 14일 17시,일요일,강원도 춘천시 동면,경상사고,0,0,2,0,차대차 - 측면직각충돌,안전운전불이행,건조,맑음,교차로 - 교차로안,승용,남,51세,상해없음,승용,남,51세,경상
2016021400100266,2016년 2월 14일 18시,일요일,강원도 원주시 행구동,경상사고,0,0,2,0,차대차 - 측면충돌,안전운전불이행,적설,맑음,교차로 - 교차로안,승용,남,85세,상해없음,승용,남,58세,경상
2016021400100267,2016년 2월 14일 18시,일요일,강원도 삼척시 남양동,경상사고,0,0,1,0,차대차 - 측면충돌,안전운전불이행,건조,맑음,단일로 - 기타,승용,남,44세,상해없음,원동기,남,18세,경상
2016021400100268,2016년 2월 14일 18시,일요일,강원도 평창군 미탄면,경상사고,0,0,1,0,차대차 - 추돌,안전운전불이행,적설,눈,단일로 - 기타,건설기계,남,50세,상해없음,화물,남,64세,경상
2016021400100288,2016년 2월 14일 19시,일요일,강원도 원주시 태장동,경상사고,0,0,1,0,차대사람 - 차도통행중,안전운전불이행,건조,맑음,단일로 - 기타,승용,여,50세,상해없음,보행자,남,51세,경상
2016021400100329,2016년 2월 14일 21시,일요일,강원도 춘천시 중앙로2가,경상사고,0,0,2,0,차대사람 - 차도통행중,안전운전불이행,건조,맑음,교차로 - 교차로부근,화물,남,56세,상해없음,보행자,여,51세,경상
2016021400100330,2016년 2월 14일 21시,일요일,강원도 속초시 노학동,사망사고,2,0,8,0,차대차 - 정면충돌,중앙선침범,건조,맑음,교차로 - 교차로부근,승용,남,51세,사망,승합,남,50세,경상
2016021500100016,2016년 2월 15일 02시,월요일,강원도 춘천시 효자동,부상신고사고,0,0,0,1,차대사람 - 횡단중,기타,건조,맑음,교차로 - 교차로안,기타불명,기타불명,기타불명,기타불명,보행자,남,24세,부상신고
2016021500100128,2016년 2월 15일 09시,월요일,강원도 삼척시 정상동,경상사고,0,0,1,0,차량단독 - 공작물충돌,안전운전불이행,건조,맑음,교차로 - 교차로안,화물,여,55세,상해없음,,,,
2016021500100158,2016년 2월 15일 10시,월요일,강원도 동해시 천곡동,중상사고,0,1,0,0,차대차 - 기타,차로위반,건조,맑음,단일로 - 기타,화물,남,41세,상해없음,승용,남,71세,중상
2016021500100190,2016년 2월 15일 11시,월요일,강원도 춘천시 효자동,부상신고사고,0,0,0,1,차대차 - 기타,안전운전불이행,건조,맑음,단일로 - 기타,기타불명,기타불명,기타불명,기타불명,승합,남,46세,상해없음
2016021500100191,2016년 2월 15일 11시,월요일,강원도 원주시 흥업면,경상사고,0,0,2,0,차대차 - 정면충돌,안전운전불이행,건조,맑음,교차로 - 교차로안,화물,남,51세,경상,건설기계,남,64세,경상
2016021500100218,2016년 2월 15일 12시,월요일,강원도 원주시 무실동,중상사고,0,1,0,0,차대사람 - 횡단중,신호위반,건조,맑음,교차로 - 교차로부근,승용,남,35세,상해없음,보행자,남,75세,중상
2016021500100219,2016년 2월 15일 12시,월요일,강원도 횡성군 횡성읍,경상사고,0,0,3,0,차대차 - 측면직각충돌,안전운전불이행,건조,맑음,교차로 - 교차로안,승용,남,57세,상해없음,승용,여,46세,경상
2016021500100243,2016년 2월 15일 13시,월요일,강원도 춘천시 동내면,경상사고,0,0,2,0,차대차 - 추돌,안전거리미확보,건조,맑음,교차로 - 교차로안,화물,남,69세,상해없음,승용,여,61세,경상
2016021500100244,2016년 2월 15일 13시,월요일,강원도 홍천군 남면,중상사고,0,1,6,0,차대차 - 기타,안전운전불이행,건조,맑음,단일로 - 기타,특수,남,21세,상해없음,화물,남,49세,상해없음
2016021500100277,2016년 2월 15일 14시,월요일,강원도 강릉시 포남동,경상사고,0,0,1,0,차대사람 - 횡단중,안전운전불이행,건조,맑음,단일로 - 기타,승용,남,49세,상해없음,보행자,여,16세,경상
2016021500100278,2016년 2월 15일 14시,월요일,강원도 원주시 인동,경상사고,0,0,1,0,차대차 - 추돌,기타,건조,맑음,교차로 - 교차로부근,승용,남,62세,상해없음,승용,남,34세,경상
2016021500100279,2016년 2월 15일 14시,월요일,강원도 동해시 효가동,경상사고,0,0,2,0,차대차 - 추돌,안전거리미확보,건조,맑음,교차로 - 교차로부근,화물,남,58세,상해없음,승용,남,33세,경상
2016021500100311,2016년 2월 15일 15시,월요일,강원도 원주시 단계동,경상사고,0,0,3,0,차대차 - 정면충돌,중앙선침범,건조,맑음,단일로 - 기타,승용,남,66세,상해없음,승용,여,50세,경상
2016021500100312,2016년 2월 15일 15시,월요일,강원도 태백시 황지동,경상사고,0,0,1,0,차대사람 - 횡단중,보행자보호의무위반,건조,맑음,교차로 - 교차로안,승용,여,51세,상해없음,보행자,남,61세,경상
2016021500100352,2016년 2월 15일 16시,월요일,강원도 강릉시 안현동,중상사고,0,1,0,0,차대차 - 추돌,안전운전불이행,건조,맑음,단일로 - 기타,승용,남,32세,상해없음,승용,남,52세,중상
2016021500100392,2016년 2월 15일 17시,월요일,강원도 원주시 단구동,경상사고,0,0,1,0,차대차 - 추돌,안전거리미확보,건조,맑음,교차로 - 교차로부근,승용,남,50세,상해없음,승용,남,50세,경상
2016021500100427,2016년 2월 15일 18시,월요일,강원도 삼척시 교동,경상사고,0,0,1,0,차대사람 - 횡단중,보행자보호의무위반,건조,맑음,교차로 - 교차로부근,건설기계,남,35세,상해없음,보행자,여,15세,경상
2016021500100428,2016년 2월 15일 18시,월요일,강원도 인제군 인제읍,경상사고,0,0,1,0,차대차 - 측면직각충돌,안전운전불이행,건조,맑음,교차로 - 교차로안,승용,여,26세,상해없음,승용,여,50세,상해없음
2016021500100466,2016년 2월 15일 19시,월요일,강원도 춘천시 퇴계동,경상사고,0,0,1,0,차대차 - 추돌,안전운전불이행,건조,맑음,교차로 - 교차로안,화물,남,55세,상해없음,화물,남,49세,경상
2016021500100467,2016년 2월 15일 19시,월요일,강원도 원주시 반곡동,중상사고,0,1,0,0,차대차 - 정면충돌,신호위반,건조,맑음,교차로 - 교차로안,승용,여,41세,상해없음,승용,남,30세,중상
2016021500100468,2016년 2월 15일 19시,월요일,강원도 삼척시 남양동,중상사고,0,1,0,0,차대차 - 측면충돌,안전운전불이행,건조,맑음,단일로 - 기타,원동기,남,53세,중상,승용,여,50세,상해없음
2016021500100469,2016년 2월 15일 19시,월요일,강원도 횡성군 횡성읍,중상사고,0,1,0,0,차대차 - 정면충돌,안전운전불이행,건조,맑음,교차로 - 교차로부근,화물,남,65세,상해없음,자전거,남,36세,중상
2016021500100557,2016년 2월 15일 22시,월요일,강원도 춘천시 퇴계동,경상사고,0,0,1,0,차대차 - 추돌,안전거리미확보,건조,맑음,단일로 - 기타,승용,남,49세,상해없음,승용,남,51세,경상
2016021500100558,2016년 2월 15일 22시,월요일,강원도 삼척시 건지동,경상사고,0,0,4,0,차대차 - 측면직각충돌,직진우회전진행방해,건조,맑음,교차로 - 교차로안,승용,남,55세,상해없음,승용,남,69세,경상
2016021500100559,2016년 2월 15일 22시,월요일,강원도 횡성군 횡성읍,경상사고,0,0,1,0,차대사람 - 기타,안전운전불이행,건조,맑음,단일로 - 기타,승용,남,41세,상해없음,보행자,여,75세,경상
2016021600100010,2016년 2월 16일 00시,화요일,강원도 원주시 단계동,경상사고,0,0,1,0,차대차 - 정면충돌,안전운전불이행,적설,눈,단일로 - 기타,승용,남,26세,상해없음,승용,남,27세,상해없음
2016021600100011,2016년 2월 16일 00시,화요일,강원도 횡성군 둔내면,중상사고,0,2,1,0,차량단독 - 전도전복,안전운전불이행,결빙,눈,단일로 - 기타,승용,남,28세,상해없음,,,,
2016021600100091,2016년 2월 16일 07시,화요일,강원도 강릉시 강동면,사망사고,1,0,0,0,차대차 - 측면직각충돌,신호위반,건조,맑음,교차로 - 교차로안,건설기계,남,36세,상해없음,승용,남,55세,사망
2016021600100129,2016년 2월 16일 08시,화요일,강원도 횡성군 횡성읍,경상사고,0,0,1,0,차대사람 - 횡단중,안전운전불이행,건조,맑음,교차로 - 교차로안,승용,남,40세,상해없음,보행자,여,23세,경상
2016021600100195,2016년 2월 16일 10시,화요일,강원도 춘천시 동내면,경상사고,0,0,1,0,차대차 - 측면충돌,신호위반,건조,맑음,교차로 - 교차로안,화물,남,51세,상해없음,승용,여,49세,경상
2016021600100264,2016년 2월 16일 12시,화요일,강원도 춘천시 후평동,경상사고,0,0,2,0,차대차 - 측면직각충돌,안전운전불이행,습기,눈,교차로 - 교차로안,승용,남,18세,상해없음,승용,여,28세,상해없음
2016021600100304,2016년 2월 16일 13시,화요일,강원도 강릉시 포남동,경상사고,0,0,1,0,차대차 - 추돌,안전운전불이행,건조,맑음,교차로 - 교차로안,승용,남,57세,상해없음,승용,여,41세,경상
2016021600100334,2016년 2월 16일 14시,화요일,강원도 강릉시 송정동,경상사고,0,0,2,0,차대차 - 측면직각충돌,안전운전불이행,건조,맑음,단일로 - 기타,승용,남,68세,상해없음,승용,남,43세,경상
2016021600100363,2016년 2월 16일 15시,화요일,강원도 강릉시 안현동,경상사고,0,0,1,0,차대차 - 추돌,중앙선침범,건조,맑음,교차로 - 교차로부근,승용,남,51세,상해없음,승용,남,46세,경상
2016021600100364,2016년 2월 16일 15시,화요일,강원도 원주시 무실동,경상사고,0,0,1,0,차대차 - 추돌,안전거리미확보,건조,맑음,단일로 - 기타,화물,남,45세,상해없음,승용,여,33세,경상
2016021600100419,2016년 2월 16일 17시,화요일,강원도 원주시 단계동,경상사고,0,0,1,0,차대사람 - 기타,기타,건조,맑음,단일로 - 기타,승합,남,50세,상해없음,보행자,여,78세,경상
2016021600100420,2016년 2월 16일 17시,화요일,강원도 횡성군 안흥면,중상사고,0,1,0,0,차대차 - 정면충돌,중앙선침범,적설,흐림,단일로 - 기타,승용,남,30세,상해없음,승용,여,54세,중상
2016021600100421,2016년 2월 16일 17시,화요일,강원도 원주시 신림면,중상사고,0,2,14,0,차대차 - 추돌,안전운전불이행,적설,눈,단일로 - 기타,승용,남,55세,상해없음,기타불명,기타불명,기타불명,기타불명
2016021600100422,2016년 2월 16일 17시,화요일,강원도 원주시 신림면,중상사고,0,5,10,0,차대차 - 추돌,안전운전불이행,적설,눈,단일로 - 기타,승용,남,19세,상해없음,승용,남,36세,중상
2016021600100423,2016년 2월 16일 17시,화요일,강원도 원주시 신림면,중상사고,0,1,3,0,차대차 - 추돌,안전거리미확보,적설,눈,단일로 - 기타,승용,여,50세,경상,승용,여,40세,상해없음
2016021600100503,2016년 2월 16일 19시,화요일,강원도 춘천시 석사동,경상사고,0,0,1,0,차대차 - 추돌,안전거리미확보,적설,눈,단일로 - 기타,승용,남,37세,상해없음,승용,남,50세,경상
2016021600100504,2016년 2월 16일 19시,화요일,강원도 춘천시 효자동,경상사고,0,0,1,0,차대차 - 측면충돌,안전운전불이행,적설,눈,단일로 - 기타,승용,남,22세,상해없음,승용,여,49세,경상
2016021600100529,2016년 2월 16일 20시,화요일,강원도 태백시 화전동,경상사고,0,0,1,0,차대차 - 측면충돌,중앙선침범,습기,눈,단일로 - 기타,승용,남,28세,상해없음,승용,여,40세,경상
2016021600100552,2016년 2월 16일 21시,화요일,강원도 춘천시 효자동,경상사고,0,0,1,0,차량단독 - 기타,안전운전불이행,결빙,눈,단일로 - 기타,승용,남,60세,상해없음,,,,
2016021600100553,2016년 2월 16일 21시,화요일,강원도 원주시 판부면,중상사고,0,1,0,0,차대사람 - 길가장자리구역통행중,안전운전불이행,건조,맑음,단일로 - 기타,승용,남,34세,상해없음,보행자,남,54세,중상
2016021600100583,2016년 2월 16일 22시,화요일,강원도 강릉시 임당동,중상사고,0,1,0,0,차대사람 - 횡단중,신호위반,건조,맑음,단일로 - 횡단보도상,원동기,남,17세,상해없음,보행자,여,55세,중상
2016021600100611,2016년 2월 16일 23시,화요일,강원도 춘천시 효자동,경상사고,0,0,1,0,차대차 - 정면충돌,중앙선침범,결빙,눈,교차로 - 교차로부근,승용,여,31세,상해없음,승용,여,53세,경상
2016021700100044,2016년 2월 17일 03시,수요일,강원도 춘천시 효자동,경상사고,0,0,1,0,차대사람 - 기타,안전운전불이행,건조,맑음,단일로 - 기타,승용,남,33세,기타불명,보행자,남,33세,경상
2016021700100109,2016년 2월 17일 07시,수요일,강원도 원주시 문막읍,경상사고,0,0,1,0,차대차 - 측면직각충돌,안전운전불이행,건조,맑음,기타 - 기타,승용,남,33세,상해없음,승용,남,55세,경상
2016021700100136,2016년 2월 17일 08시,수요일,강원도 인제군 인제읍,경상사고,0,0,1,0,차대차 - 측면충돌,안전운전불이행,건조,맑음,단일로 - 기타,승용,남,72세,상해없음,승합,여,44세,경상
2016021700100137,2016년 2월 17일 08시,수요일,강원도 동해시 지흥동,중상사고,0,1,1,0,차대사람 - 차도통행중,안전운전불이행,건조,맑음,단일로 - 기타,승용,남,67세,상해없음,보행자,여,22세,중상
2016021700100180,2016년 2월 17일 09시,수요일,강원도 춘천시 동면,경상사고,0,0,2,0,차대차 - 기타,안전운전불이행,결빙,맑음,단일로 - 기타,승용,여,37세,기타불명,승용,여,35세,경상
2016021700100181,2016년 2월 17일 09시,수요일,강원도 춘천시 효자동,중상사고,0,1,0,0,차대사람 - 횡단중,안전운전불이행,습기,맑음,단일로 - 기타,승용,남,80세,상해없음,보행자,여,67세,중상