사고번호,사고일시,요일,시군구,사고내용,사망자수,중상자수,경상자수,부상신고자수,사고유형,법규위반,노면상태,기상상태,도로형태,가해운전자 차종,가해운전자 성별,가해운전자 연령,가해운전자 상해정도,피해운전자 차종,피해운전자 성별,피해운전자 연령,피해운전자 상해정도
2016021700100208,2016년 2월 17일 10시,수요일,강원도 강릉시 옥계면,경상사고,0,0,1,0,차대차 - 추돌,신호위반,건조,맑음,교차로 - 교차로안,승용,남,50세,상해없음,승용,여,60세,경상
2016021700100209,2016년 2월 17일 10시,수요일,강원도 원주시 단구동,중상사고,0,1,2,0,차대차 - 추돌,안전운전불이행,건조,맑음,교차로 - 교차로부근,화물,남,68세,상해없음,승용,남,40세,중상
2016021700100246,2016년 2월 17일 11시,수요일,강원도 춘천시 후평동,경상사고,0,0,3,0,차대차 - 정면충돌,교차로운행방법위반,건조,맑음,교차로 - 교차로안,승용,여,67세,상해없음,승용,남,29세,경상
2016021700100247,2016년 2월 17일 11시,수요일,강원도 원주시 일산동,경상사고,0,0,1,0,차대사람 - 보도통행중,안전운전불이행,건조,맑음,단일로 - 기타,승용,남,55세,상해없음,보행자,여,85세,경상
2016021700100312,2016년 2월 17일 13시,수요일,강원도 춘천시 후평동,경상사고,0,0,1,0,차대차 - 측면직각충돌,안전운전불이행,건조,맑음,교차로 - 교차로안,승합,남,60세,상해없음,승용,여,53세,경상
2016021700100313,2016년 2월 17일 13시,수요일,강원도 태백시 황지동,중상사고,0,1,1,0,차대차 - 정면충돌,중앙선침범,건조,맑음,단일로 - 기타,승용,여,58세,상해없음,승용,남,60세,중상
2016021700100371,2016년 2월 17일 15시,수요일,강원도 강릉시 노암동,경상사고,0,0,2,0,차대차 - 추돌,안전운전불이행,건조,맑음,단일로 - 횡단보도부근,승용,남,22세,상해없음,승용,남,41세,경상
2016021700100372,2016년 2월 17일 15시,수요일,강원도 삼척시 남양동,경상사고,0,0,1,0,차대차 - 측면직각충돌,안전거리미확보,건조,맑음,교차로 - 교차로안,승용,남,65세,상해없음,승용,여,43세,경상
2016021700100373,2016년 2월 17일 15시,수요일,강원도 태백시 황지동,경상사고,0,0,1,0,차대차 - 측면충돌,교차로운행방법위반,건조,맑음,교차로 - 교차로안,화물,남,53세,상해없음,승용,남,40세,경상
2016021700100414,2016년 2월 17일 16시,수요일,강원도 동해시 효가동,경상사고,0,0,1,0,차대차 - 측면직각충돌,안전거리미확보,건조,맑음,단일로 - 기타,건설기계,남,51세,상해없음,승용,여,52세,경상
2016021700100485,2016년 2월 17일 18시,수요일,강원도 춘천시 서면,사망사고,1,0,0,0,차대사람 - 횡단중,안전운전불이행,건조,맑음,단일로 - 기타,승용,여,34세,상해없음,보행자,여,77세,사망
2016021700100486,2016년 2월 17일 18시,수요일,강원도 춘천시 온의동,경상사고,0,0,3,0,차대차 - 추돌,안전거리미확보,건조,맑음,단일로 - 기타,화물,남,39세,상해없음,승용,여,55세,경상
2016021700100524,2016년 2월 17일 19시,수요일,강원도 춘천시 효자동,경상사고,0,0,1,0,차대차 - 기타,기타,건조,맑음,교차로 - 교차로안,기타불명,기타불명,기타불명,기타불명,이륜,여,41세,경상
2016021700100525,2016년 2월 17일 19시,수요일,강원도 강릉시 성남동,경상사고,0,0,1,0,차대차 - 측면충돌,안전운전불이행,건조,맑음,교차로 - 교차로안,승용,남,31세,상해없음,원동기,남,22세,경상
2016021700100526,2016년 2월 17일 19시,수요일,강원도 원주시 명륜동,경상사고,0,0,1,0,차대사람 - 횡단중,보행자보호의무위반,건조,맑음,단일로 - 횡단보도상,승용,남,63세,상해없음,보행자,여,58세,경상
2016021700100527,2016년 2월 17일 19시,수요일,강원도 원주시 단구동,중상사고,0,1,0,0,차대사람 - 횡단중,안전운전불이행,건조,맑음,교차로 - 교차로부근,승용,남,43세,상해없음,보행자,남,41세,중상
2016021700100565,2016년 2월 17일 20시,수요일,강원도 강릉시 병산동,중상사고,0,1,3,0,차대차 - 추돌,안전운전불이행,건조,맑음,교차로 - 교차로안,화물,남,62세,상해없음,승용,남,44세,경상
2016021700100595,2016년 2월 17일 21시,수요일,강원도 원주시 단구동,경상사고,0,0,1,0,차대차 - 추돌,안전운전불이행,건조,맑음,기타 - 기타,화물,남,28세,상해없음,승용,여,29세,경상
2016021800100012,2016년 2월 18일 00시,목요일,강원도 원주시 개운동,중상사고,0,1,0,0,차대사람 - 횡단중,안전운전불이행,건조,맑음,단일로 - 횡단보도상,화물,남,46세,상해없음,보행자,남,17세,중상
2016021800100087,2016년 2월 18일 06시,목요일,강원도 원주시 반곡동,경상사고,0,0,1,0,차량단독 - 전도전복,안전운전불이행,건조,맑음,단일로 - 기타,승용,남,47세,경상,,,,
2016021800100088,2016년 2월 18일 06시,목요일,강원도 삼척시 남양동,경상사고,0,0,1,0,차대차 - 측면직각충돌,직진우회전진행방해,건조,맑음,교차로 - 교차로안,승합,남,52세,상해없음,승용,여,46세,경상
2016021800100133,2016년 2월 18일 08시,목요일,강원도 춘천시 후평동,부상신고사고,0,0,0,1,차대차 - 측면충돌,안전운전불이행,건조,맑음,교차로 - 교차로안,승용,남,29세,상해없음,승용,여,36세,부상신고
2016021800100134,2016년 2월 18일 08시,목요일,강원도 춘천시 신북읍,중상사고,0,1,1,0,차대차 - 측면직각충돌,안전거리미확보,건조,맑음,단일로 - 기타,화물,남,68세,상해없음,승용,남,61세,중상
2016021800100185,2016년 2월 18일 10시,목요일,강원도 춘천시 근화동,경상사고,0,0,2,0,차대차 - 측면충돌,차로위반,건조,맑음,교차로 - 교차로안,화물,남,55세,상해없음,승용,남,42세,경상
2016021800100186,2016년 2월 18일 10시,목요일,강원도 속초시 동명동,경상사고,0,0,1,0,차대차 - 추돌,안전운전불이행,건조,맑음,단일로 - 기타,승용,남,70세,상해없음,승용,남,46세,경상
2016021800100213,2016년 2월 18일 11시,목요일,강원도 춘천시 근화동,경상사고,0,0,1,0,차대차 - 측면직각충돌,신호위반,건조,맑음,교차로 - 교차로안,승용,남,30세,상해없음,승용,여,59세,경상
2016021800100214,2016년 2월 18일 11시,목요일,강원도 춘천시 석사동,경상사고,0,0,1,0,차대차 - 측면직각충돌,기타,건조,맑음,단일로 - 기타,화물,남,56세,상해없음,승용,여,57세,경상
2016021800100241,2016년 2월 18일 12시,목요일,강원도 춘천시 근화동,경상사고,0,0,1,0,차대차 - 측면직각충돌,안전운전불이행,건조,맑음,교차로 - 교차로안,승용,남,23세,상해없음,승용,여,54세,경상
2016021800100267,2016년 2월 18일 13시,목요일,강원도 춘천시 동면,경상사고,0,0,2,0,차대차 - 측면직각충돌,안전운전불이행,건조,맑음,단일로 - 기타,승용,남,38세,상해없음,승용,남,35세,경상
2016021800100268,2016년 2월 18일 13시,목요일,강원도 춘천시 후평동,경상사고,0,0,3,0,차대차 - 측면직각충돌,교차로운행방법위반,건조,맑음,교차로 - 교차로안,승용,남,54세,상해없음,승용,여,54세,경상
2016021800100269,2016년 2월 18일 13시,목요일,강원도 원주시 문막읍,중상사고,0,1,0,0,차대차 - 측면충돌,교차로운행방법위반,건조,맑음,교차로 - 교차로안,화물,남,34세,상해없음,화물,남,52세,중상
2016021800100317,2016년 2월 18일 15시,목요일,강원도 원주시 단계동,중상사고,0,1,0,0,차대차 - 정면충돌,안전운전불이행,건조,맑음,단일로 - 기타,화물,남,58세,상해없음,승용,남,53세,상해없음
2016021800100318,2016년 2월 18일 15시,목요일,강원도 원주시 봉산동,경상사고,0,0,3,0,차대차 - 정면충돌,과속,건조,맑음,교차로 - 교차로안,승용,남,35세,경상,승합,남,69세,상해없음
2016021800100357,2016년 2월 18일 16시,목요일,강원도 원주시 문막읍,중상사고,0,1,0,0,차대차 - 측면충돌,교차로운행방법위반,건조,맑음,교차로 - 교차로안,승용,여,42세,상해없음,화물,남,54세,중상
2016021800100358,2016년 2월 18일 16시,목요일,강원도 속초시 교동,경상사고,0,0,3,0,차대차 - 측면충돌,중앙선침범,건조,맑음,단일로 - 기타,승합,남,66세,상해없음,승용,여,37세,경상
2016021800100359,2016년 2월 18일 16시,목요일,강원도 횡성군 서원면,중상사고,0,2,0,0,차대차 - 정면충돌,중앙선침범,건조,맑음,단일로 - 기타,승용,남,32세,상해없음,승용,남,32세,중상
2016021800100383,2016년 2월 18일 17시,목요일,강원도 춘천시 온의동,경상사고,0,0,1,0,차대차 - 기타,안전운전불이행,건조,맑음,교차로 - 교차로안,승용,남,67세,상해없음,이륜,남,18세,경상
2016021800100412,2016년 2월 18일 18시,목요일,강원도 영월군 주천면,부상신고사고,0,0,0,1,차대차 - 측면직각충돌,안전운전불이행,건조,맑음,단일로 - 기타,화물,여,49세,상해없음,화물,남,57세,부상신고
2016021800100524,2016년 2월 18일 21시,목요일,강원도 속초시 조양동,경상사고,0,0,1,0,차대차 - 정면충돌,안전운전불이행,건조,맑음,단일로 - 기타,승용,남,43세,상해없음,승용,남,38세,경상
2016021800100563,2016년 2월 18일 22시,목요일,강원도 원주시 평원동,경상사고,0,0,2,1,차대차 - 측면충돌,신호위반,건조,맑음,교차로 - 교차로안,이륜,남,18세,경상,승용,남,56세,경상
2016021800100564,2016년 2월 18일 22시,목요일,강원도 평창군 봉평면,중상사고,0,4,0,0,차대사람 - 횡단중,안전운전불이행,습기,눈,단일로 - 기타,승용,남,47세,상해없음,보행자,남,46세,중상
2016021900100014,2016년 2월 19일 00시,금요일,강원도 원주시 우산동,경상사고,0,0,1,0,차대차 - 정면충돌,안전운전불이행,습기,비,단일로 - 기타,승용,남,65세,상해없음,승용,여,33세,경상
2016021900100015,2016년 2월 19일 00시,금요일,강원도 원주시 반곡동,중상사고,0,1,1,0,차대차 - 추돌,신호위반,건조,맑음,교차로 - 교차로안,승용,남,46세,상해없음,승용,남,40세,중상
2016021900100016,2016년 2월 19일 00시,금요일,강원도 원주시 우산동,경상사고,0,0,1,0,차대차 - 추돌,안전운전불이행,습기,비,단일로 - 기타,승용,남,26세,상해없음,승용,남,59세,경상
2016021900100040,2016년 2월 19일 01시,금요일,강원도 춘천시 남산면,중상사고,0,1,0,0,차량단독 - 기타,안전운전불이행,습기,흐림,단일로 - 기타,승합,남,41세,중상,,,,
2016021900100137,2016년 2월 19일 08시,금요일,강원도 춘천시 효자동,경상사고,0,0,1,0,차량단독 - 기타,기타,건조,맑음,단일로 - 기타,승합,남,55세,상해없음,,,,
2016021900100161,2016년 2월 19일 09시,금요일,강원도 강릉시 교동,중상사고,0,1,0,0,차대사람 - 기타,안전운전불이행,건조,맑음,단일로 - 기타,승용,남,42세,상해없음,보행자,여,79세,중상
2016021900100183,2016년 2월 19일 10시,금요일,강원도 원주시 무실동,경상사고,0,0,1,0,차대차 - 측면직각충돌,신호위반,건조,맑음,교차로 - 교차로안,승용,여,53세,상해없음,승용,남,66세,경상
2016021900100184,2016년 2월 19일 10시,금요일,강원도 영월군 주천면,중상사고,0,2,0,0,차대차 - 정면충돌,중앙선침범,건조,흐림,단일로 - 기타,승용,남,40세,상해없음,화물,남,50세,중상
2016021900100197,2016년 2월 19일 11시,금요일,강원도 삼척시 교동,경상사고,0,0,1,0,차대차 - 측면직각충돌,안전운전불이행,건조,맑음,교차로 - 교차로안,승용,남,24세,상해없음,승용,여,55세,경상
2016021900100225,2016년 2월 19일 12시,금요일,강원도 강릉시 성남동,경상사고,0,0,1,0,차대사람 - 횡단중,안전운전불이행,건조,맑음,단일로 - 기타,승용,여,40세,상해없음,보행자,남,71세,경상
2016021900100308,2016년 2월 19일 15시,금요일,강원도 원주시 개운동,경상사고,0,0,1,0,차대차 - 정면충돌,안전운전불이행,건조,맑음,교차로 - 교차로안,승용,여,41세,상해없음,승용,남,68세,경상
2016021900100339,2016년 2월 19일 16시,금요일,강원도 원주시 태장동,경상사고,0,0,1,0,차대차 - 측면충돌,직진우회전진행방해,건조,맑음,교차로 - 교차로안,승용,여,35세,기타불명,이륜,남,51세,경상
2016021900100340,2016년 2월 19일 16시,금요일,강원도 고성군 토성면,경상사고,0,0,2,0,차대차 - 측면충돌,안전운전불이행,건조,맑음,단일로 - 기타,승용,여,53세,상해없음,승용,여,60세,경상
2016021900100341,2016년 2월 19일 16시,금요일,강원도 동해시 효가동,중상사고,0,1,1,0,차대차 - 추돌,안전운전불이행,건조,맑음,단일로 - 기타,화물,남,21세,상해없음,화물,남,49세,경상
2016021900100371,2016년 2월 19일 17시,금요일,강원도 춘천시 석사동,부상신고사고,0,0,0,1,차대차 - 측면직각충돌,안전거리미확보,건조,맑음,교차로 - 교차로안,이륜,남,22세,부상신고,화물,남,65세,상해없음
2016021900100372,2016년 2월 19일 17시,금요일,강원도 속초시 교동,경상사고,0,0,1,1,차대차 - 측면충돌,신호위반,건조,맑음,교차로 - 교차로안,승용,남,31세,상해없음,승용,남,52세,경상
2016021900100415,2016년 2월 19일 18시,금요일,강원도 춘천시 퇴계동,중상사고,0,1,0,0,차대차 - 측면직각충돌,교차로운행방법위반,건조,맑음,교차로 - 교차로안,승합,여,41세,상해없음,자전거,남,67세,중상
2016021900100416,2016년 2월 19일 18시,금요일,강원도 원주시 판부면,경상사고,0,0,3,0,차대차 - 정면충돌,신호위반,건조,맑음,교차로 - 교차로안,승용,남,63세,상해없음,승용,여,48세,경상
2016021900100500,2016년 2월 19일 20시,금요일,강원도 홍천군 홍천읍,중상사고,0,1,1,0,차대차 - 측면직각충돌,안전거리미확보,건조,흐림,교차로 - 교차로안,화물,남,54세,상해없음,승용,남,33세,상해없음
2016021900100527,2016년 2월 19일 21시,금요일,강원도 원주시 단계동,경상사고,0,0,1,0,차대차 - 정면충돌,안전운전불이행,건조,맑음,교차로 - 교차로안,승용,남,25세,상해없음,이륜,남,25세,경상
2016022000100009,2016년 2월 20일 00시,토요일,강원도 춘천시 석사동,경상사고,0,0,1,0,차대차 - 측면충돌,안전운전불이행,건조,맑음,단일로 - 기타,승용,여,22세,상해없음,이륜,남,45세,경상
2016022000100010,2016년 2월 20일 00시,토요일,강원도 원주시 우산동,경상사고,0,0,1,0,차대사람 - 횡단중,보행자보호의무위반,건조,맑음,단일로 - 횡단보도상,승용,남,56세,상해없음,보행자,남,61세,경상
2016022000100011,2016년 2월 20일 00시,토요일,강원도 동해시 천곡동,중상사고,0,1,0,0,차대차 - 정면충돌,신호위반,건조,맑음,교차로 - 교차로안,승용,남,48세,상해없음,승용,남,53세,중상
2016022000100035,2016년 2월 20일 01시,토요일,강원도 원주시 단구동,중상사고,0,4,0,0,차대차 - 정면충돌,안전운전불이행,건조,맑음,교차로 - 교차로안,승용,여,28세,상해없음,승용,남,22세,중상
2016022000100056,2016년 2월 20일 02시,토요일,강원도 원주시 단구동,경상사고,0,0,3,0,차대차 - 측면충돌,차로위반,건조,맑음,단일로 - 기타,승용,여,22세,상해없음,승용,남,21세,경상
2016022000100089,2016년 2월 20일 04시,토요일,강원도 원주시 단구동,중상사고,0,3,0,0,차대차 - 정면충돌,신호위반,건조,맑음,교차로 - 교차로안,승용,남,59세,상해없음,화물,남,44세,중상
2016022000100116,2016년 2월 20일 06시,토요일,강원도 춘천시 석사동,경상사고,0,0,1,0,차대차 - 측면충돌,신호위반,건조,맑음,교차로 - 교차로안,승용,남,77세,상해없음,승합,남,43세,경상
2016022000100117,2016년 2월 20일 06시,토요일,강원도 원주시 단계동,중상사고,0,1,1,0,차대차 - 측면충돌,신호위반,건조,맑음,교차로 - 교차로안,승용,남,41세,경상,승용,남,38세,중상
2016022000100200,2016년 2월 20일 10시,토요일,강원도 춘천시 효자동,경상사고,0,0,2,0,차대차 - 정면충돌,중앙선침범,건조,맑음,단일로 - 기타,승용,남,37세,상해없음,승용,남,58세,경상
2016022000100201,2016년 2월 20일 10시,토요일,강원도 춘천시 온의동,경상사고,0,0,4,0,차대차 - 측면직각충돌,교차로운행방법위반,건조,맑음,교차로 - 교차로안,승합,남,74세,상해없음,승용,남,60세,경상
2016022000100202,2016년 2월 20일 10시,토요일,강원도 삼척시 도계읍,중상사고,0,1,1,0,차대차 - 측면직각충돌,직진우회전진행방해,건조,맑음,교차로 - 교차로안,승용,남,74세,상해없음,승용,남,54세,중상
2016022000100232,2016년 2월 20일 11시,토요일,강원도 원주시 학성동,경상사고,0,0,1,0,차대차 - 측면충돌,안전운전불이행,건조,맑음,단일로 - 기타,승용,남,82세,상해없음,승용,여,59세,경상
2016022000100233,2016년 2월 20일 11시,토요일,강원도 횡성군 둔내면,경상사고,0,0,1,0,차대차 - 측면직각충돌,안전운전불이행,건조,맑음,기타 - 기타,승용,남,41세,상해없음,승용,남,38세,경상
2016022000100234,2016년 2월 20일 11시,토요일,강원도 고성군 간성읍,중상사고,0,1,1,0,차대차 - 측면충돌,직진우회전진행방해,건조,맑음,교차로 - 교차로안,농기계,남,73세,상해없음,화물,남,69세,경상
2016022000100235,2016년 2월 20일 11시,토요일,강원도 평창군 진부면,중상사고,0,5,1,0,차대차 - 추돌,안전운전불이행,건조,맑음,단일로 - 기타,승용,남,42세,상해없음,승용,남,63세,경상
2016022000100292,2016년 2월 20일 13시,토요일,강원도 속초시 노학동,경상사고,0,0,2,0,차대차 - 추돌,안전운전불이행,건조,맑음,교차로 - 교차로부근,화물,남,48세,상해없음,승용,여,57세,경상
2016022000100325,2016년 2월 20일 14시,토요일,강원도 원주시 인동,경상사고,0,0,1,0,차대차 - 측면충돌,차로위반,건조,맑음,단일로 - 기타,승용,여,37세,상해없음,승용,남,65세,경상
2016022000100326,2016년 2월 20일 14시,토요일,강원도 태백시 소도동,경상사고,0,0,1,0,차대차 - 측면충돌,교차로운행방법위반,건조,맑음,교차로 - 교차로안,승용,남,56세,상해없음,승용,남,31세,경상
2016022000100327,2016년 2월 20일 14시,토요일,강원도 동해시 삼화동,경상사고,0,0,1,0,차대차 - 기타,중앙선침범,건조,맑음,단일로 - 기타,화물,남,60세,상해없음,건설기계,남,45세,경상
2016022000100353,2016년 2월 20일 15시,토요일,강원도 정선군 여량면,부상신고사고,0,0,0,1,차량단독 - 전도전복,안전운전불이행,건조,맑음,단일로 - 기타,승용,여,64세,부상신고,,,,
2016022000100394,2016년 2월 20일 16시,토요일,강원도 춘천시 석사동,경상사고,0,0,1,0,차대차 - 기타,안전운전불이행,건조,맑음,단일로 - 기타,승용,남,23세,상해없음,승용,남,72세,상해없음
2016022000100395,2016년 2월 20일 16시,토요일,강원도 동해시 지가동,중상사고,0,1,0,1,차량단독 - 공작물충돌,안전운전불이행,건조,맑음,단일로 - 기타,화물,남,52세,부상신고,,,,
2016022000100424,2016년 2월 20일 17시,토요일,강원도 춘천시 효자동,경상사고,0,0,1,0,차대차 - 측면직각충돌,안전운전불이행,건조,맑음,단일로 - 기타,승용,여,45세,상해없음,승용,남,32세,경상
2016022000100496,2016년 2월 20일 19시,토요일,강원도 원주시 무실동,경상사고,0,0,1,0,차대차 - 측면직각충돌,안전운전불이행,건조,맑음,교차로 - 교차로부근,승용,남,53세,상해없음,승용,여,43세,경상
2016022000100497,2016년 2월 20일 19시,토요일,강원도 원주시 인동,경상사고,0,0,1,0,차대차 - 측면충돌,교차로운행방법위반,건조,맑음,교차로 - 교차로안,화물,남,48세,상해없음,승용,여,47세,경상
2016022000100498,2016년 2월 20일 19시,토요일,강원도 원주시 무실동,중상사고,0,1,0,0,차대사람 - 횡단중,안전운전불이행,건조,맑음,단일로 - 기타,승용,여,39세,상해없음,보행자,남,17세,중상
2016022000100499,2016년 2월 20일 19시,토요일,강원도 삼척시 성내동,중상사고,0,1,0,0,차대사람 - 길가장자리구역통행중,안전운전불이행,건조,맑음,단일로 - 교량,원동기,남,56세,상해없음,보행자,여,61세,중상
2016022000100540,2016년 2월 20일 20시,토요일,강원도 양양군 강현면,경상사고,0,0,2,0,차대차 - 측면직각충돌,교차로운행방법위반,건조,맑음,교차로 - 교차로안,승용,남,50세,상해없음,승용,남,48세,경상
2016022000100587,2016년 2월 20일 22시,토요일,강원도 동해시 부곡동,경상사고,0,0,4,0,차대차 - 측면직각충돌,신호위반,건조,맑음,교차로 - 교차로안,승용,여,58세,상해없음,승용,여,48세,경상
2016022000100606,2016년 2월 20일 23시,토요일,강원도 춘천시 동산면,사망사고,1,2,0,0,차량단독 - 공작물충돌,안전운전불이행,건조,흐림,단일로 - 기타,승용,남,44세,중상,,,,
2016022100100014,2016년 2월 21일 00시,일요일,강원도 춘천시 중앙로1가,경상사고,0,0,1,0,차대차 - 정면충돌,안전운전불이행,건조,맑음,교차로 - 교차로안,승용,남,22세,상해없음,승용,남,52세,경상
2016022100100126,2016년 2월 21일 10시,일요일,강원도 춘천시 중앙로1가,부상신고사고,0,0,0,1,차대차 - 정면충돌,차로위반,건조,맑음,단일로 - 기타,승용,남,60세,상해없음,이륜,남,33세,부상신고
2016022100100127,2016년 2월 21일 10시,일요일,강원도 춘천시 퇴계동,경상사고,0,0,1,0,차대사람 - 횡단중,신호위반,건조,맑음,교차로 - 교차로부근,승용,남,33세,상해없음,보행자,여,37세,경상
2016022100100128,2016년 2월 21일 10시,일요일,강원도 원주시 명륜동,사망사고,1,0,0,0,차대사람 - 차도통행중,안전운전불이행,건조,맑음,교차로 - 교차로부근,화물,남,80세,상해없음,보행자,여,81세,사망
2016022100100151,2016년 2월 21일 11시,일요일,강원도 강릉시 주문진읍,경상사고,0,0,1,0,차대차 - 측면충돌,안전운전불이행,건조,맑음,교차로 - 교차로안,승용,남,68세,상해없음,원동기,남,57세,경상
2016022100100152,2016년 2월 21일 11시,일요일,강원도 원주시 지정면,경상사고,0,0,1,0,차대사람 - 길가장자리구역통행중,안전운전불이행,건조,맑음,기타 - 기타,화물,남,51세,기타불명,보행자,남,57세,경상
2016022100100153,2016년 2월 21일 11시,일요일,강원도 홍천군 홍천읍,경상사고,0,0,1,0,차대차 - 측면직각충돌,직진우회전진행방해,건조,맑음,교차로 - 교차로안,승용,남,45세,상해없음,승용,남,60세,경상
2016022100100194,2016년 2월 21일 13시,일요일,강원도 태백시 황지동,경상사고,0,0,1,0,차대사람 - 횡단중,보행자보호의무위반,건조,맑음,교차로 - 교차로안,승용,남,45세,상해없음,보행자,여,54세,경상
2016022100100195,2016년 2월 21일 13시,일요일,강원도 태백시 통동,경상사고,0,0,1,0,차대차 - 측면직각충돌,안전운전불이행,건조,맑음,교차로 - 교차로안,승용,남,60세,상해없음,승용,여,59세,경상
2016022100100223,2016년 2월 21일 14시,일요일,강원도 원주시 무실동,경상사고,0,0,1,0,차대차 - 측면충돌,안전운전불이행,건조,맑음,교차로 - 교차로안,승용,여,51세,상해없음,승용,남,33세,상해없음
2016022100100224,2016년 2월 21일 14시,일요일,강원도 영월군 남면,경상사고,0,0,2,0,차대차 - 측면충돌,중앙선침범,건조,맑음,단일로 - 기타,승용,남,62세,상해없음,승용,남,46세,경상
2016022100100298,2016년 2월 21일 17시,일요일,강원도 원주시 봉산동,경상사고,0,0,1,0,차대차 - 추돌,안전운전불이행,건조,맑음,교차로 - 교차로안,승용,여,26세,상해없음,승용,남,58세,경상
2016022100100331,2016년 2월 21일 18시,일요일,강원도 정선군 임계면,부상신고사고,0,0,0,1,차량단독 - 전도전복,안전운전불이행,건조,맑음,기타 - 기타,이륜,남,73세,상해없음,,,,
2016022100100361,2016년 2월 21일 19시,일요일,강원도 원주시 소초면,경상사고,0,0,1,0,차대차 - 추돌,안전운전불이행,건조,맑음,단일로 - 기타,승용,여,20세,상해없음,승용,남,47세,상해없음
2016022100100389,2016년 2월 21일 20시,일요일,강원도 춘천시 효자동,경상사고,0,0,1,0,차대차 - 정면충돌,신호위반,건조,맑음,교차로 - 교차로안,승용,여,46세,상해없음,승용,남,73세,경상
2016022100100390,2016년 2월 21일 20시,일요일,강원도 고성군 죽왕면,중상사고,0,1,0,0,차대차 - 정면충돌,신호위반,건조,맑음,교차로 - 교차로안,승용,남,75세,상해없음,승용,남,37세,중상
2016022100100416,2016년 2월 21일 21시,일요일,강원도 원주시 무실동,경상사고,0,0,1,0,차대차 - 측면충돌,직진우회전진행방해,건조,맑음,교차로 - 교차로안,승용,여,47세,상해없음,이륜,남,24세,경상
2016022200100023,2016년 2월 22일 04시,월요일,강원도 평창군 진부면,사망사고,1,3,0,0,차대차 - 추돌,안전운전불이행,건조,맑음,단일로 - 기타,승용,남,43세,중상,승용,남,36세,사망
2016022200100049,2016년 2월 22일 06시,월요일,강원도 원주시 단계동,중상사고,0,1,1,0,차대차 - 측면충돌,중앙선침범,건조,맑음,단일로 - 기타,승용,남,45세,중상,승용,여,54세,경상
2016022200100066,2016년 2월 22일 07시,월요일,강원도 동해시 구호동,경상사고,0,0,1,0,차대차 - 측면충돌,교차로운행방법위반,건조,맑음,교차로 - 교차로안,승용,남,60세,상해없음,승용,남,36세,경상
2016022200100110,2016년 2월 22일 09시,월요일,강원도 원주시 단구동,경상사고,0,0,1,0,차대차 - 추돌,안전거리미확보,건조,맑음,교차로 - 교차로부근,승용,남,51세,기타불명,승용,남,40세,경상
2016022200100172,2016년 2월 22일 12시,월요일,강원도 춘천시 온의동,중상사고,0,1,0,0,차대사람 - 횡단중,보행자보호의무위반,건조,맑음,교차로 - 교차로안,승용,여,65세,상해없음,보행자,여,7세,중상
2016022200100173,2016년 2월 22일 12시,월요일,강원도 춘천시 온의동,경상사고,0,0,1,0,차대사람 - 횡단중,안전운전불이행,건조,맑음,교차로 - 교차로부근,화물,남,60세,상해없음,보행자,남,71세,경상
2016022200100174,2016년 2월 22일 12시,월요일,강원도 춘천시 근화동,경상사고,0,0,1,0,차대차 - 기타,안전운전불이행,건조,맑음,단일로 - 횡단보도상,승용,남,70세,상해없음,자전거,남,10세,경상
2016022200100192,2016년 2월 22일 13시,월요일,강원도 원주시 무실동,경상사고,0,0,1,0,차대차 - 정면충돌,중앙선침범,건조,맑음,교차로 - 교차로부근,이륜,남,50세,상해없음,승용,남,29세,경상
2016022200100193,2016년 2월 22일 13시,월요일,강원도 영월군 남면,중상사고,0,1,1,0,차대차 - 측면직각충돌,교차로운행방법위반,건조,맑음,교차로 - 교차로안,건설기계,남,48세,상해없음,승합,남,77세,중상
2016022200100240,2016년 2월 22일 15시,월요일,강원도 강릉시 홍제동,경상사고,0,0,1,0,차대차 - 측면충돌,안전운전불이행,건조,맑음,교차로 - 교차로안,승용,남,44세,상해없음,이륜,남,76세,경상
2016022200100241,2016년 2월 22일 15시,월요일,강원도 홍천군 홍천읍,경상사고,0,0,1,0,차대차 - 기타,교차로운행방법위반,건조,맑음,교차로 - 교차로안,승용,남,59세,상해없음,승용,남,60세,경상
2016022200100242,2016년 2월 22일 15시,월요일,강원도 태백시 화전동,경상사고,0,0,1,0,차대차 - 추돌,안전거리미확보,건조,맑음,교차로 - 교차로부근,승용,여,61세,상해없음,승용,여,34세,경상
2016022200100263,2016년 2월 22일 16시,월요일,강원도 동해시 천곡동,경상사고,0,0,5,0,차대차 - 측면직각충돌,직진우회전진행방해,건조,맑음,교차로 - 교차로안,승용,여,50세,경상,승용,남,20세,경상
2016022200100290,2016년 2월 22일 17시,월요일,강원도 춘천시 소양로2가,경상사고,0,0,1,0,차대차 - 측면직각충돌,안전운전불이행,건조,맑음,단일로 - 기타,자전거,남,81세,경상,원동기,남,31세,상해없음
2016022200100291,2016년 2월 22일 17시,월요일,강원도 속초시 조양동,경상사고,0,0,1,0,차대차 - 측면직각충돌,직진우회전진행방해,건조,맑음,교차로 - 교차로안,승용,남,23세,상해없음,승용,여,33세,경상
2016022200100292,2016년 2월 22일 17시,월요일,강원도 삼척시 원당동,중상사고,0,1,0,0,차대차 - 측면충돌,안전운전불이행,건조,맑음,교차로 - 교차로안,승용,남,39세,상해없음,원동기,남,50세,중상
2016022200100319,2016년 2월 22일 18시,월요일,강원도 속초시 교동,경상사고,0,0,1,0,차대사람 - 횡단중,안전운전불이행,건조,맑음,단일로 - 기타,승용,남,66세,상해없음,보행자,여,59세,경상