사고번호,사고일시,요일,시군구,사고내용,사망자수,중상자수,경상자수,부상신고자수,사고유형,법규위반,노면상태,기상상태,도로형태,가해운전자 차종,가해운전자 성별,가해운전자 연령,가해운전자 상해정도,피해운전자 차종,피해운전자 성별,피해운전자 연령,피해운전자 상해정도
2016022800100316,2016년 2월 28일 17시,일요일,강원도 양양군 서면,중상사고,0,1,2,0,차대차 - 측면충돌,안전운전불이행,적설,눈,단일로 - 기타,승용,남,39세,기타불명,승용,남,67세,경상
2016022800100317,2016년 2월 28일 17시,일요일,강원도 고성군 토성면,경상사고,0,0,4,0,차대차 - 정면충돌,중앙선침범,습기,눈,단일로 - 기타,승용,남,41세,상해없음,승용,남,44세,경상
2016022800100318,2016년 2월 28일 17시,일요일,강원도 강릉시 성산면,경상사고,0,0,2,0,차대차 - 추돌,안전운전불이행,적설,눈,단일로 - 기타,승용,남,35세,상해없음,승용,남,54세,경상
2016022800100358,2016년 2월 28일 18시,일요일,강원도 홍천군 홍천읍,경상사고,0,0,2,0,차대차 - 추돌,안전거리미확보,습기,비,교차로 - 교차로부근,화물,남,47세,상해없음,승용,남,39세,경상
2016022800100403,2016년 2월 28일 19시,일요일,강원도 춘천시 후평동,경상사고,0,0,1,0,차대사람 - 횡단중,보행자보호의무위반,결빙,흐림,단일로 - 횡단보도상,승용,남,66세,상해없음,보행자,남,70세,경상
2016022800100432,2016년 2월 28일 20시,일요일,강원도 원주시 원동,중상사고,0,1,3,0,차대차 - 측면충돌,신호위반,건조,맑음,교차로 - 교차로안,승용,남,71세,경상,승용,남,48세,중상
2016022800100433,2016년 2월 28일 20시,일요일,강원도 영월군 한반도면,부상신고사고,0,0,0,1,차량단독 - 전도전복,안전운전불이행,적설,비,단일로 - 기타,이륜,남,48세,기타불명,,,,
2016022800100434,2016년 2월 28일 20시,일요일,강원도 횡성군 횡성읍,경상사고,0,0,4,0,차대차 - 추돌,안전거리미확보,습기,눈,단일로 - 교량,승용,남,48세,상해없음,승용,남,48세,경상
2016022800100464,2016년 2월 28일 21시,일요일,강원도 철원군 동송읍,경상사고,0,0,1,0,차대차 - 정면충돌,중앙선침범,적설,눈,단일로 - 기타,승용,남,59세,상해없음,화물,남,55세,경상
2016022800100465,2016년 2월 28일 21시,일요일,강원도 동해시 천곡동,중상사고,0,2,2,0,차대차 - 측면직각충돌,중앙선침범,결빙,흐림,교차로 - 교차로부근,승용,남,46세,상해없음,승용,여,57세,경상
2016022900100008,2016년 2월 29일 00시,월요일,강원도 속초시 조양동,경상사고,0,0,1,0,차대차 - 측면직각충돌,신호위반,결빙,흐림,교차로 - 교차로안,승용,남,63세,상해없음,승용,남,38세,경상
2016022900100025,2016년 2월 29일 02시,월요일,강원도 춘천시 효자동,경상사고,0,0,2,0,차대차 - 측면직각충돌,직진우회전진행방해,건조,맑음,교차로 - 교차로안,승용,남,20세,상해없음,승용,남,47세,경상
2016022900100064,2016년 2월 29일 07시,월요일,강원도 삼척시 도계읍,경상사고,0,0,2,0,차량단독 - 도로외이탈 - 추락,안전운전불이행,결빙,맑음,단일로 - 기타,승용,남,68세,경상,,,,
2016022900100103,2016년 2월 29일 09시,월요일,강원도 철원군 동송읍,중상사고,0,1,0,0,차대차 - 측면충돌,직진우회전진행방해,건조,맑음,교차로 - 교차로안,화물,남,69세,상해없음,승합,남,71세,상해없음
2016022900100145,2016년 2월 29일 11시,월요일,강원도 춘천시 효자동,경상사고,0,0,2,0,차대차 - 추돌,안전운전불이행,습기,흐림,교차로 - 교차로부근,승용,남,63세,상해없음,승용,남,34세,경상
2016022900100222,2016년 2월 29일 13시,월요일,강원도 춘천시 후평동,경상사고,0,0,2,1,차대차 - 측면직각충돌,교차로운행방법위반,건조,흐림,교차로 - 교차로안,승용,여,34세,부상신고,화물,남,39세,경상
2016022900100223,2016년 2월 29일 13시,월요일,강원도 춘천시 소양로4가,경상사고,0,0,2,0,차대차 - 측면직각충돌,교차로운행방법위반,건조,맑음,교차로 - 교차로안,승용,남,61세,상해없음,승용,남,38세,경상
2016022900100257,2016년 2월 29일 14시,월요일,강원도 강릉시 임당동,경상사고,0,0,1,0,차대사람 - 횡단중,안전운전불이행,건조,맑음,교차로 - 교차로부근,승용,남,41세,상해없음,보행자,여,76세,경상
2016022900100391,2016년 2월 29일 18시,월요일,강원도 춘천시 후평동,중상사고,0,2,0,0,차대차 - 추돌,안전운전불이행,건조,맑음,단일로 - 기타,승용,여,22세,상해없음,승용,남,67세,중상
2016022900100392,2016년 2월 29일 18시,월요일,강원도 춘천시 효자동,중상사고,0,1,0,0,차대사람 - 길가장자리구역통행중,안전운전불이행,건조,맑음,단일로 - 기타,승용,남,44세,상해없음,보행자,남,18세,중상
2016022900100393,2016년 2월 29일 18시,월요일,강원도 강릉시 교동,경상사고,0,0,1,0,차대사람 - 횡단중,안전운전불이행,건조,맑음,단일로 - 기타,승용,남,61세,상해없음,보행자,남,9세,경상
2016022900100475,2016년 2월 29일 20시,월요일,강원도 삼척시 도계읍,경상사고,0,0,4,0,차대차 - 측면직각충돌,직진우회전진행방해,건조,맑음,교차로 - 교차로안,승용,남,50세,상해없음,승용,남,63세,경상
2016022900100476,2016년 2월 29일 20시,월요일,강원도 동해시 동회동,중상사고,0,2,1,0,차대차 - 측면직각충돌,신호위반,건조,맑음,교차로 - 교차로안,승용,남,56세,중상,승용,남,19세,경상
2016022900100548,2016년 2월 29일 22시,월요일,강원도 삼척시 당저동,경상사고,0,0,1,0,차대차 - 측면충돌,직진우회전진행방해,건조,맑음,교차로 - 교차로안,원동기,남,16세,경상,승용,남,20세,상해없음
2016022900100580,2016년 2월 29일 23시,월요일,강원도 원주시 단구동,경상사고,0,0,1,0,차대차 - 추돌,안전거리미확보,건조,맑음,단일로 - 기타,화물,남,46세,상해없음,승합,남,54세,경상
2016030100100013,2016년 3월 1일 00시,화요일,강원도 춘천시 칠전동,중상사고,0,1,1,0,차대차 - 추돌,안전운전불이행,건조,맑음,단일로 - 기타,승용,남,35세,상해없음,승용,남,36세,경상
2016030100100049,2016년 3월 1일 01시,화요일,강원도 춘천시 후평동,경상사고,0,0,1,0,차대차 - 측면직각충돌,중앙선침범,건조,맑음,단일로 - 기타,승용,남,58세,상해없음,승용,남,36세,경상
2016030100100050,2016년 3월 1일 01시,화요일,강원도 정선군 고한읍,부상신고사고,0,0,0,2,차대차 - 추돌,안전운전불이행,습기,기타,단일로 - 기타,승용,남,56세,부상신고,건설기계,남,48세,상해없음
2016030100100074,2016년 3월 1일 02시,화요일,강원도 원주시 단계동,경상사고,0,0,2,0,차대차 - 측면충돌,중앙선침범,건조,맑음,교차로 - 교차로부근,승용,남,23세,상해없음,승용,남,27세,경상
2016030100100098,2016년 3월 1일 04시,화요일,강원도 춘천시 퇴계동,경상사고,0,0,1,0,차대차 - 측면직각충돌,교차로운행방법위반,건조,맑음,교차로 - 교차로안,화물,남,58세,상해없음,승용,남,26세,경상
2016030100100127,2016년 3월 1일 06시,화요일,강원도 원주시 일산동,중상사고,0,1,0,0,차대사람 - 횡단중,보행자보호의무위반,건조,맑음,단일로 - 기타,승용,남,51세,상해없음,보행자,남,19세,중상
2016030100100156,2016년 3월 1일 08시,화요일,강원도 원주시 우산동,경상사고,0,0,4,0,차대차 - 정면충돌,안전운전불이행,건조,맑음,교차로 - 교차로안,화물,남,39세,상해없음,승용,남,43세,경상
2016030100100223,2016년 3월 1일 12시,화요일,강원도 춘천시 칠전동,경상사고,0,0,2,0,차대차 - 추돌,안전거리미확보,건조,맑음,단일로 - 기타,화물,남,54세,상해없음,승용,남,57세,경상
2016030100100252,2016년 3월 1일 13시,화요일,강원도 원주시 문막읍,경상사고,0,0,3,0,차대차 - 추돌,안전운전불이행,건조,맑음,단일로 - 기타,이륜,남,52세,상해없음,승용,남,46세,경상
2016030100100253,2016년 3월 1일 13시,화요일,강원도 영월군 남면,경상사고,0,0,2,0,차대차 - 추돌,안전거리미확보,건조,맑음,단일로 - 교량,승합,남,36세,상해없음,승용,남,45세,경상
2016030100100394,2016년 3월 1일 18시,화요일,강원도 원주시 단구동,경상사고,0,0,1,0,차대차 - 측면직각충돌,안전운전불이행,건조,맑음,단일로 - 기타,승용,남,38세,상해없음,이륜,남,49세,경상
2016030100100395,2016년 3월 1일 18시,화요일,강원도 화천군 화천읍,경상사고,0,0,1,0,차대차 - 정면충돌,안전운전불이행,건조,맑음,단일로 - 기타,특수,남,37세,상해없음,이륜,남,40세,경상
2016030200100007,2016년 3월 2일 00시,수요일,강원도 원주시 부론면,경상사고,0,0,1,0,차대차 - 측면충돌,안전운전불이행,건조,맑음,단일로 - 기타,승용,여,53세,상해없음,승용,여,28세,경상
2016030200100011,2016년 3월 2일 01시,수요일,강원도 인제군 인제읍,중상사고,0,1,0,0,차량단독 - 전도전복,안전운전불이행,건조,맑음,단일로 - 기타,승용,남,34세,상해없음,,,,
2016030200100106,2016년 3월 2일 08시,수요일,강원도 원주시 무실동,경상사고,0,0,1,0,차대차 - 측면충돌,신호위반,건조,맑음,교차로 - 교차로안,승용,여,49세,상해없음,승용,남,54세,경상
2016030200100107,2016년 3월 2일 08시,수요일,강원도 홍천군 홍천읍,경상사고,0,0,2,0,차대차 - 측면직각충돌,직진우회전진행방해,건조,맑음,교차로 - 교차로안,승용,남,53세,상해없음,승용,여,51세,경상
2016030200100139,2016년 3월 2일 09시,수요일,강원도 철원군 동송읍,중상사고,0,3,0,0,차대차 - 기타,중앙선침범,건조,맑음,단일로 - 기타,승용,남,69세,상해없음,승용,남,33세,중상
2016030200100164,2016년 3월 2일 10시,수요일,강원도 춘천시 후평동,경상사고,0,0,1,0,차대차 - 측면충돌,신호위반,건조,맑음,단일로 - 기타,승용,남,19세,상해없음,승용,남,61세,경상
2016030200100165,2016년 3월 2일 10시,수요일,강원도 원주시 반곡동,중상사고,0,1,0,0,차대차 - 정면충돌,차로위반,건조,맑음,단일로 - 기타,승용,여,44세,상해없음,승용,여,54세,중상
2016030200100166,2016년 3월 2일 10시,수요일,강원도 속초시 교동,경상사고,0,0,2,0,차대차 - 측면충돌,신호위반,건조,맑음,교차로 - 교차로부근,화물,남,53세,상해없음,승용,여,28세,경상
2016030200100187,2016년 3월 2일 11시,수요일,강원도 춘천시 소양로4가,경상사고,0,0,1,0,차대차 - 정면충돌,중앙선침범,건조,맑음,단일로 - 기타,승용,여,30세,상해없음,승용,여,27세,경상
2016030200100188,2016년 3월 2일 11시,수요일,강원도 춘천시 효자동,중상사고,0,1,0,0,차대차 - 측면직각충돌,교차로운행방법위반,건조,맑음,교차로 - 교차로안,승용,남,48세,상해없음,이륜,남,28세,중상
2016030200100189,2016년 3월 2일 11시,수요일,강원도 원주시 개운동,경상사고,0,0,1,0,차대차 - 정면충돌,안전운전불이행,습기,흐림,교차로 - 교차로부근,화물,남,64세,상해없음,승용,여,48세,경상
2016030200100190,2016년 3월 2일 11시,수요일,강원도 철원군 갈말읍,중상사고,0,1,0,0,차대사람 - 횡단중,안전운전불이행,건조,맑음,기타 - 기타,승용,여,51세,상해없음,보행자,남,16세,중상
2016030200100214,2016년 3월 2일 12시,수요일,강원도 춘천시 사농동,경상사고,0,0,4,0,차대차 - 측면직각충돌,신호위반,건조,맑음,교차로 - 교차로안,승합,남,35세,경상,승용,여,37세,경상
2016030200100215,2016년 3월 2일 12시,수요일,강원도 춘천시 동내면,경상사고,0,0,5,0,차대차 - 측면충돌,안전운전불이행,건조,맑음,교차로 - 교차로부근,승용,남,78세,상해없음,승용,남,63세,경상
2016030200100216,2016년 3월 2일 12시,수요일,강원도 원주시 단구동,경상사고,0,0,1,0,차대차 - 정면충돌,안전운전불이행,건조,맑음,교차로 - 교차로안,이륜,남,29세,상해없음,승용,남,46세,경상
2016030200100217,2016년 3월 2일 12시,수요일,강원도 원주시 무실동,경상사고,0,0,1,0,차대차 - 측면충돌,중앙선침범,건조,맑음,단일로 - 기타,승용,남,57세,상해없음,승용,여,51세,경상
2016030200100218,2016년 3월 2일 12시,수요일,강원도 원주시 단계동,부상신고사고,0,0,0,1,차대사람 - 횡단중,보행자보호의무위반,건조,맑음,단일로 - 횡단보도상,기타불명,기타불명,기타불명,기타불명,보행자,여,7세,부상신고
2016030200100219,2016년 3월 2일 12시,수요일,강원도 삼척시 교동,중상사고,0,2,1,0,차대차 - 측면충돌,안전거리미확보,건조,맑음,단일로 - 기타,승용,남,73세,중상,승용,남,59세,경상
2016030200100220,2016년 3월 2일 12시,수요일,강원도 삼척시 정상동,경상사고,0,0,1,0,차대차 - 추돌,안전거리미확보,건조,맑음,단일로 - 기타,화물,남,63세,상해없음,승용,남,76세,상해없음
2016030200100276,2016년 3월 2일 14시,수요일,강원도 원주시 태장동,경상사고,0,0,1,0,차대차 - 정면충돌,안전운전불이행,건조,맑음,교차로 - 교차로안,승용,남,70세,상해없음,이륜,남,65세,경상
2016030200100305,2016년 3월 2일 15시,수요일,강원도 속초시 조양동,경상사고,0,0,1,0,차대차 - 측면충돌,교차로운행방법위반,건조,맑음,교차로 - 교차로안,승용,여,74세,상해없음,승용,남,58세,경상
2016030200100306,2016년 3월 2일 15시,수요일,강원도 평창군 대화면,사망사고,1,0,0,0,차량단독 - 전도전복,안전운전불이행,건조,맑음,단일로 - 교량,승용,남,50세,사망,,,,
2016030200100340,2016년 3월 2일 16시,수요일,강원도 영월군 남면,경상사고,0,0,2,0,차대차 - 기타,차로위반,건조,맑음,단일로 - 터널,화물,남,59세,상해없음,승용,남,30세,경상
2016030200100396,2016년 3월 2일 18시,수요일,강원도 춘천시 근화동,경상사고,0,0,1,0,차대차 - 추돌,안전운전불이행,건조,맑음,단일로 - 기타,승용,남,29세,상해없음,승용,여,37세,경상
2016030200100397,2016년 3월 2일 18시,수요일,강원도 영월군 영월읍,부상신고사고,0,0,0,1,차대사람 - 횡단중,안전운전불이행,건조,맑음,교차로 - 교차로안,화물,남,55세,상해없음,보행자,남,42세,부상신고
2016030200100440,2016년 3월 2일 19시,수요일,강원도 원주시 평원동,경상사고,0,0,4,0,차대차 - 정면충돌,안전운전불이행,건조,기타,단일로 - 기타,승용,남,47세,상해없음,승용,여,50세,경상
2016030200100441,2016년 3월 2일 19시,수요일,강원도 속초시 도문동,경상사고,0,0,1,0,차대차 - 측면충돌,중앙선침범,건조,맑음,단일로 - 기타,승합,남,72세,상해없음,승용,여,26세,경상
2016030200100474,2016년 3월 2일 20시,수요일,강원도 춘천시 소양로2가,경상사고,0,0,1,0,차대차 - 측면직각충돌,교차로운행방법위반,건조,맑음,교차로 - 교차로안,승용,여,50세,상해없음,원동기,남,17세,경상
2016030200100498,2016년 3월 2일 21시,수요일,강원도 춘천시 퇴계동,경상사고,0,0,1,0,차대사람 - 길가장자리구역통행중,안전운전불이행,건조,맑음,단일로 - 기타,승용,여,64세,상해없음,보행자,남,30세,경상
2016030200100529,2016년 3월 2일 22시,수요일,강원도 원주시 태장동,경상사고,0,0,1,0,차대사람 - 기타,안전운전불이행,건조,맑음,단일로 - 기타,승용,여,36세,상해없음,보행자,남,54세,경상
2016030200100530,2016년 3월 2일 22시,수요일,강원도 철원군 갈말읍,중상사고,0,1,0,0,차대차 - 추돌,안전운전불이행,건조,맑음,교차로 - 교차로안,승용,남,23세,상해없음,승용,남,31세,중상
2016030200100531,2016년 3월 2일 22시,수요일,강원도 양구군 남면,사망사고,1,0,0,0,차대사람 - 차도통행중,안전운전불이행,건조,맑음,단일로 - 기타,화물,남,45세,상해없음,보행자,남,59세,사망
2016030200100558,2016년 3월 2일 23시,수요일,강원도 동해시 천곡동,경상사고,0,0,1,0,차대사람 - 차도통행중,안전운전불이행,건조,맑음,단일로 - 기타,승용,여,28세,상해없음,보행자,남,32세,경상
2016030300100066,2016년 3월 3일 06시,목요일,강원도 춘천시 소양로1가,중상사고,0,2,1,0,차대차 - 정면충돌,중앙선침범,습기,흐림,단일로 - 기타,승용,남,31세,중상,승용,여,36세,중상
2016030300100067,2016년 3월 3일 06시,목요일,강원도 원주시 우산동,경상사고,0,0,1,0,차대차 - 정면충돌,신호위반,건조,맑음,교차로 - 교차로안,화물,남,61세,상해없음,승용,여,53세,경상
2016030300100115,2016년 3월 3일 08시,목요일,강원도 원주시 관설동,경상사고,0,0,2,0,차대차 - 정면충돌,중앙선침범,건조,맑음,단일로 - 기타,승용,여,58세,상해없음,승용,여,42세,경상
2016030300100116,2016년 3월 3일 08시,목요일,강원도 횡성군 공근면,중상사고,0,1,0,0,차대차 - 기타,안전운전불이행,건조,맑음,단일로 - 기타,화물,남,44세,상해없음,승용,여,64세,중상
2016030300100117,2016년 3월 3일 08시,목요일,강원도 동해시 천곡동,중상사고,0,1,0,0,차대사람 - 기타,기타,건조,맑음,단일로 - 기타,승합,남,45세,상해없음,보행자,여,71세,중상
2016030300100147,2016년 3월 3일 09시,목요일,강원도 원주시 태장동,경상사고,0,0,1,0,차대차 - 정면충돌,중앙선침범,습기,맑음,교차로 - 교차로부근,승용,남,21세,상해없음,승용,남,29세,경상
2016030300100148,2016년 3월 3일 09시,목요일,강원도 원주시 우산동,중상사고,0,3,3,0,차대차 - 추돌,안전거리미확보,건조,맑음,단일로 - 기타,승용,남,81세,경상,승용,여,49세,경상
2016030300100174,2016년 3월 3일 10시,목요일,강원도 춘천시 온의동,경상사고,0,0,1,0,차대차 - 측면직각충돌,안전운전불이행,건조,맑음,단일로 - 기타,화물,남,60세,상해없음,이륜,남,72세,경상
2016030300100175,2016년 3월 3일 10시,목요일,강원도 춘천시 소양로2가,경상사고,0,0,1,0,차대차 - 측면직각충돌,직진우회전진행방해,습기,맑음,교차로 - 교차로안,화물,남,39세,상해없음,승용,남,71세,경상
2016030300100176,2016년 3월 3일 10시,목요일,강원도 삼척시 정상동,중상사고,0,1,0,0,차대사람 - 길가장자리구역통행중,안전운전불이행,건조,맑음,단일로 - 기타,승용,남,68세,상해없음,보행자,남,31세,중상
2016030300100195,2016년 3월 3일 11시,목요일,강원도 춘천시 교동,경상사고,0,0,1,0,차대차 - 측면직각충돌,교차로운행방법위반,건조,맑음,교차로 - 교차로안,승용,남,22세,상해없음,화물,남,32세,경상
2016030300100196,2016년 3월 3일 11시,목요일,강원도 강릉시 강동면,경상사고,0,0,1,0,차대차 - 측면직각충돌,안전운전불이행,건조,맑음,단일로 - 기타,승용,여,35세,상해없음,승용,남,53세,경상
2016030300100197,2016년 3월 3일 11시,목요일,강원도 원주시 관설동,경상사고,0,0,1,0,차대차 - 측면충돌,안전운전불이행,건조,맑음,교차로 - 교차로부근,화물,남,60세,상해없음,승용,남,19세,경상
2016030300100198,2016년 3월 3일 11시,목요일,강원도 속초시 동명동,경상사고,0,0,1,0,차대차 - 정면충돌,신호위반,건조,맑음,교차로 - 교차로안,승용,여,54세,상해없음,승용,여,44세,경상
2016030300100199,2016년 3월 3일 11시,목요일,강원도 인제군 남면,경상사고,0,0,1,0,차량단독 - 전도전복,안전운전불이행,습기,흐림,교차로 - 교차로부근,승용,여,31세,상해없음,,,,
2016030300100301,2016년 3월 3일 15시,목요일,강원도 춘천시 효자동,경상사고,0,0,1,0,차대차 - 추돌,안전운전불이행,건조,맑음,교차로 - 교차로부근,승용,남,40세,상해없음,승용,여,40세,상해없음
2016030300100302,2016년 3월 3일 15시,목요일,강원도 강릉시 교동,경상사고,0,0,1,0,차대차 - 정면충돌,안전운전불이행,건조,맑음,교차로 - 교차로안,승용,남,62세,상해없음,이륜,남,55세,경상
2016030300100329,2016년 3월 3일 16시,목요일,강원도 춘천시 석사동,중상사고,0,1,2,0,차대차 - 측면직각충돌,교차로운행방법위반,건조,맑음,단일로 - 기타,화물,남,59세,상해없음,승합,남,49세,상해없음
2016030300100330,2016년 3월 3일 16시,목요일,강원도 속초시 조양동,중상사고,0,1,0,0,차대사람 - 길가장자리구역통행중,안전운전불이행,건조,맑음,단일로 - 기타,승용,여,58세,상해없음,보행자,여,57세,중상
2016030300100331,2016년 3월 3일 16시,목요일,강원도 삼척시 교동,경상사고,0,0,1,0,차대차 - 기타,안전운전불이행,건조,맑음,단일로 - 기타,승용,여,35세,상해없음,화물,남,74세,상해없음
2016030300100360,2016년 3월 3일 17시,목요일,강원도 춘천시 퇴계동,경상사고,0,0,1,0,차대차 - 추돌,안전운전불이행,건조,맑음,단일로 - 기타,승용,남,52세,상해없음,승용,남,45세,경상
2016030300100361,2016년 3월 3일 17시,목요일,강원도 속초시 교동,중상사고,0,1,0,0,차대사람 - 길가장자리구역통행중,안전운전불이행,건조,맑음,단일로 - 기타,자전거,남,13세,기타불명,보행자,여,7세,중상
2016030300100407,2016년 3월 3일 18시,목요일,강원도 춘천시 퇴계동,부상신고사고,0,0,0,1,차대사람 - 기타,안전운전불이행,건조,맑음,단일로 - 기타,기타불명,기타불명,기타불명,기타불명,보행자,남,26세,부상신고
2016030300100459,2016년 3월 3일 19시,목요일,강원도 원주시 일산동,경상사고,0,0,1,0,차대차 - 측면충돌,안전운전불이행,건조,맑음,교차로 - 교차로안,승용,남,63세,상해없음,이륜,남,20세,경상
2016030300100571,2016년 3월 3일 23시,목요일,강원도 속초시 교동,중상사고,0,1,0,0,차대사람 - 횡단중,안전운전불이행,건조,맑음,단일로 - 기타,승용,남,44세,상해없음,보행자,남,22세,중상
2016030400100020,2016년 3월 4일 00시,금요일,강원도 양구군 양구읍,경상사고,0,0,1,0,차량단독 - 공작물충돌,안전운전불이행,건조,맑음,교차로 - 교차로안,승용,남,23세,기타불명,,,,
2016030400100081,2016년 3월 4일 06시,금요일,강원도 춘천시 온의동,경상사고,0,0,1,0,차대사람 - 횡단중,보행자보호의무위반,건조,맑음,단일로 - 횡단보도상,승용,남,24세,상해없음,보행자,여,44세,경상
2016030400100082,2016년 3월 4일 06시,금요일,강원도 춘천시 석사동,중상사고,0,1,0,0,차대사람 - 횡단중,보행자보호의무위반,건조,맑음,교차로 - 교차로부근,승용,여,65세,상해없음,보행자,여,48세,중상
2016030400100098,2016년 3월 4일 07시,금요일,강원도 춘천시 교동,경상사고,0,0,1,0,차대차 - 측면충돌,직진우회전진행방해,건조,맑음,교차로 - 교차로안,승합,남,46세,상해없음,승용,남,68세,경상
2016030400100143,2016년 3월 4일 08시,금요일,강원도 춘천시 근화동,경상사고,0,0,1,0,차대차 - 측면직각충돌,중앙선침범,결빙,맑음,단일로 - 기타,승용,남,36세,상해없음,승용,남,73세,경상
2016030400100144,2016년 3월 4일 08시,금요일,강원도 원주시 무실동,중상사고,0,1,1,0,차대차 - 추돌,안전운전불이행,건조,맑음,기타 - 기타,승용,여,25세,기타불명,승용,남,44세,중상
2016030400100179,2016년 3월 4일 09시,금요일,강원도 속초시 조양동,경상사고,0,0,3,0,차대차 - 측면직각충돌,직진우회전진행방해,건조,흐림,교차로 - 교차로안,승용,남,53세,상해없음,승합,남,33세,상해없음
2016030400100226,2016년 3월 4일 11시,금요일,강원도 춘천시 후평동,경상사고,0,0,1,0,차대차 - 측면직각충돌,교차로운행방법위반,건조,맑음,교차로 - 교차로안,승용,남,65세,상해없음,이륜,남,19세,경상
2016030400100227,2016년 3월 4일 11시,금요일,강원도 춘천시 동면,경상사고,0,0,1,0,차대차 - 측면직각충돌,안전운전불이행,건조,맑음,단일로 - 기타,승용,남,61세,상해없음,승용,여,68세,경상
2016030400100228,2016년 3월 4일 11시,금요일,강원도 원주시 단계동,경상사고,0,0,1,0,차대차 - 측면충돌,안전운전불이행,건조,맑음,교차로 - 교차로안,승용,남,62세,상해없음,승용,여,41세,경상
2016030400100262,2016년 3월 4일 12시,금요일,강원도 원주시 반곡동,경상사고,0,0,1,0,차대차 - 측면충돌,안전운전불이행,건조,맑음,단일로 - 기타,승용,남,64세,상해없음,승용,여,54세,경상
2016030400100364,2016년 3월 4일 15시,금요일,강원도 춘천시 후평동,부상신고사고,0,0,0,1,차대사람 - 기타,안전운전불이행,건조,맑음,단일로 - 기타,기타불명,기타불명,기타불명,기타불명,보행자,남,37세,부상신고
2016030400100389,2016년 3월 4일 16시,금요일,강원도 강릉시 초당동,중상사고,0,1,0,0,차대사람 - 길가장자리구역통행중,안전운전불이행,건조,맑음,교차로 - 교차로안,화물,남,52세,상해없음,보행자,여,55세,중상
2016030400100390,2016년 3월 4일 16시,금요일,강원도 속초시 교동,경상사고,0,0,1,0,차대차 - 측면직각충돌,신호위반,건조,맑음,교차로 - 교차로안,승용,남,66세,상해없음,승용,남,54세,상해없음
2016030400100421,2016년 3월 4일 17시,금요일,강원도 강릉시 교동,중상사고,0,1,0,0,차대차 - 측면직각충돌,안전운전불이행,건조,맑음,단일로 - 기타,건설기계,남,42세,상해없음,원동기,남,35세,중상
2016030400100504,2016년 3월 4일 19시,금요일,강원도 춘천시 후평동,중상사고,0,1,0,0,차대사람 - 기타,보행자보호의무위반,건조,맑음,교차로 - 교차로안,승용,남,34세,상해없음,보행자,남,66세,중상
2016030400100505,2016년 3월 4일 19시,금요일,강원도 속초시 조양동,중상사고,0,1,0,0,차대차 - 측면직각충돌,중앙선침범,건조,맑음,단일로 - 기타,승용,남,36세,상해없음,이륜,남,34세,중상
2016030400100596,2016년 3월 4일 21시,금요일,강원도 속초시 조양동,경상사고,0,0,1,0,차대차 - 기타,교차로운행방법위반,건조,흐림,교차로 - 교차로안,화물,남,48세,상해없음,원동기,남,19세,경상
2016030500100148,2016년 3월 5일 06시,토요일,강원도 속초시 동명동,경상사고,0,0,1,0,차대차 - 측면충돌,신호위반,습기,비,교차로 - 교차로안,승합,남,40세,상해없음,화물,남,58세,경상
2016030500100217,2016년 3월 5일 10시,토요일,강원도 원주시 단계동,중상사고,0,1,5,0,차대차 - 정면충돌,안전운전불이행,건조,맑음,단일로 - 기타,승용,남,53세,경상,승용,남,35세,중상
2016030500100245,2016년 3월 5일 11시,토요일,강원도 영월군 영월읍,경상사고,0,0,1,0,차대차 - 측면직각충돌,안전운전불이행,건조,맑음,교차로 - 교차로안,승용,남,63세,상해없음,이륜,남,58세,경상
2016030500100270,2016년 3월 5일 12시,토요일,강원도 강릉시 병산동,부상신고사고,0,0,0,1,차대차 - 추돌,안전운전불이행,건조,맑음,교차로 - 교차로부근,화물,남,42세,상해없음,승용,남,38세,상해없음
2016030500100271,2016년 3월 5일 12시,토요일,강원도 원주시 단구동,경상사고,0,0,1,0,차대차 - 정면충돌,안전운전불이행,건조,맑음,기타 - 기타,승용,남,46세,상해없음,승용,남,36세,경상
2016030500100272,2016년 3월 5일 12시,토요일,강원도 동해시 효가동,경상사고,0,0,1,0,차대차 - 측면직각충돌,직진우회전진행방해,건조,맑음,교차로 - 교차로안,승용,남,68세,상해없음,승용,남,52세,경상
2016030500100298,2016년 3월 5일 13시,토요일,강원도 철원군 동송읍,경상사고,0,0,4,0,차대차 - 측면직각충돌,직진우회전진행방해,습기,비,교차로 - 교차로안,승용,남,55세,상해없음,화물,남,59세,상해없음
2016030500100325,2016년 3월 5일 14시,토요일,강원도 원주시 단계동,경상사고,0,0,3,0,차대차 - 추돌,안전거리미확보,건조,맑음,단일로 - 기타,승용,남,38세,상해없음,승용,여,37세,경상
2016030500100326,2016년 3월 5일 14시,토요일,강원도 속초시 노학동,경상사고,0,0,4,0,차대차 - 측면충돌,안전운전불이행,습기,비,단일로 - 기타,승용,남,67세,상해없음,승용,남,42세,경상
2016030500100352,2016년 3월 5일 15시,토요일,강원도 춘천시 온의동,경상사고,0,0,2,0,차대차 - 추돌,안전운전불이행,건조,맑음,교차로 - 교차로부근,승용,여,49세,상해없음,승용,남,29세,경상
2016030500100353,2016년 3월 5일 15시,토요일,강원도 강릉시 주문진읍,중상사고,0,1,0,0,차대사람 - 횡단중,안전운전불이행,건조,맑음,단일로 - 기타,승용,남,46세,상해없음,보행자,남,4세,중상
2016030500100381,2016년 3월 5일 16시,토요일,강원도 원주시 학성동,경상사고,0,0,2,0,차대차 - 정면충돌,안전운전불이행,습기,비,교차로 - 교차로안,승용,여,52세,상해없음,이륜,남,44세,경상