사고번호,사고일시,요일,시군구,사고내용,사망자수,중상자수,경상자수,부상신고자수,사고유형,법규위반,노면상태,기상상태,도로형태,가해운전자 차종,가해운전자 성별,가해운전자 연령,가해운전자 상해정도,피해운전자 차종,피해운전자 성별,피해운전자 연령,피해운전자 상해정도
2016030500100382,2016년 3월 5일 16시,토요일,강원도 원주시 학성동,경상사고,0,0,1,0,차대차 - 추돌,안전운전불이행,건조,맑음,단일로 - 기타,승용,남,52세,상해없음,화물,남,58세,경상
2016030500100408,2016년 3월 5일 17시,토요일,강원도 원주시 태장동,경상사고,0,0,1,0,차대차 - 정면충돌,교차로운행방법위반,습기,비,교차로 - 교차로부근,승용,남,25세,상해없음,승합,남,46세,경상
2016030500100409,2016년 3월 5일 17시,토요일,강원도 원주시 일산동,경상사고,0,0,1,0,차대차 - 측면직각충돌,안전운전불이행,습기,비,교차로 - 교차로안,승용,남,26세,상해없음,승용,남,32세,경상
2016030500100446,2016년 3월 5일 18시,토요일,강원도 속초시 청학동,경상사고,0,0,1,0,차대사람 - 횡단중,신호위반,습기,비,단일로 - 횡단보도상,이륜,남,56세,상해없음,보행자,남,30세,경상
2016030500100447,2016년 3월 5일 18시,토요일,강원도 홍천군 홍천읍,중상사고,0,1,0,0,차대사람 - 횡단중,안전운전불이행,습기,비,단일로 - 기타,화물,남,44세,상해없음,보행자,여,66세,중상
2016030500100448,2016년 3월 5일 18시,토요일,강원도 횡성군 횡성읍,경상사고,0,0,1,0,차대차 - 기타,안전운전불이행,습기,비,교차로 - 교차로부근,승용,여,37세,상해없음,승용,남,36세,경상
2016030500100502,2016년 3월 5일 19시,토요일,강원도 춘천시 신동면,경상사고,0,0,3,0,차대차 - 추돌,안전거리미확보,습기,비,단일로 - 기타,승용,남,63세,상해없음,승용,남,26세,경상
2016030500100536,2016년 3월 5일 20시,토요일,강원도 삼척시 교동,경상사고,0,0,2,0,차대차 - 측면충돌,중앙선침범,습기,비,교차로 - 교차로부근,승용,남,44세,상해없음,승용,여,47세,경상
2016030500100537,2016년 3월 5일 20시,토요일,강원도 평창군 대관령면,경상사고,0,0,2,0,차대차 - 측면충돌,안전운전불이행,습기,비,교차로 - 교차로안,화물,여,37세,상해없음,화물,남,42세,경상
2016030500100577,2016년 3월 5일 21시,토요일,강원도 원주시 단계동,경상사고,0,0,1,0,차대차 - 정면충돌,안전운전불이행,습기,비,단일로 - 기타,이륜,남,47세,상해없음,이륜,남,23세,경상
2016030500100578,2016년 3월 5일 21시,토요일,강원도 동해시 쇄운동,중상사고,0,3,4,0,차대차 - 측면직각충돌,신호위반,습기,비,교차로 - 교차로안,승합,남,43세,상해없음,화물,남,43세,상해없음
2016030500100610,2016년 3월 5일 22시,토요일,강원도 강릉시 교동,경상사고,0,0,2,0,차대사람 - 횡단중,신호위반,습기,비,교차로 - 교차로부근,승용,남,48세,상해없음,보행자,여,20세,경상
2016030500100611,2016년 3월 5일 22시,토요일,강원도 평창군 진부면,경상사고,0,0,1,0,차대차 - 추돌,안전운전불이행,습기,비,단일로 - 기타,승용,남,48세,상해없음,승용,여,34세,경상
2016030500100637,2016년 3월 5일 23시,토요일,강원도 원주시 명륜동,중상사고,0,3,0,0,차대차 - 정면충돌,안전운전불이행,건조,맑음,기타 - 기타,승용,남,55세,상해없음,승용,여,52세,중상
2016030600100032,2016년 3월 6일 01시,일요일,강원도 원주시 명륜동,부상신고사고,0,0,0,1,차대차 - 기타,안전운전불이행,습기,비,교차로 - 교차로안,이륜,남,43세,부상신고,승용,여,53세,기타불명
2016030600100049,2016년 3월 6일 02시,일요일,강원도 원주시 태장동,경상사고,0,0,1,0,차대차 - 정면충돌,안전운전불이행,습기,비,단일로 - 기타,승용,여,20세,상해없음,승용,남,23세,경상
2016030600100070,2016년 3월 6일 04시,일요일,강원도 강릉시 교동,중상사고,0,1,0,0,차대사람 - 횡단중,안전운전불이행,습기,흐림,단일로 - 기타,승용,여,50세,상해없음,보행자,여,18세,중상
2016030600100161,2016년 3월 6일 11시,일요일,강원도 원주시 무실동,경상사고,0,0,3,0,차대차 - 측면충돌,중앙선침범,건조,맑음,교차로 - 교차로부근,승용,남,52세,상해없음,승용,남,38세,경상
2016030600100162,2016년 3월 6일 11시,일요일,강원도 인제군 북면,중상사고,0,1,0,0,차대차 - 측면충돌,안전운전불이행,건조,맑음,단일로 - 기타,승용,남,36세,상해없음,이륜,남,57세,중상
2016030600100163,2016년 3월 6일 11시,일요일,강원도 고성군 현내면,경상사고,0,0,1,0,차대차 - 정면충돌,안전운전불이행,건조,맑음,단일로 - 기타,화물,남,71세,상해없음,승용,남,28세,상해없음
2016030600100180,2016년 3월 6일 12시,일요일,강원도 원주시 우산동,경상사고,0,0,2,0,차대차 - 정면충돌,교차로운행방법위반,건조,맑음,교차로 - 교차로안,승용,남,55세,상해없음,승용,남,56세,경상
2016030600100181,2016년 3월 6일 12시,일요일,강원도 홍천군 동면,중상사고,0,1,0,0,차대차 - 기타,교차로운행방법위반,건조,맑음,교차로 - 교차로안,승용,남,80세,상해없음,자전거,남,55세,중상
2016030600100182,2016년 3월 6일 12시,일요일,강원도 평창군 대화면,중상사고,0,1,0,0,차대사람 - 횡단중,안전운전불이행,건조,맑음,단일로 - 기타,승용,남,47세,상해없음,보행자,여,76세,중상
2016030600100227,2016년 3월 6일 14시,일요일,강원도 양구군 양구읍,중상사고,0,1,3,0,차대차 - 정면충돌,직진우회전진행방해,건조,맑음,교차로 - 교차로안,승용,남,58세,경상,승용,남,41세,경상
2016030600100264,2016년 3월 6일 15시,일요일,강원도 인제군 인제읍,경상사고,0,0,2,0,차대차 - 추돌,안전운전불이행,건조,맑음,단일로 - 교량,승용,남,38세,상해없음,승용,여,29세,경상
2016030600100386,2016년 3월 6일 19시,일요일,강원도 춘천시 사농동,중상사고,0,1,0,0,차대차 - 측면직각충돌,신호위반,건조,맑음,교차로 - 교차로안,승용,남,45세,상해없음,이륜,남,19세,중상
2016030600100387,2016년 3월 6일 19시,일요일,강원도 춘천시 온의동,경상사고,0,0,1,0,차대차 - 측면직각충돌,안전거리미확보,건조,맑음,교차로 - 교차로부근,승용,여,51세,상해없음,승용,여,52세,경상
2016030600100388,2016년 3월 6일 19시,일요일,강원도 춘천시 효자동,경상사고,0,0,1,0,차대차 - 측면직각충돌,안전운전불이행,건조,맑음,단일로 - 기타,승용,남,70세,상해없음,승용,남,30세,경상
2016030600100389,2016년 3월 6일 19시,일요일,강원도 강릉시 견소동,경상사고,0,0,2,0,차대차 - 추돌,안전운전불이행,건조,맑음,단일로 - 기타,승용,남,44세,상해없음,승용,남,50세,경상
2016030600100390,2016년 3월 6일 19시,일요일,강원도 원주시 단구동,부상신고사고,0,0,0,1,차대차 - 기타,불법유턴,건조,맑음,교차로 - 교차로부근,기타불명,기타불명,기타불명,기타불명,원동기,남,49세,부상신고
2016030600100452,2016년 3월 6일 21시,일요일,강원도 원주시 소초면,경상사고,0,0,1,0,차대차 - 측면충돌,직진우회전진행방해,건조,맑음,교차로 - 교차로안,승용,남,28세,상해없음,승용,여,51세,경상
2016030600100453,2016년 3월 6일 21시,일요일,강원도 강릉시 옥계면,경상사고,0,0,2,0,차대차 - 추돌,안전운전불이행,건조,흐림,단일로 - 기타,승용,남,31세,상해없음,승용,남,33세,경상
2016030700100036,2016년 3월 7일 05시,월요일,강원도 원주시 명륜동,경상사고,0,0,1,0,차대차 - 정면충돌,안전운전불이행,건조,맑음,단일로 - 기타,승용,여,16세,상해없음,승용,남,58세,경상
2016030700100051,2016년 3월 7일 06시,월요일,강원도 춘천시 후평동,경상사고,0,0,1,0,차대차 - 측면충돌,신호위반,건조,맑음,교차로 - 교차로안,승용,남,57세,상해없음,승용,남,39세,경상
2016030700100065,2016년 3월 7일 07시,월요일,강원도 춘천시 중앙로1가,경상사고,0,0,1,0,차대사람 - 길가장자리구역통행중,안전운전불이행,건조,맑음,단일로 - 기타,승합,남,50세,상해없음,보행자,여,16세,경상
2016030700100066,2016년 3월 7일 07시,월요일,강원도 원주시 단구동,경상사고,0,0,1,0,차대사람 - 횡단중,보행자보호의무위반,건조,맑음,교차로 - 교차로안,승용,남,30세,상해없음,보행자,여,63세,경상
2016030700100067,2016년 3월 7일 07시,월요일,강원도 원주시 판부면,경상사고,0,0,1,0,차대차 - 정면충돌,안전운전불이행,건조,맑음,교차로 - 교차로부근,승용,남,46세,상해없음,승용,여,38세,경상
2016030700100096,2016년 3월 7일 08시,월요일,강원도 동해시 발한동,중상사고,0,1,0,0,차대사람 - 횡단중,안전운전불이행,건조,맑음,단일로 - 기타,승용,여,55세,상해없음,보행자,여,70세,중상
2016030700100125,2016년 3월 7일 09시,월요일,강원도 원주시 단계동,경상사고,0,0,1,0,차대차 - 측면충돌,신호위반,건조,맑음,교차로 - 교차로안,이륜,남,79세,상해없음,승합,남,58세,상해없음
2016030700100155,2016년 3월 7일 10시,월요일,강원도 삼척시 등봉동,경상사고,0,0,1,0,차대차 - 정면충돌,중앙선침범,건조,맑음,단일로 - 기타,승용,여,52세,경상,건설기계,남,51세,상해없음
2016030700100187,2016년 3월 7일 11시,월요일,강원도 속초시 노학동,사망사고,1,0,0,0,차량단독 - 도로외이탈 - 추락,안전운전불이행,건조,맑음,단일로 - 기타,건설기계,남,48세,사망,,,,
2016030700100209,2016년 3월 7일 12시,월요일,강원도 강릉시 주문진읍,경상사고,0,0,1,0,차대차 - 기타,안전운전불이행,건조,맑음,교차로 - 교차로부근,화물,남,48세,상해없음,승용,남,46세,경상
2016030700100262,2016년 3월 7일 14시,월요일,강원도 동해시 천곡동,경상사고,0,0,1,0,차대차 - 추돌,안전운전불이행,건조,흐림,교차로 - 교차로부근,화물,남,58세,상해없음,승용,여,58세,경상
2016030700100327,2016년 3월 7일 16시,월요일,강원도 원주시 학성동,경상사고,0,0,1,0,차대사람 - 횡단중,보행자보호의무위반,건조,맑음,단일로 - 기타,승용,남,60세,상해없음,보행자,여,58세,경상
2016030700100362,2016년 3월 7일 17시,월요일,강원도 태백시 철암동,경상사고,0,0,3,0,차대차 - 추돌,안전운전불이행,건조,맑음,교차로 - 교차로부근,승용,남,61세,상해없음,화물,남,29세,경상
2016030700100400,2016년 3월 7일 18시,월요일,강원도 강릉시 옥천동,경상사고,0,0,1,0,차대사람 - 횡단중,보행자보호의무위반,건조,맑음,단일로 - 횡단보도상,승용,남,48세,상해없음,보행자,여,8세,경상
2016030700100474,2016년 3월 7일 20시,월요일,강원도 강릉시 포남동,경상사고,0,0,1,0,차대차 - 측면충돌,안전운전불이행,건조,맑음,교차로 - 교차로부근,승용,남,45세,상해없음,승용,남,32세,경상
2016030700100475,2016년 3월 7일 20시,월요일,강원도 원주시 호저면,경상사고,0,0,7,0,차대차 - 측면충돌,신호위반,건조,맑음,교차로 - 교차로안,승용,남,49세,상해없음,승용,남,28세,경상
2016030700100476,2016년 3월 7일 20시,월요일,강원도 횡성군 횡성읍,경상사고,0,0,1,0,차대차 - 추돌,안전운전불이행,건조,맑음,단일로 - 기타,승용,남,62세,상해없음,승용,남,54세,경상
2016030700100496,2016년 3월 7일 21시,월요일,강원도 원주시 단구동,경상사고,0,0,2,0,차대차 - 측면직각충돌,직진우회전진행방해,건조,맑음,교차로 - 교차로안,승용,여,25세,상해없음,승용,남,56세,경상
2016030700100524,2016년 3월 7일 22시,월요일,강원도 원주시 단계동,경상사고,0,0,3,0,차대차 - 추돌,안전운전불이행,건조,맑음,단일로 - 기타,승용,남,40세,상해없음,승용,남,31세,경상
2016030700100525,2016년 3월 7일 22시,월요일,강원도 원주시 관설동,사망사고,1,1,0,0,차대차 - 추돌,안전운전불이행,건조,맑음,단일로 - 기타,승용,남,33세,상해없음,승용,남,51세,사망
2016030800100043,2016년 3월 8일 04시,화요일,강원도 강릉시 포남동,경상사고,0,0,2,0,차대차 - 측면충돌,안전운전불이행,건조,맑음,교차로 - 교차로안,승용,남,18세,상해없음,승용,남,65세,경상
2016030800100073,2016년 3월 8일 07시,화요일,강원도 강릉시 노암동,경상사고,0,0,1,0,차대차 - 추돌,안전운전불이행,건조,맑음,단일로 - 기타,승용,여,57세,상해없음,승용,남,33세,경상
2016030800100074,2016년 3월 8일 07시,화요일,강원도 원주시 단구동,경상사고,0,0,1,0,차대차 - 측면충돌,안전운전불이행,건조,맑음,단일로 - 기타,승용,남,70세,상해없음,승용,여,40세,경상
2016030800100110,2016년 3월 8일 08시,화요일,강원도 원주시 흥업면,중상사고,0,1,1,0,차대차 - 측면충돌,신호위반,건조,맑음,교차로 - 교차로안,화물,남,59세,중상,승용,여,49세,경상
2016030800100137,2016년 3월 8일 09시,화요일,강원도 춘천시 중앙로2가,경상사고,0,0,1,0,차대사람 - 기타,안전운전불이행,건조,맑음,단일로 - 기타,승용,여,37세,상해없음,보행자,남,18세,경상
2016030800100157,2016년 3월 8일 10시,화요일,강원도 강릉시 옥천동,경상사고,0,0,3,0,차대차 - 측면직각충돌,안전운전불이행,건조,맑음,교차로 - 교차로안,승용,남,46세,상해없음,승용,남,60세,경상
2016030800100198,2016년 3월 8일 12시,화요일,강원도 강릉시 남문동,경상사고,0,0,1,0,차대차 - 측면직각충돌,안전운전불이행,건조,맑음,교차로 - 교차로안,승용,여,53세,상해없음,승용,남,72세,경상
2016030800100214,2016년 3월 8일 13시,화요일,강원도 원주시 흥업면,경상사고,0,0,1,0,차대사람 - 기타,기타,건조,맑음,단일로 - 기타,승용,남,49세,상해없음,보행자,남,23세,경상
2016030800100246,2016년 3월 8일 14시,화요일,강원도 동해시 북평동,중상사고,0,1,3,0,차대차 - 측면직각충돌,교차로운행방법위반,건조,맑음,교차로 - 교차로안,승용,남,63세,상해없음,승합,남,42세,경상
2016030800100275,2016년 3월 8일 15시,화요일,강원도 삼척시 남양동,중상사고,0,1,0,0,차대차 - 측면직각충돌,안전운전불이행,건조,맑음,교차로 - 교차로안,화물,남,65세,상해없음,원동기,남,75세,중상
2016030800100276,2016년 3월 8일 15시,화요일,강원도 양구군 해안면,중상사고,0,1,1,0,차량단독 - 전도전복,안전운전불이행,건조,맑음,단일로 - 기타,승용,남,78세,경상,,,,
2016030800100307,2016년 3월 8일 16시,화요일,강원도 춘천시 후평동,경상사고,0,0,2,0,차대차 - 기타,교차로운행방법위반,건조,맑음,교차로 - 교차로부근,승용,남,65세,상해없음,승합,남,34세,경상
2016030800100308,2016년 3월 8일 16시,화요일,강원도 원주시 문막읍,경상사고,0,0,1,0,차대차 - 추돌,안전운전불이행,건조,맑음,단일로 - 기타,승용,여,43세,상해없음,승용,여,28세,경상
2016030800100343,2016년 3월 8일 17시,화요일,강원도 강릉시 강문동,중상사고,0,1,1,0,차대차 - 측면충돌,안전운전불이행,건조,맑음,교차로 - 교차로안,승용,여,24세,상해없음,승용,남,29세,중상
2016030800100344,2016년 3월 8일 17시,화요일,강원도 원주시 지정면,중상사고,0,2,2,0,차대차 - 측면충돌,안전운전불이행,건조,맑음,단일로 - 기타,승용,남,35세,경상,승용,여,55세,중상
2016030800100370,2016년 3월 8일 18시,화요일,강원도 속초시 청학동,경상사고,0,0,1,0,차대차 - 측면직각충돌,교차로운행방법위반,건조,맑음,교차로 - 교차로안,승용,남,58세,상해없음,원동기,남,65세,경상
2016030800100408,2016년 3월 8일 19시,화요일,강원도 춘천시 효자동,경상사고,0,0,1,0,차대차 - 추돌,안전운전불이행,건조,맑음,단일로 - 기타,승용,남,19세,상해없음,승용,여,63세,경상
2016030800100409,2016년 3월 8일 19시,화요일,강원도 춘천시 사농동,경상사고,0,0,1,0,차대차 - 측면충돌,신호위반,건조,맑음,교차로 - 교차로안,승용,여,58세,상해없음,승용,남,22세,경상
2016030800100410,2016년 3월 8일 19시,화요일,강원도 속초시 동명동,경상사고,0,0,1,0,차대사람 - 횡단중,안전운전불이행,건조,맑음,교차로 - 교차로부근,승용,여,53세,상해없음,보행자,여,28세,경상
2016030800100446,2016년 3월 8일 20시,화요일,강원도 강릉시 포남동,중상사고,0,1,1,0,차대차 - 측면충돌,신호위반,건조,맑음,교차로 - 교차로안,승용,남,69세,상해없음,승용,여,31세,중상
2016030800100447,2016년 3월 8일 20시,화요일,강원도 원주시 단구동,경상사고,0,0,2,0,차대차 - 추돌,안전거리미확보,건조,맑음,단일로 - 기타,승용,여,47세,상해없음,승용,여,55세,경상
2016030800100476,2016년 3월 8일 21시,화요일,강원도 원주시 봉산동,경상사고,0,0,1,0,차대사람 - 기타,안전운전불이행,건조,맑음,단일로 - 기타,특수,남,32세,상해없음,보행자,남,32세,경상
2016030800100544,2016년 3월 8일 23시,화요일,강원도 춘천시 효자동,경상사고,0,0,1,0,차대사람 - 기타,안전운전불이행,건조,맑음,단일로 - 기타,기타불명,기타불명,기타불명,기타불명,보행자,남,59세,경상
2016030900100021,2016년 3월 9일 01시,수요일,강원도 원주시 지정면,부상신고사고,0,0,0,1,차량단독 - 전도전복,안전운전불이행,건조,맑음,단일로 - 기타,승용,남,47세,부상신고,,,,
2016030900100082,2016년 3월 9일 07시,수요일,강원도 동해시 북평동,경상사고,0,0,2,0,차대차 - 측면직각충돌,직진우회전진행방해,건조,맑음,교차로 - 교차로안,승용,남,72세,상해없음,승용,여,41세,경상
2016030900100146,2016년 3월 9일 09시,수요일,강원도 원주시 흥업면,경상사고,0,0,1,0,차대차 - 추돌,교차로운행방법위반,건조,맑음,교차로 - 교차로안,승용,남,55세,상해없음,승용,여,66세,경상
2016030900100218,2016년 3월 9일 12시,수요일,강원도 강릉시 강동면,중상사고,0,1,0,0,차대사람 - 길가장자리구역통행중,안전운전불이행,적설,눈,단일로 - 기타,승용,여,53세,상해없음,보행자,여,68세,중상
2016030900100219,2016년 3월 9일 12시,수요일,강원도 강릉시 강동면,경상사고,0,0,1,0,차대사람 - 길가장자리구역통행중,안전운전불이행,적설,눈,단일로 - 기타,승합,남,62세,상해없음,보행자,남,65세,경상
2016030900100248,2016년 3월 9일 13시,수요일,강원도 동해시 발한동,중상사고,0,1,0,0,차대사람 - 횡단중,안전운전불이행,적설,눈,단일로 - 기타,승합,남,26세,상해없음,보행자,여,49세,중상
2016030900100271,2016년 3월 9일 14시,수요일,강원도 평창군 대관령면,중상사고,0,1,0,0,차대차 - 측면직각충돌,안전운전불이행,건조,맑음,단일로 - 기타,승용,남,67세,상해없음,승합,남,58세,중상
2016030900100272,2016년 3월 9일 14시,수요일,강원도 고성군 토성면,경상사고,0,0,1,0,차량단독 - 기타,안전운전불이행,습기,흐림,단일로 - 터널,승합,남,56세,상해없음,,,,
2016030900100273,2016년 3월 9일 14시,수요일,강원도 동해시 북평동,경상사고,0,0,1,0,차대차 - 측면직각충돌,직진우회전진행방해,습기,비,교차로 - 교차로안,승용,남,51세,상해없음,원동기,남,77세,경상
2016030900100298,2016년 3월 9일 15시,수요일,강원도 원주시 개운동,경상사고,0,0,1,0,차대차 - 정면충돌,안전운전불이행,건조,맑음,교차로 - 교차로안,승용,남,74세,상해없음,승용,여,58세,경상
2016030900100335,2016년 3월 9일 16시,수요일,강원도 원주시 개운동,경상사고,0,0,1,0,차대사람 - 차도통행중,안전운전불이행,건조,맑음,기타 - 기타,승합,남,58세,상해없음,보행자,여,16세,경상
2016030900100403,2016년 3월 9일 18시,수요일,강원도 동해시 천곡동,중상사고,0,1,0,0,차대차 - 정면충돌,중앙선침범,건조,맑음,단일로 - 기타,화물,남,46세,상해없음,승용,남,35세,중상
2016030900100445,2016년 3월 9일 19시,수요일,강원도 원주시 관설동,경상사고,0,0,1,0,차대차 - 정면충돌,안전운전불이행,건조,맑음,단일로 - 기타,승용,여,48세,상해없음,승용,여,21세,경상
2016030900100504,2016년 3월 9일 21시,수요일,강원도 원주시 단계동,경상사고,0,0,1,0,차대차 - 측면충돌,신호위반,건조,맑음,교차로 - 교차로안,승용,남,77세,상해없음,승용,여,50세,경상
2016031000100028,2016년 3월 10일 01시,목요일,강원도 원주시 단계동,경상사고,0,0,1,0,차대사람 - 차도통행중,안전운전불이행,건조,맑음,단일로 - 기타,승용,남,35세,상해없음,보행자,남,33세,경상
2016031000100052,2016년 3월 10일 04시,목요일,강원도 춘천시 동면,경상사고,0,0,1,0,차대차 - 측면충돌,교차로운행방법위반,습기,비,교차로 - 교차로안,승용,남,48세,상해없음,승용,남,62세,경상
2016031000100060,2016년 3월 10일 05시,목요일,강원도 원주시 문막읍,경상사고,0,0,1,0,차대차 - 추돌,안전거리미확보,건조,맑음,단일로 - 기타,승용,여,46세,상해없음,승합,남,25세,상해없음
2016031000100128,2016년 3월 10일 08시,목요일,강원도 춘천시 석사동,중상사고,0,1,0,0,차대사람 - 횡단중,안전운전불이행,건조,맑음,교차로 - 교차로부근,승용,여,49세,상해없음,보행자,여,9세,중상
2016031000100129,2016년 3월 10일 08시,목요일,강원도 속초시 조양동,경상사고,0,0,3,0,차대차 - 추돌,안전거리미확보,결빙,맑음,단일로 - 기타,승용,남,37세,상해없음,승용,여,35세,경상
2016031000100164,2016년 3월 10일 09시,목요일,강원도 춘천시 석사동,경상사고,0,0,1,0,차대차 - 측면직각충돌,안전운전불이행,건조,맑음,단일로 - 기타,승용,남,27세,상해없음,자전거,남,68세,경상
2016031000100165,2016년 3월 10일 09시,목요일,강원도 원주시 명륜동,경상사고,0,0,1,0,차대사람 - 횡단중,안전운전불이행,건조,맑음,단일로 - 기타,기타불명,기타불명,기타불명,기타불명,보행자,여,57세,경상
2016031000100166,2016년 3월 10일 09시,목요일,강원도 인제군 남면,경상사고,0,0,1,0,차대차 - 정면충돌,안전운전불이행,건조,맑음,단일로 - 기타,승용,여,50세,상해없음,승용,남,45세,경상
2016031000100199,2016년 3월 10일 10시,목요일,강원도 강릉시 주문진읍,경상사고,0,0,1,0,차대차 - 추돌,안전운전불이행,건조,맑음,단일로 - 기타,기타불명,기타불명,기타불명,기타불명,자전거,남,68세,경상
2016031000100239,2016년 3월 10일 11시,목요일,강원도 영월군 영월읍,부상신고사고,0,0,0,1,차대차 - 측면직각충돌,안전운전불이행,건조,맑음,교차로 - 교차로부근,승용,남,25세,상해없음,승용,남,69세,상해없음
2016031000100257,2016년 3월 10일 12시,목요일,강원도 속초시 청호동,경상사고,0,0,1,0,차대차 - 측면충돌,신호위반,건조,맑음,교차로 - 교차로안,승용,남,45세,상해없음,승용,남,35세,경상
2016031000100258,2016년 3월 10일 12시,목요일,강원도 동해시 천곡동,중상사고,0,1,1,0,차대사람 - 차도통행중,안전운전불이행,건조,맑음,교차로 - 교차로부근,승용,남,61세,상해없음,보행자,여,46세,경상
2016031000100276,2016년 3월 10일 13시,목요일,강원도 원주시 단구동,경상사고,0,0,1,0,차대차 - 측면직각충돌,신호위반,건조,맑음,교차로 - 교차로안,승용,여,61세,상해없음,승용,남,43세,경상
2016031000100302,2016년 3월 10일 14시,목요일,강원도 춘천시 온의동,경상사고,0,0,1,0,차대차 - 추돌,안전운전불이행,건조,맑음,단일로 - 기타,승용,여,54세,경상,승용,남,60세,상해없음
2016031000100303,2016년 3월 10일 14시,목요일,강원도 강릉시 강동면,경상사고,0,0,1,0,차대차 - 추돌,신호위반,건조,맑음,교차로 - 교차로안,승용,남,63세,상해없음,화물,남,55세,경상
2016031000100304,2016년 3월 10일 14시,목요일,강원도 강릉시 견소동,중상사고,0,1,0,0,차량단독 - 기타,안전거리미확보,건조,맑음,교차로 - 교차로안,승합,남,51세,기타불명,,,,
2016031000100305,2016년 3월 10일 14시,목요일,강원도 원주시 단구동,중상사고,0,1,0,0,차대차 - 측면충돌,안전운전불이행,건조,맑음,교차로 - 교차로부근,화물,남,40세,상해없음,자전거,남,59세,중상
2016031000100306,2016년 3월 10일 14시,목요일,강원도 속초시 교동,경상사고,0,0,2,0,차대차 - 측면충돌,교차로운행방법위반,습기,맑음,교차로 - 교차로안,승용,남,71세,상해없음,승용,여,59세,경상
2016031000100341,2016년 3월 10일 15시,목요일,강원도 원주시 단계동,경상사고,0,0,1,0,차대차 - 정면충돌,차로위반,건조,맑음,교차로 - 교차로부근,승용,남,75세,상해없음,승용,남,28세,경상
2016031000100375,2016년 3월 10일 16시,목요일,강원도 원주시 반곡동,부상신고사고,0,0,0,1,차대차 - 측면직각충돌,안전운전불이행,건조,맑음,단일로 - 기타,승용,여,43세,부상신고,승용,남,61세,상해없음
2016031000100416,2016년 3월 10일 17시,목요일,강원도 춘천시 후평동,경상사고,0,0,1,0,차대차 - 추돌,안전거리미확보,건조,맑음,단일로 - 기타,승용,여,24세,상해없음,승용,여,40세,경상
2016031000100417,2016년 3월 10일 17시,목요일,강원도 홍천군 두촌면,경상사고,0,0,1,0,차대사람 - 횡단중,안전운전불이행,건조,맑음,단일로 - 기타,승용,남,60세,상해없음,보행자,남,62세,경상
2016031000100443,2016년 3월 10일 18시,목요일,강원도 춘천시 신북읍,경상사고,0,0,6,0,차대차 - 측면충돌,안전운전불이행,건조,맑음,단일로 - 기타,승용,여,28세,상해없음,승합,남,27세,경상
2016031000100444,2016년 3월 10일 18시,목요일,강원도 강릉시 주문진읍,경상사고,0,0,1,0,차대차 - 측면충돌,안전운전불이행,건조,맑음,단일로 - 기타,승용,남,25세,상해없음,이륜,남,53세,경상
2016031000100445,2016년 3월 10일 18시,목요일,강원도 강릉시 교동,경상사고,0,0,1,0,차대사람 - 횡단중,안전운전불이행,건조,맑음,교차로 - 교차로부근,승용,여,43세,상해없음,보행자,남,17세,경상
2016031000100497,2016년 3월 10일 20시,목요일,강원도 원주시 무실동,경상사고,0,0,6,0,차대차 - 정면충돌,안전거리미확보,건조,맑음,단일로 - 기타,승용,남,18세,상해없음,승용,남,40세,경상
2016031000100516,2016년 3월 10일 21시,목요일,강원도 홍천군 홍천읍,경상사고,0,0,1,0,차대차 - 측면충돌,교차로운행방법위반,건조,맑음,교차로 - 교차로안,승용,남,44세,상해없음,승용,여,41세,경상
2016031100100028,2016년 3월 11일 01시,금요일,강원도 원주시 단구동,중상사고,0,1,0,0,차대차 - 측면충돌,신호위반,건조,맑음,교차로 - 교차로안,승용,남,28세,상해없음,승용,남,36세,중상
2016031100100073,2016년 3월 11일 05시,금요일,강원도 춘천시 운교동,중상사고,0,1,0,0,차대사람 - 횡단중,안전운전불이행,건조,맑음,단일로 - 기타,승용,남,77세,상해없음,보행자,남,85세,중상
2016031100100074,2016년 3월 11일 05시,금요일,강원도 춘천시 동면,중상사고,0,1,0,1,차대차 - 측면직각충돌,안전운전불이행,건조,맑음,교차로 - 교차로안,화물,남,69세,부상신고,승용,남,43세,중상
2016031100100141,2016년 3월 11일 08시,금요일,강원도 춘천시 소양로3가,경상사고,0,0,1,0,차대차 - 측면직각충돌,안전운전불이행,건조,맑음,교차로 - 교차로안,승용,여,48세,상해없음,승용,남,23세,경상
2016031100100142,2016년 3월 11일 08시,금요일,강원도 동해시 효가동,경상사고,0,0,3,0,차대차 - 측면직각충돌,안전거리미확보,건조,맑음,교차로 - 교차로부근,화물,남,59세,상해없음,승용,남,52세,경상
2016031100100180,2016년 3월 11일 09시,금요일,강원도 춘천시 교동,경상사고,0,0,1,0,차대차 - 측면직각충돌,안전운전불이행,건조,맑음,교차로 - 교차로안,승용,남,42세,상해없음,승용,남,57세,경상
2016031100100181,2016년 3월 11일 09시,금요일,강원도 춘천시 후평동,경상사고,0,0,1,0,차대사람 - 횡단중,안전운전불이행,건조,맑음,교차로 - 교차로안,승용,여,33세,상해없음,보행자,여,58세,경상
2016031100100182,2016년 3월 11일 09시,금요일,강원도 춘천시 후평동,중상사고,0,1,0,0,차대사람 - 횡단중,보행자보호의무위반,건조,맑음,교차로 - 교차로부근,승용,여,49세,상해없음,보행자,남,73세,중상
2016031100100183,2016년 3월 11일 09시,금요일,강원도 강릉시 죽헌동,경상사고,0,0,1,0,차대차 - 추돌,안전운전불이행,건조,맑음,교차로 - 교차로부근,승용,남,55세,상해없음,승용,여,42세,경상