사고번호,사고일시,요일,시군구,사고내용,사망자수,중상자수,경상자수,부상신고자수,사고유형,법규위반,노면상태,기상상태,도로형태,가해운전자 차종,가해운전자 성별,가해운전자 연령,가해운전자 상해정도,피해운전자 차종,피해운전자 성별,피해운전자 연령,피해운전자 상해정도
2016031700100366,2016년 3월 17일 15시,목요일,강원도 춘천시 우두동,중상사고,0,1,1,0,차대차 - 측면충돌,중앙선침범,건조,맑음,단일로 - 기타,승용,남,27세,상해없음,승용,남,47세,경상
2016031700100367,2016년 3월 17일 15시,목요일,강원도 강릉시 내곡동,경상사고,0,0,1,0,차대차 - 추돌,안전운전불이행,건조,맑음,교차로 - 교차로안,승용,여,52세,상해없음,자전거,남,24세,경상
2016031700100398,2016년 3월 17일 16시,목요일,강원도 원주시 단계동,경상사고,0,0,1,0,차대차 - 정면충돌,안전운전불이행,건조,맑음,단일로 - 기타,승용,남,30세,상해없음,승용,여,42세,상해없음
2016031700100399,2016년 3월 17일 16시,목요일,강원도 속초시 교동,경상사고,0,0,2,1,차대차 - 측면직각충돌,안전운전불이행,건조,맑음,교차로 - 교차로안,승용,남,27세,상해없음,승용,남,27세,경상
2016031700100400,2016년 3월 17일 16시,목요일,강원도 삼척시 남양동,경상사고,0,0,1,0,차대사람 - 기타,안전운전불이행,건조,맑음,단일로 - 기타,승용,여,47세,상해없음,보행자,남,38세,경상
2016031700100430,2016년 3월 17일 17시,목요일,강원도 속초시 조양동,중상사고,0,1,1,0,차대차 - 측면직각충돌,신호위반,건조,맑음,교차로 - 교차로부근,승용,남,64세,상해없음,이륜,남,43세,중상
2016031700100471,2016년 3월 17일 18시,목요일,강원도 동해시 구호동,경상사고,0,0,1,0,차대차 - 측면직각충돌,직진우회전진행방해,건조,맑음,교차로 - 교차로안,화물,남,59세,상해없음,승용,여,40세,경상
2016031700100505,2016년 3월 17일 19시,목요일,강원도 홍천군 홍천읍,경상사고,0,0,1,0,차대차 - 측면직각충돌,신호위반,건조,맑음,교차로 - 교차로안,승용,남,56세,상해없음,승용,남,31세,경상
2016031700100537,2016년 3월 17일 20시,목요일,강원도 춘천시 근화동,중상사고,0,1,0,0,차대사람 - 기타,안전운전불이행,건조,맑음,단일로 - 기타,승합,남,55세,상해없음,보행자,남,47세,중상
2016031700100538,2016년 3월 17일 20시,목요일,강원도 원주시 소초면,경상사고,0,0,1,0,차대사람 - 횡단중,안전운전불이행,건조,맑음,단일로 - 기타,승용,남,36세,상해없음,보행자,남,31세,경상
2016031700100574,2016년 3월 17일 21시,목요일,강원도 원주시 개운동,중상사고,0,1,4,0,차대차 - 정면충돌,교차로운행방법위반,건조,맑음,교차로 - 교차로안,승용,남,54세,상해없음,승용,남,19세,경상
2016031700100575,2016년 3월 17일 21시,목요일,강원도 원주시 문막읍,경상사고,0,0,1,0,차대사람 - 횡단중,보행자보호의무위반,건조,맑음,단일로 - 기타,승용,여,46세,상해없음,보행자,남,39세,경상
2016031800100022,2016년 3월 18일 01시,금요일,강원도 춘천시 효자동,중상사고,0,1,0,0,차대사람 - 횡단중,보행자보호의무위반,건조,맑음,교차로 - 교차로부근,화물,남,58세,상해없음,보행자,남,33세,중상
2016031800100049,2016년 3월 18일 04시,금요일,강원도 춘천시 신동,중상사고,0,1,0,0,차대차 - 측면직각충돌,신호위반,건조,맑음,교차로 - 교차로안,화물,여,33세,기타불명,승용,남,23세,중상
2016031800100097,2016년 3월 18일 07시,금요일,강원도 원주시 판부면,경상사고,0,0,2,0,차대차 - 측면충돌,교차로운행방법위반,건조,맑음,교차로 - 교차로안,승용,남,55세,상해없음,화물,남,73세,경상
2016031800100128,2016년 3월 18일 08시,금요일,강원도 철원군 철원읍,경상사고,0,0,3,0,차대차 - 측면충돌,직진우회전진행방해,건조,맑음,교차로 - 교차로안,승용,남,24세,상해없음,승용,여,36세,경상
2016031800100163,2016년 3월 18일 09시,금요일,강원도 강릉시 교동,중상사고,0,2,4,0,차대차 - 측면직각충돌,신호위반,건조,맑음,교차로 - 교차로안,승합,남,45세,경상,승용,여,44세,경상
2016031800100243,2016년 3월 18일 12시,금요일,강원도 횡성군 서원면,중상사고,0,1,0,0,차량단독 - 전도전복,안전운전불이행,건조,맑음,단일로 - 기타,화물,남,48세,중상,,,,
2016031800100293,2016년 3월 18일 14시,금요일,강원도 원주시 무실동,경상사고,0,0,1,0,차대차 - 기타,안전운전불이행,건조,맑음,단일로 - 기타,승용,남,61세,상해없음,승용,남,54세,경상
2016031800100323,2016년 3월 18일 15시,금요일,강원도 춘천시 중앙로2가,경상사고,0,0,1,0,차대사람 - 보도통행중,기타,건조,맑음,단일로 - 기타,이륜,남,18세,상해없음,보행자,여,57세,경상
2016031800100324,2016년 3월 18일 15시,금요일,강원도 평창군 진부면,경상사고,0,0,1,0,차대사람 - 기타,안전운전불이행,건조,맑음,단일로 - 기타,승용,남,80세,상해없음,보행자,남,55세,경상
2016031800100361,2016년 3월 18일 16시,금요일,강원도 철원군 갈말읍,경상사고,0,0,2,0,차대차 - 측면직각충돌,안전운전불이행,건조,맑음,교차로 - 교차로안,승용,남,71세,상해없음,화물,여,65세,경상
2016031800100394,2016년 3월 18일 17시,금요일,강원도 강릉시 노암동,중상사고,0,2,3,0,차대차 - 추돌,안전거리미확보,건조,맑음,교차로 - 교차로부근,승용,남,48세,상해없음,승용,남,44세,중상
2016031800100450,2016년 3월 18일 18시,금요일,강원도 춘천시 소양로1가,중상사고,0,1,1,0,차대차 - 측면직각충돌,교차로운행방법위반,건조,맑음,교차로 - 교차로안,승용,여,62세,경상,승용,남,39세,중상
2016031800100451,2016년 3월 18일 18시,금요일,강원도 원주시 단계동,경상사고,0,0,1,0,차대차 - 정면충돌,안전운전불이행,건조,맑음,단일로 - 기타,화물,남,90세 이상,상해없음,승용,여,32세,경상
2016031800100452,2016년 3월 18일 18시,금요일,강원도 원주시 단계동,경상사고,0,0,1,0,차대차 - 정면충돌,안전운전불이행,건조,맑음,단일로 - 기타,화물,남,39세,상해없음,자전거,여,47세,경상
2016031800100490,2016년 3월 18일 19시,금요일,강원도 원주시 관설동,중상사고,0,1,0,0,차대사람 - 횡단중,안전운전불이행,건조,맑음,단일로 - 기타,승용,남,55세,상해없음,보행자,여,63세,중상
2016031800100491,2016년 3월 18일 19시,금요일,강원도 원주시 단구동,경상사고,0,0,2,0,차대차 - 정면충돌,차로위반,건조,맑음,단일로 - 기타,승용,남,52세,상해없음,승용,남,27세,경상
2016031800100531,2016년 3월 18일 20시,금요일,강원도 원주시 개운동,중상사고,0,1,0,0,차대차 - 측면충돌,불법유턴,건조,맑음,교차로 - 교차로부근,승용,남,61세,상해없음,원동기,남,18세,중상
2016031800100532,2016년 3월 18일 20시,금요일,강원도 원주시 단계동,경상사고,0,0,1,0,차대차 - 정면충돌,안전운전불이행,건조,맑음,단일로 - 기타,승용,남,20세,상해없음,승용,남,26세,경상
2016031800100563,2016년 3월 18일 21시,금요일,강원도 춘천시 조양동,경상사고,0,0,2,1,차대차 - 측면충돌,교차로운행방법위반,건조,맑음,교차로 - 교차로안,승용,남,23세,상해없음,승용,남,20세,경상
2016031800100564,2016년 3월 18일 21시,금요일,강원도 원주시 태장동,경상사고,0,0,1,0,차대차 - 정면충돌,안전운전불이행,건조,맑음,단일로 - 기타,승용,남,26세,상해없음,승용,여,29세,경상
2016031800100592,2016년 3월 18일 22시,금요일,강원도 원주시 단구동,경상사고,0,0,1,0,차대차 - 정면충돌,불법유턴,건조,맑음,단일로 - 기타,승용,여,50세,상해없음,승용,여,51세,경상
2016031800100626,2016년 3월 18일 23시,금요일,강원도 춘천시 석사동,경상사고,0,0,1,0,차대사람 - 횡단중,보행자보호의무위반,건조,맑음,단일로 - 횡단보도상,승용,남,29세,상해없음,보행자,남,46세,경상
2016031900100074,2016년 3월 19일 04시,토요일,강원도 원주시 문막읍,경상사고,0,0,3,0,차대차 - 정면충돌,안전거리미확보,건조,맑음,교차로 - 교차로부근,화물,남,29세,상해없음,승합,남,58세,경상
2016031900100184,2016년 3월 19일 10시,토요일,강원도 원주시 봉산동,경상사고,0,0,1,0,차대차 - 추돌,안전거리미확보,건조,맑음,교차로 - 교차로부근,승용,여,60세,상해없음,승용,남,36세,경상
2016031900100185,2016년 3월 19일 10시,토요일,강원도 홍천군 북방면,중상사고,0,1,0,0,차대차 - 정면충돌,교차로운행방법위반,건조,맑음,교차로 - 교차로안,승용,남,47세,기타불명,승용,남,39세,중상
2016031900100210,2016년 3월 19일 11시,토요일,강원도 춘천시 근화동,중상사고,0,1,0,0,차대사람 - 횡단중,보행자보호의무위반,건조,맑음,단일로 - 횡단보도상,승용,여,73세,상해없음,보행자,남,16세,중상
2016031900100211,2016년 3월 19일 11시,토요일,강원도 원주시 반곡동,중상사고,0,1,0,0,차대사람 - 횡단중,보행자보호의무위반,건조,맑음,기타 - 기타,승용,남,34세,상해없음,보행자,남,6세,중상
2016031900100212,2016년 3월 19일 11시,토요일,강원도 속초시 장사동,중상사고,0,1,0,0,차대차 - 측면직각충돌,교차로운행방법위반,건조,맑음,교차로 - 교차로안,승용,남,40세,상해없음,승용,남,51세,상해없음
2016031900100245,2016년 3월 19일 12시,토요일,강원도 속초시 중앙동,경상사고,0,0,1,0,차대차 - 측면직각충돌,안전운전불이행,건조,맑음,단일로 - 기타,승용,남,65세,상해없음,이륜,여,56세,경상
2016031900100246,2016년 3월 19일 12시,토요일,강원도 동해시 묵호진동,중상사고,0,1,0,0,차대사람 - 횡단중,보행자보호의무위반,건조,맑음,단일로 - 횡단보도상,화물,남,46세,상해없음,보행자,남,62세,중상
2016031900100359,2016년 3월 19일 15시,토요일,강원도 횡성군 횡성읍,경상사고,0,0,1,0,차량단독 - 전도전복,안전운전불이행,건조,맑음,단일로 - 기타,이륜,남,80세,상해없음,,,,
2016031900100407,2016년 3월 19일 16시,토요일,강원도 춘천시 석사동,경상사고,0,0,2,0,차대차 - 측면직각충돌,안전거리미확보,건조,맑음,교차로 - 교차로안,건설기계,남,42세,상해없음,승용,여,33세,경상
2016031900100408,2016년 3월 19일 16시,토요일,강원도 양구군 양구읍,경상사고,0,0,1,0,차대차 - 정면충돌,직진우회전진행방해,건조,맑음,교차로 - 교차로안,승용,남,22세,상해없음,승용,남,47세,상해없음
2016031900100486,2016년 3월 19일 18시,토요일,강원도 원주시 단계동,경상사고,0,0,3,0,차대차 - 정면충돌,안전운전불이행,건조,맑음,단일로 - 기타,승용,여,34세,상해없음,승용,남,32세,경상
2016031900100487,2016년 3월 19일 18시,토요일,강원도 태백시 문곡동,경상사고,0,0,1,0,차대차 - 추돌,안전거리미확보,건조,맑음,교차로 - 교차로부근,화물,남,46세,상해없음,승용,남,30세,경상
2016031900100529,2016년 3월 19일 19시,토요일,강원도 춘천시 동면,경상사고,0,0,3,0,차대차 - 정면충돌,신호위반,건조,맑음,교차로 - 교차로안,승용,여,19세,경상,승용,여,55세,경상
2016031900100530,2016년 3월 19일 19시,토요일,강원도 원주시 무실동,경상사고,0,0,1,0,차대차 - 측면충돌,중앙선침범,건조,맑음,단일로 - 기타,이륜,남,17세,경상,승용,여,55세,상해없음
2016031900100531,2016년 3월 19일 19시,토요일,강원도 속초시 조양동,경상사고,0,0,1,0,차대차 - 추돌,안전운전불이행,건조,맑음,단일로 - 기타,승용,여,42세,상해없음,승용,남,32세,상해없음
2016031900100532,2016년 3월 19일 19시,토요일,강원도 원주시 문막읍,경상사고,0,0,1,0,차대차 - 측면직각충돌,안전운전불이행,건조,맑음,단일로 - 기타,기타불명,기타불명,기타불명,기타불명,승용,남,58세,경상
2016031900100570,2016년 3월 19일 20시,토요일,강원도 강릉시 포남동,경상사고,0,0,1,0,차대차 - 측면직각충돌,안전운전불이행,건조,맑음,단일로 - 기타,승용,남,48세,상해없음,원동기,남,49세,경상
2016031900100571,2016년 3월 19일 20시,토요일,강원도 원주시 무실동,중상사고,0,1,1,0,차대차 - 측면충돌,직진우회전진행방해,건조,맑음,교차로 - 교차로안,승용,남,34세,경상,승용,남,42세,중상
2016031900100572,2016년 3월 19일 20시,토요일,강원도 삼척시 원덕읍,경상사고,0,0,1,0,차량단독 - 전도전복,안전운전불이행,건조,맑음,단일로 - 기타,원동기,남,33세,경상,,,,
2016031900100593,2016년 3월 19일 21시,토요일,강원도 원주시 행구동,경상사고,0,0,1,0,차대차 - 측면충돌,교차로운행방법위반,건조,맑음,교차로 - 교차로안,승용,남,44세,상해없음,승용,남,50세,경상
2016031900100594,2016년 3월 19일 21시,토요일,강원도 원주시 개운동,경상사고,0,0,1,0,차대차 - 측면충돌,안전운전불이행,건조,맑음,교차로 - 교차로안,승용,남,48세,상해없음,이륜,남,33세,경상
2016031900100595,2016년 3월 19일 21시,토요일,강원도 원주시 태장동,경상사고,0,0,1,0,차대차 - 추돌,안전거리미확보,건조,맑음,단일로 - 기타,승용,남,36세,상해없음,승용,남,71세,경상
2016031900100596,2016년 3월 19일 21시,토요일,강원도 원주시 무실동,경상사고,0,0,5,0,차대차 - 측면충돌,신호위반,건조,맑음,교차로 - 교차로안,승용,남,30세,상해없음,승용,남,46세,경상
2016031900100642,2016년 3월 19일 23시,토요일,강원도 춘천시 석사동,경상사고,0,0,1,0,차대차 - 정면충돌,교차로운행방법위반,건조,맑음,교차로 - 교차로안,승용,남,56세,상해없음,원동기,남,49세,경상
2016031900100643,2016년 3월 19일 23시,토요일,강원도 춘천시 요선동,경상사고,0,0,2,1,차대차 - 측면직각충돌,직진우회전진행방해,건조,맑음,교차로 - 교차로안,승용,남,66세,부상신고,승용,남,22세,경상
2016032000100119,2016년 3월 20일 08시,일요일,강원도 강릉시 교동,경상사고,0,0,2,0,차대차 - 측면충돌,신호위반,건조,맑음,교차로 - 교차로안,승용,여,48세,상해없음,승용,남,55세,상해없음
2016032000100149,2016년 3월 20일 10시,일요일,강원도 강릉시 교동,중상사고,0,2,2,0,차대차 - 측면충돌,신호위반,건조,맑음,교차로 - 교차로안,승용,여,29세,상해없음,승용,남,61세,중상
2016032000100150,2016년 3월 20일 10시,일요일,강원도 원주시 단구동,중상사고,0,1,3,0,차대차 - 추돌,안전운전불이행,건조,맑음,단일로 - 기타,승용,여,55세,상해없음,승용,남,56세,경상
2016032000100190,2016년 3월 20일 12시,일요일,강원도 횡성군 우천면,경상사고,0,0,1,0,차대차 - 추돌,안전운전불이행,건조,맑음,단일로 - 기타,승용,남,32세,상해없음,승용,여,48세,경상
2016032000100213,2016년 3월 20일 13시,일요일,강원도 철원군 갈말읍,경상사고,0,0,1,0,차대차 - 기타,중앙선침범,건조,맑음,단일로 - 기타,화물,남,72세,상해없음,화물,남,57세,경상
2016032000100241,2016년 3월 20일 14시,일요일,강원도 속초시 교동,경상사고,0,0,2,1,차대차 - 측면충돌,신호위반,건조,맑음,교차로 - 교차로안,화물,남,46세,상해없음,승용,남,34세,경상
2016032000100242,2016년 3월 20일 14시,일요일,강원도 철원군 동송읍,경상사고,0,0,1,0,차대차 - 측면충돌,직진우회전진행방해,건조,맑음,교차로 - 교차로부근,승용,남,43세,상해없음,원동기,여,73세,경상
2016032000100271,2016년 3월 20일 15시,일요일,강원도 인제군 북면,경상사고,0,0,1,0,차량단독 - 기타,안전운전불이행,건조,맑음,단일로 - 기타,승합,남,58세,상해없음,,,,
2016032000100272,2016년 3월 20일 15시,일요일,강원도 횡성군 우천면,경상사고,0,0,2,0,차대차 - 추돌,안전거리미확보,건조,맑음,단일로 - 교량,승용,남,59세,상해없음,승용,남,27세,경상
2016032000100374,2016년 3월 20일 19시,일요일,강원도 원주시 단구동,경상사고,0,0,1,0,차대사람 - 횡단중,안전운전불이행,건조,맑음,교차로 - 교차로안,승용,남,28세,상해없음,보행자,남,27세,경상
2016032100100020,2016년 3월 21일 01시,월요일,강원도 원주시 개운동,경상사고,0,0,1,0,차대차 - 추돌,안전거리미확보,건조,맑음,교차로 - 교차로부근,승용,여,23세,상해없음,승용,남,30세,경상
2016032100100047,2016년 3월 21일 05시,월요일,강원도 춘천시 석사동,경상사고,0,0,1,0,차대차 - 측면직각충돌,신호위반,건조,맑음,교차로 - 교차로안,승용,여,58세,상해없음,승용,남,62세,경상
2016032100100058,2016년 3월 21일 06시,월요일,강원도 춘천시 신동,중상사고,0,1,0,0,차대차 - 측면충돌,교차로운행방법위반,건조,맑음,교차로 - 교차로안,승용,남,65세,상해없음,승용,여,52세,중상
2016032100100076,2016년 3월 21일 07시,월요일,강원도 춘천시 동산면,중상사고,0,1,0,0,차대차 - 기타,중앙선침범,건조,맑음,단일로 - 기타,기타불명,기타불명,기타불명,기타불명,승용,여,29세,중상
2016032100100077,2016년 3월 21일 07시,월요일,강원도 원주시 학성동,경상사고,0,0,2,0,차대차 - 추돌,안전운전불이행,건조,맑음,교차로 - 교차로부근,승용,여,57세,상해없음,승용,남,64세,경상
2016032100100107,2016년 3월 21일 08시,월요일,강원도 춘천시 석사동,경상사고,0,0,4,0,차대차 - 추돌,안전운전불이행,건조,맑음,단일로 - 기타,승용,여,39세,상해없음,승용,남,72세,경상
2016032100100108,2016년 3월 21일 08시,월요일,강원도 강릉시 연곡면,중상사고,0,1,1,0,차대차 - 측면충돌,안전운전불이행,건조,맑음,교차로 - 교차로안,승용,여,44세,상해없음,화물,남,56세,경상
2016032100100109,2016년 3월 21일 08시,월요일,강원도 원주시 우산동,중상사고,0,1,0,0,차대사람 - 횡단중,안전운전불이행,건조,맑음,단일로 - 기타,승용,여,47세,상해없음,보행자,여,61세,중상
2016032100100110,2016년 3월 21일 08시,월요일,강원도 횡성군 횡성읍,경상사고,0,0,1,0,차대차 - 측면직각충돌,안전운전불이행,건조,맑음,단일로 - 기타,건설기계,남,38세,상해없음,승용,남,68세,경상
2016032100100185,2016년 3월 21일 10시,월요일,강원도 원주시 일산동,중상사고,0,1,0,0,차대차 - 정면충돌,안전운전불이행,건조,맑음,기타 - 기타,승용,여,41세,상해없음,이륜,남,72세,중상
2016032100100186,2016년 3월 21일 10시,월요일,강원도 원주시 우산동,경상사고,0,0,1,0,차대차 - 정면충돌,교차로운행방법위반,건조,맑음,교차로 - 교차로부근,특수,남,50세,상해없음,승용,여,68세,경상
2016032100100214,2016년 3월 21일 11시,월요일,강원도 삼척시 사직동,중상사고,0,1,1,0,차대차 - 측면충돌,안전거리미확보,건조,맑음,단일로 - 교량,승용,남,63세,중상,특수,남,57세,상해없음
2016032100100275,2016년 3월 21일 13시,월요일,강원도 원주시 개운동,중상사고,0,1,0,0,차대사람 - 횡단중,안전운전불이행,건조,맑음,단일로 - 기타,승용,남,52세,상해없음,보행자,여,50세,중상
2016032100100276,2016년 3월 21일 13시,월요일,강원도 속초시 중앙동,경상사고,0,0,1,0,차대차 - 정면충돌,안전운전불이행,건조,맑음,교차로 - 교차로부근,승용,여,38세,상해없음,승용,남,81세,경상
2016032100100277,2016년 3월 21일 13시,월요일,강원도 홍천군 홍천읍,중상사고,0,1,0,0,차대사람 - 횡단중,안전운전불이행,건조,맑음,교차로 - 교차로안,승용,여,26세,상해없음,보행자,남,69세,중상
2016032100100345,2016년 3월 21일 15시,월요일,강원도 춘천시 석사동,경상사고,0,0,2,0,차대차 - 측면충돌,안전운전불이행,건조,맑음,교차로 - 교차로안,승용,남,75세,상해없음,화물,남,52세,경상
2016032100100346,2016년 3월 21일 15시,월요일,강원도 화천군 화천읍,경상사고,0,0,3,0,차대차 - 측면충돌,안전운전불이행,건조,맑음,단일로 - 기타,승용,여,56세,기타불명,승용,여,60세,경상
2016032100100386,2016년 3월 21일 16시,월요일,강원도 원주시 단구동,경상사고,0,0,1,0,차대차 - 정면충돌,안전운전불이행,건조,맑음,미분류 - 미분류,승용,여,37세,상해없음,이륜,남,49세,경상
2016032100100429,2016년 3월 21일 17시,월요일,강원도 원주시 무실동,경상사고,0,0,1,0,차대차 - 측면충돌,교차로운행방법위반,건조,맑음,교차로 - 교차로부근,승용,여,30세,상해없음,이륜,남,22세,경상
2016032100100464,2016년 3월 21일 18시,월요일,강원도 원주시 우산동,경상사고,0,0,1,0,차대차 - 정면충돌,안전거리미확보,건조,맑음,교차로 - 교차로안,승합,남,43세,상해없음,승용,여,51세,경상
2016032100100465,2016년 3월 21일 18시,월요일,강원도 속초시 대포동,중상사고,0,1,0,0,차대사람 - 기타,안전운전불이행,건조,맑음,단일로 - 횡단보도부근,승용,남,64세,상해없음,보행자,남,59세,중상
2016032100100503,2016년 3월 21일 19시,월요일,강원도 원주시 단계동,경상사고,0,0,1,0,차대사람 - 횡단중,안전운전불이행,건조,맑음,단일로 - 기타,자전거,여,48세,상해없음,보행자,여,56세,경상
2016032100100574,2016년 3월 21일 21시,월요일,강원도 원주시 개운동,경상사고,0,0,1,0,차대차 - 정면충돌,교차로운행방법위반,건조,맑음,교차로 - 교차로안,승용,여,50세,상해없음,승용,여,63세,경상
2016032100100620,2016년 3월 21일 23시,월요일,강원도 원주시 신림면,경상사고,0,0,1,0,차대차 - 정면충돌,교차로운행방법위반,건조,맑음,교차로 - 교차로안,승용,남,60세,상해없음,승용,남,43세,경상
2016032200100010,2016년 3월 22일 00시,화요일,강원도 원주시 단구동,중상사고,0,2,0,0,차대차 - 정면충돌,안전운전불이행,건조,맑음,교차로 - 교차로안,승용,남,33세,상해없음,승용,남,58세,중상
2016032200100065,2016년 3월 22일 06시,화요일,강원도 홍천군 홍천읍,중상사고,0,1,0,0,차대차 - 정면충돌,안전운전불이행,건조,맑음,교차로 - 교차로안,승용,남,73세,상해없음,승용,여,25세,중상
2016032200100066,2016년 3월 22일 06시,화요일,강원도 평창군 대관령면,경상사고,0,0,2,0,차대차 - 추돌,안전운전불이행,건조,맑음,단일로 - 기타,화물,남,53세,상해없음,승용,여,57세,경상
2016032200100132,2016년 3월 22일 08시,화요일,강원도 속초시 교동,경상사고,0,0,1,0,차대차 - 측면충돌,안전운전불이행,건조,맑음,교차로 - 교차로부근,승용,남,54세,상해없음,승용,남,49세,경상
2016032200100133,2016년 3월 22일 08시,화요일,강원도 동해시 대구동,중상사고,0,1,4,1,차대차 - 추돌,안전거리미확보,건조,맑음,단일로 - 기타,화물,남,60세,부상신고,승용,남,36세,경상
2016032200100180,2016년 3월 22일 09시,화요일,강원도 원주시 단구동,중상사고,0,1,0,0,차대사람 - 기타,안전운전불이행,건조,맑음,교차로 - 교차로부근,승용,여,61세,상해없음,보행자,여,51세,중상
2016032200100181,2016년 3월 22일 09시,화요일,강원도 원주시 귀래면,중상사고,0,1,0,0,차대차 - 측면충돌,안전운전불이행,건조,맑음,단일로 - 기타,승용,여,57세,상해없음,화물,남,70세,중상
2016032200100211,2016년 3월 22일 10시,화요일,강원도 동해시 천곡동,경상사고,0,0,2,0,차대차 - 추돌,안전거리미확보,건조,맑음,교차로 - 교차로부근,승용,남,41세,상해없음,승용,남,40세,경상
2016032200100232,2016년 3월 22일 11시,화요일,강원도 원주시 단구동,중상사고,0,1,0,0,차대사람 - 횡단중,보행자보호의무위반,건조,맑음,교차로 - 교차로안,승용,남,59세,상해없음,보행자,여,74세,중상
2016032200100233,2016년 3월 22일 11시,화요일,강원도 원주시 관설동,경상사고,0,0,1,0,차대사람 - 횡단중,보행자보호의무위반,건조,맑음,단일로 - 기타,승용,여,56세,상해없음,보행자,남,63세,경상
2016032200100234,2016년 3월 22일 11시,화요일,강원도 정선군 남면,중상사고,0,1,3,0,차대차 - 측면직각충돌,교차로운행방법위반,건조,맑음,교차로 - 교차로안,승용,남,60세,경상,승용,여,55세,경상
2016032200100235,2016년 3월 22일 11시,화요일,강원도 철원군 서면,경상사고,0,0,3,0,차대차 - 측면충돌,교차로운행방법위반,건조,맑음,교차로 - 교차로안,승용,남,33세,상해없음,화물,남,45세,경상
2016032200100283,2016년 3월 22일 13시,화요일,강원도 춘천시 온의동,경상사고,0,0,2,0,차대차 - 측면직각충돌,신호위반,건조,맑음,교차로 - 교차로안,이륜,남,88세,상해없음,승용,남,68세,경상
2016032200100309,2016년 3월 22일 14시,화요일,강원도 삼척시 남양동,경상사고,0,0,1,0,차대차 - 측면직각충돌,불법유턴,건조,맑음,단일로 - 횡단보도상,자전거,남,60세,경상,승용,남,58세,상해없음
2016032200100310,2016년 3월 22일 14시,화요일,강원도 홍천군 서면,경상사고,0,0,1,0,차대차 - 추돌,안전운전불이행,건조,맑음,단일로 - 기타,화물,남,57세,상해없음,이륜,여,80세,경상
2016032200100340,2016년 3월 22일 15시,화요일,강원도 홍천군 남면,중상사고,0,1,0,0,차대차 - 측면충돌,신호위반,건조,맑음,교차로 - 교차로부근,특수,남,20세,상해없음,승용,남,66세,중상
2016032200100341,2016년 3월 22일 15시,화요일,강원도 홍천군 남면,중상사고,0,1,1,0,차대차 - 측면직각충돌,안전운전불이행,건조,맑음,교차로 - 교차로안,화물,남,53세,상해없음,승용,남,50세,경상
2016032200100420,2016년 3월 22일 17시,화요일,강원도 강릉시 주문진읍,경상사고,0,0,1,0,차대사람 - 길가장자리구역통행중,안전운전불이행,건조,맑음,단일로 - 기타,기타불명,기타불명,40세,기타불명,보행자,남,12세,경상
2016032200100488,2016년 3월 22일 19시,화요일,강원도 강릉시 홍제동,경상사고,0,0,1,0,차대차 - 기타,안전운전불이행,건조,맑음,교차로 - 교차로부근,승용,남,54세,상해없음,승용,남,26세,상해없음
2016032200100489,2016년 3월 22일 19시,화요일,강원도 태백시 창죽동,중상사고,0,1,0,0,차량단독 - 기타,안전운전불이행,건조,맑음,단일로 - 기타,승용,남,55세,상해없음,,,,
2016032200100559,2016년 3월 22일 21시,화요일,강원도 강릉시 유천동,경상사고,0,0,1,0,차대차 - 기타,안전운전불이행,건조,맑음,단일로 - 기타,승용,남,38세,상해없음,승용,남,22세,경상
2016032200100625,2016년 3월 22일 23시,화요일,강원도 원주시 단계동,경상사고,0,0,1,0,차대사람 - 기타,안전운전불이행,건조,맑음,단일로 - 기타,승용,남,59세,상해없음,보행자,남,54세,경상
2016032200100626,2016년 3월 22일 23시,화요일,강원도 원주시 단계동,중상사고,0,2,1,0,차대차 - 정면충돌,신호위반,건조,맑음,교차로 - 교차로안,승용,남,23세,상해없음,승용,남,47세,중상
2016032300100012,2016년 3월 23일 00시,수요일,강원도 원주시 반곡동,중상사고,0,2,2,0,차대차 - 정면충돌,안전거리미확보,건조,맑음,단일로 - 기타,승용,여,35세,상해없음,승용,남,46세,경상
2016032300100040,2016년 3월 23일 03시,수요일,강원도 강릉시 노암동,경상사고,0,0,2,0,차대차 - 측면충돌,안전운전불이행,건조,맑음,단일로 - 기타,화물,남,47세,상해없음,승용,남,24세,경상
2016032300100080,2016년 3월 23일 07시,수요일,강원도 원주시 원동,경상사고,0,0,1,0,차대차 - 측면충돌,직진우회전진행방해,건조,맑음,교차로 - 교차로부근,승용,여,28세,상해없음,이륜,남,76세,경상
2016032300100081,2016년 3월 23일 07시,수요일,강원도 영월군 영월읍,경상사고,0,0,2,0,차대차 - 측면직각충돌,교차로운행방법위반,건조,흐림,교차로 - 교차로안,승용,여,45세,상해없음,화물,남,55세,상해없음
2016032300100107,2016년 3월 23일 08시,수요일,강원도 홍천군 홍천읍,중상사고,0,1,0,0,차대차 - 기타,안전운전불이행,건조,맑음,교차로 - 교차로안,승용,여,45세,상해없음,이륜,남,61세,중상
2016032300100137,2016년 3월 23일 09시,수요일,강원도 속초시 영랑동,경상사고,0,0,1,0,차대사람 - 횡단중,안전운전불이행,습기,비,교차로 - 교차로안,승용,남,69세,상해없음,보행자,여,21세,경상
2016032300100166,2016년 3월 23일 10시,수요일,강원도 횡성군 횡성읍,경상사고,0,0,1,0,차대사람 - 횡단중,보행자보호의무위반,건조,맑음,교차로 - 교차로안,승용,여,47세,상해없음,보행자,여,50세,경상