사고번호,사고일시,요일,시군구,사고내용,사망자수,중상자수,경상자수,부상신고자수,사고유형,법규위반,노면상태,기상상태,도로형태,가해운전자 차종,가해운전자 성별,가해운전자 연령,가해운전자 상해정도,피해운전자 차종,피해운전자 성별,피해운전자 연령,피해운전자 상해정도
2016032300100190,2016년 3월 23일 11시,수요일,강원도 원주시 학성동,중상사고,0,3,0,0,차대차 - 추돌,직진우회전진행방해,건조,맑음,교차로 - 교차로안,승용,남,78세,중상,화물,남,64세,중상
2016032300100209,2016년 3월 23일 12시,수요일,강원도 동해시 효가동,경상사고,0,0,1,0,차대차 - 추돌,안전거리미확보,건조,맑음,단일로 - 기타,승용,남,23세,상해없음,승용,남,50세,경상
2016032300100261,2016년 3월 23일 14시,수요일,강원도 춘천시 후평동,경상사고,0,0,2,0,차대차 - 측면충돌,신호위반,건조,맑음,교차로 - 교차로안,승용,남,18세,상해없음,승용,남,59세,경상
2016032300100262,2016년 3월 23일 14시,수요일,강원도 춘천시 효자동,경상사고,0,0,1,0,차대차 - 측면직각충돌,직진우회전진행방해,건조,맑음,교차로 - 교차로안,승용,여,51세,상해없음,자전거,남,18세,경상
2016032300100263,2016년 3월 23일 14시,수요일,강원도 원주시 단계동,중상사고,0,1,0,0,차대차 - 측면충돌,직진우회전진행방해,건조,맑음,단일로 - 기타,승용,남,47세,상해없음,자전거,남,67세,중상
2016032300100322,2016년 3월 23일 16시,수요일,강원도 횡성군 우천면,경상사고,0,0,1,0,차대차 - 정면충돌,안전운전불이행,건조,맑음,단일로 - 기타,승용,남,55세,상해없음,승용,여,55세,경상
2016032300100354,2016년 3월 23일 17시,수요일,강원도 동해시 발한동,경상사고,0,0,4,0,차대차 - 정면충돌,중앙선침범,습기,비,단일로 - 기타,승용,남,29세,상해없음,승용,남,38세,경상
2016032300100394,2016년 3월 23일 18시,수요일,강원도 춘천시 퇴계동,부상신고사고,0,0,0,1,차대차 - 정면충돌,안전운전불이행,건조,맑음,교차로 - 교차로안,자전거,남,14세,부상신고,승용,여,46세,상해없음
2016032300100395,2016년 3월 23일 18시,수요일,강원도 평창군 진부면,중상사고,0,1,0,0,차대사람 - 횡단중,보행자보호의무위반,습기,비,단일로 - 횡단보도상,승용,남,42세,상해없음,보행자,여,55세,중상
2016032300100396,2016년 3월 23일 18시,수요일,강원도 태백시 화전동,중상사고,0,1,1,0,차대차 - 측면충돌,교차로운행방법위반,습기,눈,교차로 - 교차로안,승용,남,28세,상해없음,승용,여,54세,경상
2016032300100467,2016년 3월 23일 20시,수요일,강원도 홍천군 홍천읍,경상사고,0,0,1,0,차량단독 - 공작물충돌,신호위반,건조,맑음,교차로 - 교차로안,승용,남,32세,경상,,,,
2016032300100521,2016년 3월 23일 22시,수요일,강원도 삼척시 근덕면,중상사고,0,3,1,0,차대차 - 정면충돌,중앙선침범,습기,비,단일로 - 기타,승용,남,48세,상해없음,승용,남,27세,중상
2016032300100522,2016년 3월 23일 22시,수요일,강원도 삼척시 성북동,경상사고,0,0,1,0,차대차 - 측면충돌,안전거리미확보,습기,비,단일로 - 기타,화물,남,62세,상해없음,승용,남,46세,상해없음
2016032300100545,2016년 3월 23일 23시,수요일,강원도 춘천시 효자동,사망사고,1,0,0,0,차대사람 - 횡단중,안전운전불이행,건조,흐림,교차로 - 교차로부근,승용,남,44세,상해없음,보행자,여,77세,사망
2016032300100546,2016년 3월 23일 23시,수요일,강원도 삼척시 남양동,중상사고,0,1,0,0,차대차 - 측면직각충돌,안전운전불이행,습기,흐림,단일로 - 기타,승용,여,54세,상해없음,이륜,남,16세,중상
2016032400100013,2016년 3월 24일 00시,목요일,강원도 춘천시 퇴계동,경상사고,0,0,1,0,차대차 - 추돌,안전운전불이행,건조,맑음,교차로 - 교차로부근,승용,여,54세,상해없음,승용,남,55세,경상
2016032400100094,2016년 3월 24일 06시,목요일,강원도 태백시 황지동,중상사고,0,1,0,0,차대차 - 추돌,안전운전불이행,결빙,맑음,단일로 - 기타,승합,남,56세,상해없음,화물,남,44세,상해없음
2016032400100110,2016년 3월 24일 07시,목요일,강원도 강릉시 입암동,경상사고,0,0,1,0,차대사람 - 횡단중,보행자보호의무위반,건조,맑음,교차로 - 교차로부근,승용,남,59세,상해없음,보행자,남,17세,경상
2016032400100144,2016년 3월 24일 08시,목요일,강원도 원주시 단구동,경상사고,0,0,1,0,차대차 - 정면충돌,안전거리미확보,건조,맑음,교차로 - 교차로부근,승용,남,45세,상해없음,승용,여,46세,경상
2016032400100145,2016년 3월 24일 08시,목요일,강원도 평창군 대화면,중상사고,0,1,2,0,차대차 - 정면충돌,중앙선침범,결빙,흐림,단일로 - 교량,화물,남,74세,상해없음,화물,남,42세,중상
2016032400100146,2016년 3월 24일 08시,목요일,강원도 고성군 현내면,사망사고,1,0,0,0,차량단독 - 전도전복,안전운전불이행,건조,맑음,교차로 - 교차로부근,농기계,남,53세,사망,,,,
2016032400100254,2016년 3월 24일 11시,목요일,강원도 고성군 간성읍,중상사고,0,1,0,0,차대사람 - 횡단중,안전운전불이행,건조,맑음,단일로 - 기타,승용,남,62세,상해없음,보행자,남,78세,중상
2016032400100307,2016년 3월 24일 13시,목요일,강원도 철원군 동송읍,중상사고,0,1,1,0,차대차 - 기타,중앙선침범,건조,맑음,단일로 - 기타,승용,여,40세,중상,승용,여,36세,경상
2016032400100339,2016년 3월 24일 14시,목요일,강원도 춘천시 석사동,경상사고,0,0,1,0,차대차 - 정면충돌,안전운전불이행,건조,맑음,단일로 - 기타,승용,여,43세,상해없음,이륜,남,47세,경상
2016032400100366,2016년 3월 24일 15시,목요일,강원도 원주시 반곡동,경상사고,0,0,2,0,차대차 - 정면충돌,안전운전불이행,건조,맑음,단일로 - 기타,승용,여,27세,상해없음,승용,여,45세,경상
2016032400100423,2016년 3월 24일 17시,목요일,강원도 춘천시 석사동,경상사고,0,0,2,0,차대차 - 추돌,안전운전불이행,건조,맑음,교차로 - 교차로부근,승용,남,38세,상해없음,승용,남,60세,경상
2016032400100465,2016년 3월 24일 18시,목요일,강원도 원주시 개운동,경상사고,0,0,1,0,차대차 - 측면직각충돌,안전운전불이행,건조,맑음,기타 - 기타,승용,여,49세,상해없음,승용,남,22세,경상
2016032400100466,2016년 3월 24일 18시,목요일,강원도 원주시 단구동,경상사고,0,0,3,0,차대차 - 추돌,안전거리미확보,건조,맑음,단일로 - 기타,승용,여,63세,경상,승용,남,48세,경상
2016032400100467,2016년 3월 24일 18시,목요일,강원도 홍천군 홍천읍,경상사고,0,0,1,0,차대차 - 측면직각충돌,안전운전불이행,건조,흐림,교차로 - 교차로안,승용,남,75세,상해없음,이륜,남,16세,경상
2016032400100502,2016년 3월 24일 19시,목요일,강원도 동해시 천곡동,경상사고,0,0,1,0,차대차 - 측면직각충돌,안전운전불이행,건조,맑음,교차로 - 교차로안,승합,남,38세,상해없음,승용,남,36세,상해없음
2016032400100535,2016년 3월 24일 20시,목요일,강원도 강릉시 강문동,경상사고,0,0,1,0,차대차 - 추돌,안전운전불이행,건조,맑음,교차로 - 교차로부근,승용,남,46세,상해없음,승용,여,54세,경상
2016032400100599,2016년 3월 24일 22시,목요일,강원도 원주시 태장동,경상사고,0,0,3,0,차대차 - 기타,안전운전불이행,건조,맑음,단일로 - 기타,승용,남,69세,상해없음,승용,남,46세,경상
2016032500100010,2016년 3월 25일 00시,금요일,강원도 강릉시 포남동,부상신고사고,0,0,0,2,차대차 - 측면직각충돌,안전운전불이행,건조,맑음,교차로 - 교차로안,승합,남,44세,상해없음,승용,남,26세,상해없음
2016032500100040,2016년 3월 25일 03시,금요일,강원도 태백시 화전동,경상사고,0,0,1,0,차대사람 - 횡단중,보행자보호의무위반,습기,맑음,단일로 - 횡단보도상,승용,여,58세,상해없음,보행자,여,63세,경상
2016032500100067,2016년 3월 25일 06시,금요일,강원도 춘천시 동면,경상사고,0,0,2,0,차대차 - 측면직각충돌,교차로운행방법위반,건조,맑음,교차로 - 교차로안,승용,남,61세,상해없음,승용,남,45세,경상
2016032500100082,2016년 3월 25일 07시,금요일,강원도 홍천군 홍천읍,중상사고,0,1,0,0,차대사람 - 횡단중,안전운전불이행,건조,맑음,교차로 - 교차로안,화물,남,61세,상해없음,보행자,남,50세,중상
2016032500100115,2016년 3월 25일 08시,금요일,강원도 원주시 학성동,중상사고,0,1,0,0,차대차 - 정면충돌,안전운전불이행,건조,맑음,단일로 - 기타,승합,여,59세,상해없음,이륜,남,48세,중상
2016032500100151,2016년 3월 25일 09시,금요일,강원도 태백시 문곡동,경상사고,0,0,1,0,차대차 - 측면충돌,차로위반,건조,맑음,교차로 - 교차로부근,승용,남,79세,상해없음,승용,여,29세,경상
2016032500100152,2016년 3월 25일 09시,금요일,강원도 동해시 이도동,경상사고,0,0,2,0,차대차 - 측면직각충돌,신호위반,건조,맑음,교차로 - 교차로안,건설기계,남,57세,상해없음,승용,여,37세,경상
2016032500100227,2016년 3월 25일 12시,금요일,강원도 강릉시 내곡동,중상사고,0,1,0,0,차대차 - 정면충돌,중앙선침범,건조,맑음,단일로 - 기타,화물,남,35세,상해없음,이륜,남,58세,중상
2016032500100228,2016년 3월 25일 12시,금요일,강원도 강릉시 포남동,경상사고,0,0,1,0,차대사람 - 횡단중,보행자보호의무위반,건조,맑음,단일로 - 기타,승용,남,63세,상해없음,보행자,여,60세,경상
2016032500100229,2016년 3월 25일 12시,금요일,강원도 강릉시 입암동,경상사고,0,0,1,0,차대차 - 기타,신호위반,건조,맑음,교차로 - 교차로안,승용,여,68세,상해없음,승용,남,27세,경상
2016032500100230,2016년 3월 25일 12시,금요일,강원도 철원군 동송읍,경상사고,0,0,2,0,차대차 - 추돌,안전운전불이행,건조,맑음,교차로 - 교차로안,승합,남,30세,상해없음,승용,남,59세,경상
2016032500100231,2016년 3월 25일 12시,금요일,강원도 양구군 양구읍,경상사고,0,0,1,0,차대차 - 기타,안전거리미확보,건조,맑음,단일로 - 기타,화물,남,56세,상해없음,승용,남,25세,경상
2016032500100259,2016년 3월 25일 13시,금요일,강원도 원주시 우산동,경상사고,0,0,1,0,차대차 - 정면충돌,신호위반,건조,맑음,교차로 - 교차로안,승용,여,35세,상해없음,승용,남,28세,경상
2016032500100260,2016년 3월 25일 13시,금요일,강원도 원주시 명륜동,중상사고,0,1,1,0,차량단독 - 전도전복,안전운전불이행,건조,맑음,기타 - 기타,승용,여,61세,경상,,,,
2016032500100261,2016년 3월 25일 13시,금요일,강원도 속초시 조양동,경상사고,0,0,1,0,차대사람 - 기타,기타,건조,맑음,교차로 - 교차로안,승합,남,44세,상해없음,보행자,여,60세,경상
2016032500100292,2016년 3월 25일 14시,금요일,강원도 강릉시 포남동,중상사고,0,1,0,0,차대사람 - 횡단중,안전운전불이행,건조,맑음,단일로 - 기타,승용,남,41세,상해없음,보행자,남,8세,중상
2016032500100361,2016년 3월 25일 16시,금요일,강원도 춘천시 후평동,경상사고,0,0,1,1,차대차 - 측면직각충돌,안전운전불이행,건조,맑음,교차로 - 교차로부근,승용,여,51세,상해없음,승용,여,32세,경상
2016032500100362,2016년 3월 25일 16시,금요일,강원도 속초시 조양동,경상사고,0,0,1,0,차대사람 - 횡단중,기타,건조,맑음,단일로 - 기타,승용,여,25세,상해없음,보행자,남,6세,경상
2016032500100401,2016년 3월 25일 17시,금요일,강원도 속초시 조양동,경상사고,0,0,2,1,차대차 - 기타,안전운전불이행,건조,맑음,단일로 - 기타,승용,남,57세,상해없음,승용,남,33세,경상
2016032500100402,2016년 3월 25일 17시,금요일,강원도 평창군 대관령면,경상사고,0,0,1,0,차량단독 - 전도전복,안전운전불이행,습기,맑음,단일로 - 기타,화물,남,50세,경상,,,,
2016032500100438,2016년 3월 25일 18시,금요일,강원도 춘천시 신북읍,경상사고,0,0,1,0,차대차 - 추돌,안전운전불이행,건조,맑음,교차로 - 교차로부근,건설기계,남,57세,상해없음,승용,여,49세,경상
2016032500100439,2016년 3월 25일 18시,금요일,강원도 춘천시 석사동,경상사고,0,0,1,0,차대차 - 측면충돌,기타,건조,맑음,단일로 - 기타,승용,남,44세,상해없음,이륜,남,44세,경상
2016032500100440,2016년 3월 25일 18시,금요일,강원도 원주시 중앙동,경상사고,0,0,5,0,차대차 - 정면충돌,신호위반,건조,맑음,교차로 - 교차로안,승용,남,46세,상해없음,이륜,남,25세,경상
2016032500100441,2016년 3월 25일 18시,금요일,강원도 원주시 원동,경상사고,0,0,1,0,차대차 - 정면충돌,교차로운행방법위반,건조,맑음,교차로 - 교차로안,승용,남,67세,상해없음,승용,여,60세,경상
2016032500100442,2016년 3월 25일 18시,금요일,강원도 평창군 평창읍,중상사고,0,1,0,0,차대사람 - 길가장자리구역통행중,안전운전불이행,건조,맑음,단일로 - 기타,화물,남,52세,상해없음,보행자,남,76세,중상
2016032500100495,2016년 3월 25일 19시,금요일,강원도 원주시 무실동,경상사고,0,0,1,0,차대차 - 정면충돌,안전운전불이행,건조,맑음,교차로 - 교차로안,승용,남,50세,상해없음,이륜,남,23세,경상
2016032500100584,2016년 3월 25일 21시,금요일,강원도 강릉시 교동,중상사고,0,1,0,0,차대차 - 추돌,과속,건조,맑음,단일로 - 기타,승용,남,40세,상해없음,자전거,남,71세,중상
2016032500100585,2016년 3월 25일 21시,금요일,강원도 원주시 단구동,경상사고,0,0,1,0,차대사람 - 횡단중,신호위반,건조,맑음,교차로 - 교차로부근,이륜,남,16세,상해없음,보행자,남,17세,경상
2016032600100042,2016년 3월 26일 01시,토요일,강원도 원주시 단계동,중상사고,0,1,0,0,차대사람 - 횡단중,안전운전불이행,건조,맑음,단일로 - 기타,승용,남,25세,상해없음,보행자,여,20세,중상
2016032600100128,2016년 3월 26일 07시,토요일,강원도 춘천시 동내면,경상사고,0,0,2,0,차대차 - 추돌,안전운전불이행,건조,맑음,단일로 - 기타,승용,남,33세,상해없음,화물,남,53세,경상
2016032600100129,2016년 3월 26일 07시,토요일,강원도 원주시 일산동,중상사고,0,1,0,0,차대차 - 측면충돌,안전운전불이행,건조,맑음,교차로 - 교차로안,승용,여,60세,기타불명,승합,남,30세,상해없음
2016032600100169,2016년 3월 26일 09시,토요일,강원도 춘천시 퇴계동,경상사고,0,0,2,0,차대차 - 측면충돌,직진우회전진행방해,건조,맑음,교차로 - 교차로안,승용,여,49세,상해없음,승용,남,60세,경상
2016032600100170,2016년 3월 26일 09시,토요일,강원도 속초시 교동,중상사고,0,1,0,0,차대사람 - 기타,기타,건조,맑음,단일로 - 기타,승용,남,52세,상해없음,보행자,여,82세,중상
2016032600100171,2016년 3월 26일 09시,토요일,강원도 고성군 토성면,경상사고,0,0,3,0,차대차 - 측면충돌,안전운전불이행,건조,맑음,단일로 - 기타,승용,남,58세,상해없음,승용,여,35세,경상
2016032600100197,2016년 3월 26일 10시,토요일,강원도 원주시 단구동,경상사고,0,0,2,0,차대차 - 정면충돌,신호위반,건조,맑음,교차로 - 교차로안,승용,남,51세,상해없음,승용,여,26세,경상
2016032600100198,2016년 3월 26일 10시,토요일,강원도 속초시 노학동,경상사고,0,0,1,0,차대차 - 정면충돌,안전운전불이행,건조,맑음,단일로 - 기타,승용,여,52세,상해없음,승용,여,40세,상해없음
2016032600100199,2016년 3월 26일 10시,토요일,강원도 평창군 대관령면,경상사고,0,0,1,0,차대차 - 기타,안전운전불이행,건조,맑음,단일로 - 기타,승용,남,22세,상해없음,승용,남,23세,경상
2016032600100237,2016년 3월 26일 11시,토요일,강원도 춘천시 석사동,경상사고,0,0,1,0,차대차 - 측면충돌,기타,건조,맑음,교차로 - 교차로부근,승용,남,44세,상해없음,이륜,남,22세,경상
2016032600100238,2016년 3월 26일 11시,토요일,강원도 원주시 평원동,경상사고,0,0,2,0,차대차 - 측면충돌,안전운전불이행,건조,맑음,교차로 - 교차로안,승용,여,23세,상해없음,승용,남,36세,경상
2016032600100239,2016년 3월 26일 11시,토요일,강원도 원주시 소초면,중상사고,0,1,0,0,차대사람 - 기타,안전운전불이행,건조,맑음,단일로 - 기타,승용,여,23세,상해없음,보행자,여,55세,중상
2016032600100284,2016년 3월 26일 12시,토요일,강원도 양양군 강현면,경상사고,0,0,1,0,차대사람 - 기타,안전운전불이행,건조,맑음,단일로 - 기타,승용,남,60세,상해없음,보행자,여,9세,경상
2016032600100285,2016년 3월 26일 12시,토요일,강원도 평창군 평창읍,경상사고,0,0,1,0,차대차 - 측면충돌,안전운전불이행,건조,맑음,교차로 - 교차로부근,승용,여,62세,상해없음,이륜,남,74세,경상
2016032600100286,2016년 3월 26일 12시,토요일,강원도 태백시 황지동,경상사고,0,0,1,0,차대차 - 측면직각충돌,안전운전불이행,건조,맑음,단일로 - 기타,승용,남,48세,상해없음,승용,여,37세,경상
2016032600100330,2016년 3월 26일 13시,토요일,강원도 원주시 단계동,중상사고,0,1,0,0,차대사람 - 기타,차로위반,건조,맑음,단일로 - 기타,승용,남,54세,상해없음,보행자,남,64세,중상
2016032600100367,2016년 3월 26일 14시,토요일,강원도 철원군 철원읍,경상사고,0,0,1,0,차대사람 - 횡단중,보행자보호의무위반,건조,맑음,단일로 - 횡단보도부근,승용,남,28세,상해없음,보행자,남,10세,경상
2016032600100400,2016년 3월 26일 15시,토요일,강원도 강릉시 강동면,경상사고,0,0,1,0,차대차 - 측면충돌,기타,건조,맑음,교차로 - 교차로안,승용,남,20세,상해없음,이륜,남,53세,경상
2016032600100442,2016년 3월 26일 16시,토요일,강원도 강릉시 교동,경상사고,0,0,1,0,차대차 - 추돌,안전운전불이행,건조,맑음,교차로 - 교차로부근,화물,남,51세,상해없음,승용,남,33세,경상
2016032600100443,2016년 3월 26일 16시,토요일,강원도 원주시 반곡동,경상사고,0,0,1,0,차대차 - 측면충돌,신호위반,건조,맑음,교차로 - 교차로안,승용,여,55세,상해없음,승용,여,34세,경상
2016032600100476,2016년 3월 26일 17시,토요일,강원도 속초시 교동,중상사고,0,1,0,0,차대차 - 추돌,안전운전불이행,건조,맑음,단일로 - 기타,승용,여,41세,상해없음,승용,남,47세,중상
2016032600100515,2016년 3월 26일 18시,토요일,강원도 삼척시 정하동,경상사고,0,0,1,0,차대차 - 정면충돌,중앙선침범,건조,맑음,단일로 - 기타,승용,남,56세,상해없음,원동기,남,25세,경상
2016032600100553,2016년 3월 26일 19시,토요일,강원도 춘천시 후평동,경상사고,0,0,1,0,차대차 - 측면직각충돌,안전운전불이행,건조,맑음,교차로 - 교차로안,이륜,남,18세,경상,승용,남,53세,상해없음
2016032600100554,2016년 3월 26일 19시,토요일,강원도 춘천시 석사동,경상사고,0,0,1,0,차대차 - 측면직각충돌,안전거리미확보,건조,맑음,단일로 - 기타,승용,남,63세,상해없음,승용,남,25세,경상
2016032600100650,2016년 3월 26일 22시,토요일,강원도 양양군 현북면,경상사고,0,0,1,0,차대차 - 추돌,안전운전불이행,건조,맑음,단일로 - 기타,승용,남,36세,상해없음,화물,남,36세,경상
2016032600100676,2016년 3월 26일 23시,토요일,강원도 춘천시 효자동,경상사고,0,0,5,0,차대차 - 측면충돌,중앙선침범,건조,맑음,단일로 - 기타,승용,남,56세,상해없음,승용,여,54세,경상
2016032700100039,2016년 3월 27일 03시,일요일,강원도 원주시 단계동,경상사고,0,0,1,0,차대사람 - 횡단중,안전운전불이행,건조,맑음,교차로 - 교차로부근,승합,남,22세,상해없음,보행자,남,23세,경상
2016032700100086,2016년 3월 27일 07시,일요일,강원도 원주시 학성동,경상사고,0,0,1,0,차대차 - 정면충돌,신호위반,건조,맑음,교차로 - 교차로안,승용,남,71세,상해없음,승용,남,57세,경상
2016032700100096,2016년 3월 27일 08시,일요일,강원도 평창군 대화면,중상사고,0,1,0,0,차량단독 - 전도전복,안전운전불이행,건조,맑음,단일로 - 교량,건설기계,남,42세,중상,,,,
2016032700100172,2016년 3월 27일 12시,일요일,강원도 춘천시 남산면,경상사고,0,0,2,0,차대차 - 추돌,안전운전불이행,건조,맑음,단일로 - 기타,승용,남,29세,상해없음,승용,남,39세,경상
2016032700100173,2016년 3월 27일 12시,일요일,강원도 원주시 개운동,경상사고,0,0,3,0,차대차 - 측면충돌,안전거리미확보,건조,맑음,교차로 - 교차로부근,승용,남,65세,상해없음,승용,남,20세,경상
2016032700100205,2016년 3월 27일 13시,일요일,강원도 춘천시 서면,사망사고,1,0,0,0,차량단독 - 전도전복,안전운전불이행,건조,맑음,단일로 - 기타,이륜,남,34세,사망,,,,
2016032700100229,2016년 3월 27일 14시,일요일,강원도 춘천시 사농동,경상사고,0,0,3,0,차대차 - 추돌,안전운전불이행,건조,맑음,단일로 - 기타,승용,남,55세,상해없음,승용,남,54세,경상
2016032700100260,2016년 3월 27일 15시,일요일,강원도 춘천시 서면,경상사고,0,0,2,0,차대차 - 추돌,안전운전불이행,건조,맑음,교차로 - 교차로안,승용,남,66세,상해없음,특수,남,36세,경상
2016032700100261,2016년 3월 27일 15시,일요일,강원도 속초시 동명동,경상사고,0,0,1,0,차대차 - 추돌,교차로운행방법위반,건조,맑음,교차로 - 교차로부근,승합,남,58세,상해없음,승용,여,46세,경상
2016032700100262,2016년 3월 27일 15시,일요일,강원도 삼척시 원당동,경상사고,0,0,1,0,차대사람 - 차도통행중,안전운전불이행,건조,맑음,단일로 - 기타,승용,남,53세,상해없음,보행자,여,32세,경상
2016032700100263,2016년 3월 27일 15시,일요일,강원도 원주시 판부면,사망사고,1,0,0,0,차량단독 - 공작물충돌,안전운전불이행,건조,맑음,단일로 - 기타,승용,남,64세,사망,,,,
2016032700100295,2016년 3월 27일 16시,일요일,강원도 영월군 영월읍,부상신고사고,0,0,0,1,차대차 - 정면충돌,기타,건조,맑음,단일로 - 기타,승용,남,55세,상해없음,자전거,남,33세,부상신고
2016032700100296,2016년 3월 27일 16시,일요일,강원도 정선군 정선읍,경상사고,0,0,2,0,차대차 - 정면충돌,중앙선침범,건조,맑음,단일로 - 기타,승용,남,59세,상해없음,승용,남,39세,경상
2016032700100330,2016년 3월 27일 17시,일요일,강원도 원주시 태장동,경상사고,0,0,1,0,차대차 - 측면충돌,안전거리미확보,건조,맑음,단일로 - 기타,이륜,남,24세,경상,승용,남,44세,상해없음
2016032700100351,2016년 3월 27일 18시,일요일,강원도 강릉시 홍제동,경상사고,0,0,1,0,차대차 - 측면충돌,안전운전불이행,건조,맑음,단일로 - 기타,승용,여,46세,상해없음,승용,남,59세,경상
2016032700100352,2016년 3월 27일 18시,일요일,강원도 양구군 양구읍,중상사고,0,1,0,0,차대차 - 측면직각충돌,직진우회전진행방해,건조,맑음,교차로 - 교차로안,승용,남,33세,상해없음,승용,여,56세,중상
2016032700100376,2016년 3월 27일 19시,일요일,강원도 원주시 지정면,중상사고,0,3,0,0,차대차 - 측면충돌,신호위반,건조,맑음,교차로 - 교차로안,승용,여,55세,상해없음,승용,여,47세,중상
2016032700100377,2016년 3월 27일 19시,일요일,강원도 동해시 효가동,경상사고,0,0,3,0,차대차 - 추돌,안전운전불이행,건조,맑음,교차로 - 교차로부근,승용,여,50세,상해없음,승용,남,21세,경상
2016032700100426,2016년 3월 27일 21시,일요일,강원도 춘천시 후평동,경상사고,0,0,1,0,차대차 - 측면충돌,중앙선침범,건조,맑음,단일로 - 기타,승용,남,25세,상해없음,이륜,남,35세,경상
2016032800100118,2016년 3월 28일 08시,월요일,강원도 강릉시 포남동,부상신고사고,0,0,0,1,차대차 - 추돌,안전운전불이행,건조,맑음,교차로 - 교차로부근,승용,여,45세,상해없음,승용,여,52세,부상신고
2016032800100160,2016년 3월 28일 09시,월요일,강원도 원주시 태장동,중상사고,0,1,3,0,차대차 - 정면충돌,안전거리미확보,건조,맑음,단일로 - 기타,화물,남,44세,중상,화물,남,30세,경상
2016032800100161,2016년 3월 28일 09시,월요일,강원도 원주시 단계동,경상사고,0,0,1,0,차대차 - 측면직각충돌,안전운전불이행,건조,맑음,교차로 - 교차로안,승용,남,46세,상해없음,화물,남,52세,경상
2016032800100209,2016년 3월 28일 10시,월요일,강원도 춘천시 운교동,경상사고,0,0,1,0,차대차 - 기타,안전운전불이행,건조,맑음,단일로 - 기타,기타불명,기타불명,기타불명,기타불명,승합,남,49세,상해없음
2016032800100210,2016년 3월 28일 10시,월요일,강원도 영월군 영월읍,경상사고,0,0,1,0,차대차 - 측면직각충돌,안전운전불이행,건조,맑음,단일로 - 교량,승용,남,63세,상해없음,화물,여,61세,경상
2016032800100211,2016년 3월 28일 10시,월요일,강원도 철원군 서면,중상사고,0,2,0,0,차대차 - 측면직각충돌,교차로운행방법위반,건조,맑음,교차로 - 교차로안,화물,남,21세,상해없음,승용,여,59세,중상
2016032800100212,2016년 3월 28일 10시,월요일,강원도 동해시 발한동,경상사고,0,0,1,0,차대사람 - 길가장자리구역통행중,안전운전불이행,건조,맑음,미분류 - 미분류,원동기,남,43세,상해없음,보행자,남,54세,경상
2016032800100249,2016년 3월 28일 11시,월요일,강원도 삼척시 정상동,중상사고,0,1,0,0,차대차 - 측면직각충돌,신호위반,건조,맑음,교차로 - 교차로안,승용,여,52세,상해없음,원동기,남,60세,중상
2016032800100279,2016년 3월 28일 12시,월요일,강원도 삼척시 정상동,경상사고,0,0,2,0,차대차 - 추돌,안전운전불이행,건조,맑음,교차로 - 교차로부근,승용,여,59세,상해없음,승용,남,61세,경상
2016032800100305,2016년 3월 28일 13시,월요일,강원도 평창군 방림면,경상사고,0,0,2,0,차대차 - 추돌,안전운전불이행,건조,맑음,단일로 - 기타,승용,남,76세,상해없음,승용,남,59세,경상
2016032800100372,2016년 3월 28일 15시,월요일,강원도 춘천시 동면,경상사고,0,0,2,0,차대차 - 측면직각충돌,교차로운행방법위반,건조,맑음,교차로 - 교차로부근,승용,남,23세,상해없음,승용,남,54세,경상
2016032800100517,2016년 3월 28일 19시,월요일,강원도 원주시 흥업면,중상사고,0,1,0,0,차대차 - 측면충돌,안전운전불이행,건조,맑음,교차로 - 교차로안,승용,여,27세,상해없음,승용,남,33세,중상
2016032800100518,2016년 3월 28일 19시,월요일,강원도 원주시 반곡동,경상사고,0,0,1,0,차량단독 - 전도전복,안전운전불이행,건조,맑음,단일로 - 기타,이륜,남,28세,경상,,,,
2016032800100519,2016년 3월 28일 19시,월요일,강원도 속초시 교동,중상사고,0,1,0,0,차대사람 - 보도통행중,기타,건조,맑음,교차로 - 교차로부근,승용,남,36세,상해없음,보행자,여,56세,중상
2016032800100569,2016년 3월 28일 20시,월요일,강원도 춘천시 후평동,경상사고,0,0,1,0,차대차 - 측면직각충돌,안전운전불이행,건조,맑음,단일로 - 기타,승용,여,59세,상해없음,자전거,남,16세,경상
2016032800100570,2016년 3월 28일 20시,월요일,강원도 원주시 개운동,중상사고,0,1,0,0,차대차 - 정면충돌,교차로운행방법위반,건조,맑음,교차로 - 교차로안,승용,여,46세,상해없음,승용,여,36세,상해없음
2016032800100614,2016년 3월 28일 21시,월요일,강원도 강릉시 내곡동,경상사고,0,0,1,0,차대차 - 측면충돌,안전운전불이행,건조,맑음,교차로 - 교차로안,승용,여,47세,상해없음,승용,남,33세,경상
2016032800100615,2016년 3월 28일 21시,월요일,강원도 강릉시 용강동,경상사고,0,0,1,0,차대사람 - 횡단중,안전운전불이행,건조,맑음,단일로 - 기타,승용,여,21세,상해없음,보행자,남,58세,경상
2016032800100638,2016년 3월 28일 22시,월요일,강원도 원주시 무실동,중상사고,0,2,1,0,차대차 - 측면직각충돌,신호위반,건조,맑음,교차로 - 교차로안,승용,여,18세,상해없음,승용,남,22세,중상
2016032900100025,2016년 3월 29일 01시,화요일,강원도 원주시 우산동,중상사고,0,2,0,0,차량단독 - 전도전복,안전운전불이행,건조,맑음,교차로 - 교차로안,승용,남,23세,중상,,,,
2016032900100038,2016년 3월 29일 02시,화요일,강원도 원주시 지정면,중상사고,0,1,0,0,차량단독 - 공작물충돌,안전운전불이행,건조,맑음,단일로 - 기타,승용,남,51세,중상,,,,