사고번호,사고일시,요일,시군구,사고내용,사망자수,중상자수,경상자수,부상신고자수,사고유형,법규위반,노면상태,기상상태,도로형태,가해운전자 차종,가해운전자 성별,가해운전자 연령,가해운전자 상해정도,피해운전자 차종,피해운전자 성별,피해운전자 연령,피해운전자 상해정도
2016032900100070,2016년 3월 29일 06시,화요일,강원도 강릉시 노암동,경상사고,0,0,2,0,차대차 - 측면충돌,신호위반,건조,흐림,교차로 - 교차로안,승합,남,51세,상해없음,승합,남,68세,경상
2016032900100088,2016년 3월 29일 07시,화요일,강원도 원주시 우산동,경상사고,0,0,1,0,차대차 - 측면충돌,교차로운행방법위반,건조,맑음,교차로 - 교차로안,승용,남,25세,상해없음,승합,남,58세,상해없음
2016032900100116,2016년 3월 29일 08시,화요일,강원도 원주시 문막읍,경상사고,0,0,5,0,차대차 - 정면충돌,안전거리미확보,건조,맑음,단일로 - 기타,화물,남,55세,상해없음,승용,남,36세,경상
2016032900100144,2016년 3월 29일 09시,화요일,강원도 영월군 영월읍,경상사고,0,0,1,1,차대차 - 측면직각충돌,교차로운행방법위반,건조,맑음,교차로 - 교차로안,화물,남,56세,상해없음,승용,남,74세,경상
2016032900100262,2016년 3월 29일 14시,화요일,강원도 춘천시 조양동,중상사고,0,1,0,0,차대사람 - 길가장자리구역통행중,안전운전불이행,건조,맑음,교차로 - 교차로부근,승용,남,49세,상해없음,보행자,여,79세,중상
2016032900100263,2016년 3월 29일 14시,화요일,강원도 춘천시 칠전동,중상사고,0,1,0,0,차대사람 - 횡단중,안전운전불이행,건조,맑음,단일로 - 기타,화물,남,50세,상해없음,보행자,남,4세,중상
2016032900100264,2016년 3월 29일 14시,화요일,강원도 원주시 일산동,경상사고,0,0,1,0,차대사람 - 횡단중,안전운전불이행,건조,맑음,교차로 - 교차로안,승용,여,47세,상해없음,보행자,여,86세,경상
2016032900100265,2016년 3월 29일 14시,화요일,강원도 원주시 개운동,경상사고,0,0,1,0,차대차 - 정면충돌,교차로운행방법위반,건조,맑음,교차로 - 교차로안,승용,남,36세,상해없음,승용,여,54세,경상
2016032900100293,2016년 3월 29일 15시,화요일,강원도 강릉시 포남동,경상사고,0,0,2,0,차대차 - 추돌,안전운전불이행,건조,맑음,단일로 - 기타,화물,남,50세,상해없음,승용,여,53세,경상
2016032900100294,2016년 3월 29일 15시,화요일,강원도 강릉시 옥천동,경상사고,0,0,1,0,차대차 - 측면직각충돌,안전운전불이행,건조,맑음,교차로 - 교차로안,승용,여,30세,상해없음,승용,남,61세,경상
2016032900100295,2016년 3월 29일 15시,화요일,강원도 고성군 죽왕면,중상사고,0,1,0,0,차대사람 - 횡단중,안전운전불이행,건조,맑음,단일로 - 기타,승용,남,80세,상해없음,보행자,여,61세,중상
2016032900100326,2016년 3월 29일 16시,화요일,강원도 춘천시 효자동,경상사고,0,0,1,0,차대사람 - 기타,안전운전불이행,건조,맑음,교차로 - 교차로부근,승용,남,40세,상해없음,보행자,여,52세,경상
2016032900100361,2016년 3월 29일 17시,화요일,강원도 춘천시 퇴계동,경상사고,0,0,1,0,차대차 - 측면직각충돌,안전운전불이행,건조,맑음,교차로 - 교차로안,승합,여,46세,상해없음,승용,여,50세,경상
2016032900100362,2016년 3월 29일 17시,화요일,강원도 원주시 단구동,사망사고,1,0,0,0,차대차 - 측면충돌,안전운전불이행,건조,맑음,교차로 - 교차로안,승합,남,39세,상해없음,이륜,남,58세,사망
2016032900100403,2016년 3월 29일 18시,화요일,강원도 춘천시 소양로3가,경상사고,0,0,1,0,차대사람 - 차도통행중,안전운전불이행,습기,비,교차로 - 교차로부근,승용,남,52세,상해없음,보행자,남,71세,경상
2016032900100439,2016년 3월 29일 19시,화요일,강원도 춘천시 동면,중상사고,0,1,0,1,차대차 - 측면직각충돌,교차로운행방법위반,건조,맑음,교차로 - 교차로안,승용,남,61세,부상신고,승용,여,49세,중상
2016032900100440,2016년 3월 29일 19시,화요일,강원도 속초시 교동,중상사고,0,1,0,0,차대차 - 측면직각충돌,안전운전불이행,건조,맑음,교차로 - 교차로안,승용,여,48세,상해없음,이륜,남,49세,중상
2016032900100441,2016년 3월 29일 19시,화요일,강원도 영월군 영월읍,중상사고,0,1,0,0,차대사람 - 길가장자리구역통행중,안전운전불이행,건조,맑음,교차로 - 교차로부근,승용,남,31세,상해없음,보행자,남,60세,중상
2016032900100442,2016년 3월 29일 19시,화요일,강원도 동해시 동회동,중상사고,0,1,1,0,차대사람 - 기타,안전운전불이행,건조,맑음,교차로 - 교차로부근,화물,남,74세,상해없음,보행자,여,16세,중상
2016033000100005,2016년 3월 30일 00시,수요일,강원도 춘천시 후평동,경상사고,0,0,2,0,차대차 - 측면충돌,신호위반,건조,맑음,교차로 - 교차로안,승용,남,63세,상해없음,승용,여,45세,경상
2016033000100006,2016년 3월 30일 00시,수요일,강원도 철원군 서면,경상사고,0,0,1,0,차대차 - 추돌,안전운전불이행,건조,기타,교차로 - 교차로부근,승용,남,52세,상해없음,화물,남,48세,경상
2016033000100056,2016년 3월 30일 06시,수요일,강원도 원주시 문막읍,경상사고,0,0,3,0,차대차 - 측면충돌,중앙선침범,건조,맑음,교차로 - 교차로안,승용,남,48세,상해없음,승용,남,68세,경상
2016033000100097,2016년 3월 30일 08시,수요일,강원도 원주시 단구동,중상사고,0,1,0,0,차대차 - 측면직각충돌,안전운전불이행,건조,맑음,단일로 - 기타,승용,여,58세,상해없음,자전거,남,15세,중상
2016033000100098,2016년 3월 30일 08시,수요일,강원도 원주시 평원동,경상사고,0,0,1,0,차대차 - 정면충돌,신호위반,건조,맑음,교차로 - 교차로안,승용,여,31세,상해없음,승용,남,35세,경상
2016033000100139,2016년 3월 30일 09시,수요일,강원도 양구군 해안면,사망사고,1,0,0,0,차량단독 - 전도전복,안전운전불이행,건조,맑음,단일로 - 기타,건설기계,남,53세,사망,,,,
2016033000100180,2016년 3월 30일 10시,수요일,강원도 춘천시 신동,중상사고,0,3,0,0,차대차 - 추돌,안전운전불이행,건조,맑음,단일로 - 기타,화물,남,32세,상해없음,승용,남,30세,중상
2016033000100181,2016년 3월 30일 10시,수요일,강원도 홍천군 홍천읍,경상사고,0,0,1,0,차대사람 - 횡단중,안전운전불이행,건조,맑음,단일로 - 기타,승용,여,55세,상해없음,보행자,여,68세,경상
2016033000100236,2016년 3월 30일 12시,수요일,강원도 원주시 반곡동,경상사고,0,0,4,0,차대차 - 정면충돌,신호위반,건조,맑음,교차로 - 교차로안,승용,남,35세,상해없음,승용,여,39세,경상
2016033000100237,2016년 3월 30일 12시,수요일,강원도 동해시 구미동,경상사고,0,0,1,0,차대차 - 정면충돌,교차로운행방법위반,건조,맑음,교차로 - 교차로안,승용,여,30세,상해없음,자전거,여,70세,경상
2016033000100270,2016년 3월 30일 13시,수요일,강원도 춘천시 근화동,부상신고사고,0,0,0,1,차대차 - 측면직각충돌,안전운전불이행,건조,맑음,단일로 - 기타,자전거,남,67세,부상신고,자전거,남,55세,상해없음
2016033000100306,2016년 3월 30일 14시,수요일,강원도 원주시 흥업면,경상사고,0,0,1,0,차대차 - 정면충돌,교차로운행방법위반,건조,맑음,교차로 - 교차로부근,승용,남,27세,상해없음,이륜,남,54세,경상
2016033000100343,2016년 3월 30일 15시,수요일,강원도 원주시 무실동,경상사고,0,0,3,0,차대차 - 측면충돌,직진우회전진행방해,건조,맑음,교차로 - 교차로안,승용,여,38세,상해없음,승용,여,36세,경상
2016033000100344,2016년 3월 30일 15시,수요일,강원도 원주시 부론면,중상사고,0,1,0,0,차대사람 - 기타,안전운전불이행,건조,맑음,단일로 - 기타,화물,남,71세,상해없음,보행자,여,55세,중상
2016033000100383,2016년 3월 30일 16시,수요일,강원도 영월군 영월읍,중상사고,0,1,0,0,차대사람 - 기타,안전운전불이행,건조,맑음,단일로 - 기타,승용,남,50세,상해없음,보행자,남,71세,중상
2016033000100416,2016년 3월 30일 17시,수요일,강원도 원주시 소초면,중상사고,0,1,3,0,차대차 - 정면충돌,안전운전불이행,건조,맑음,단일로 - 기타,화물,남,74세,상해없음,승용,남,44세,경상
2016033000100447,2016년 3월 30일 18시,수요일,강원도 원주시 반곡동,중상사고,0,1,0,0,차대차 - 정면충돌,교차로운행방법위반,건조,맑음,교차로 - 교차로안,승용,남,65세,기타불명,승용,여,33세,중상
2016033000100448,2016년 3월 30일 18시,수요일,강원도 원주시 인동,중상사고,0,2,1,0,차대차 - 정면충돌,신호위반,건조,맑음,교차로 - 교차로안,승용,남,59세,중상,승용,여,33세,경상
2016033000100449,2016년 3월 30일 18시,수요일,강원도 원주시 개운동,경상사고,0,0,1,0,차대사람 - 횡단중,보행자보호의무위반,건조,맑음,교차로 - 교차로부근,승용,남,76세,상해없음,보행자,남,27세,경상
2016033000100450,2016년 3월 30일 18시,수요일,강원도 속초시 교동,부상신고사고,0,0,0,1,차대사람 - 기타,안전운전불이행,건조,맑음,단일로 - 기타,기타불명,기타불명,기타불명,기타불명,보행자,여,23세,부상신고
2016033000100486,2016년 3월 30일 19시,수요일,강원도 춘천시 후평동,경상사고,0,0,2,0,차대차 - 추돌,안전거리미확보,건조,맑음,단일로 - 기타,승용,남,58세,상해없음,승용,남,23세,경상
2016033000100487,2016년 3월 30일 19시,수요일,강원도 원주시 학성동,경상사고,0,0,1,0,차대차 - 측면충돌,안전운전불이행,건조,맑음,교차로 - 교차로안,승용,남,37세,상해없음,승용,여,46세,경상
2016033000100513,2016년 3월 30일 20시,수요일,강원도 원주시 신림면,중상사고,0,1,0,0,차량단독 - 전도전복,안전운전불이행,건조,맑음,단일로 - 기타,승용,남,55세,상해없음,,,,
2016033100100008,2016년 3월 31일 00시,목요일,강원도 춘천시 퇴계동,부상신고사고,0,0,0,1,차대차 - 기타,교차로운행방법위반,건조,맑음,교차로 - 교차로안,승용,남,53세,상해없음,승용,남,51세,상해없음
2016033100100071,2016년 3월 31일 07시,목요일,강원도 원주시 명륜동,경상사고,0,0,1,0,차대차 - 추돌,안전운전불이행,건조,맑음,교차로 - 교차로안,승용,남,26세,상해없음,승용,남,34세,경상
2016033100100072,2016년 3월 31일 07시,목요일,강원도 정선군 남면,경상사고,0,0,1,0,차대차 - 측면충돌,중앙선침범,건조,맑음,단일로 - 기타,화물,남,54세,상해없음,승용,여,48세,경상
2016033100100100,2016년 3월 31일 08시,목요일,강원도 태백시 황지동,중상사고,0,1,2,0,차대차 - 측면충돌,교차로운행방법위반,건조,맑음,교차로 - 교차로안,승용,여,38세,상해없음,승용,여,40세,경상
2016033100100167,2016년 3월 31일 10시,목요일,강원도 춘천시 동면,경상사고,0,0,1,1,차대차 - 측면충돌,안전운전불이행,건조,맑음,단일로 - 기타,승용,남,50세,상해없음,승용,여,74세,경상
2016033100100190,2016년 3월 31일 11시,목요일,강원도 강릉시 교동,경상사고,0,0,1,0,차대차 - 기타,기타,건조,맑음,단일로 - 기타,자전거,남,79세,경상,화물,남,49세,기타불명
2016033100100214,2016년 3월 31일 12시,목요일,강원도 양양군 양양읍,중상사고,0,3,3,0,차대차 - 측면직각충돌,안전운전불이행,건조,맑음,교차로 - 교차로안,승용,남,57세,상해없음,승용,남,59세,중상
2016033100100215,2016년 3월 31일 12시,목요일,강원도 평창군 진부면,경상사고,0,0,3,0,차량단독 - 도로외이탈 - 추락,안전운전불이행,건조,맑음,단일로 - 기타,승용,여,43세,경상,,,,
2016033100100247,2016년 3월 31일 13시,목요일,강원도 원주시 단구동,중상사고,0,2,2,0,차대차 - 측면충돌,안전운전불이행,건조,맑음,단일로 - 기타,화물,남,59세,경상,화물,남,40세,경상
2016033100100370,2016년 3월 31일 17시,목요일,강원도 춘천시 서면,중상사고,0,1,1,0,차대차 - 추돌,안전운전불이행,건조,맑음,단일로 - 기타,승용,남,42세,상해없음,승용,여,63세,경상
2016033100100371,2016년 3월 31일 17시,목요일,강원도 영월군 북면,중상사고,0,1,0,0,차대차 - 측면직각충돌,중앙선침범,건조,맑음,교차로 - 교차로부근,승용,남,59세,상해없음,승용,여,53세,중상
2016033100100414,2016년 3월 31일 18시,목요일,강원도 춘천시 동면,중상사고,0,1,1,0,차대차 - 측면충돌,직진우회전진행방해,건조,맑음,교차로 - 교차로안,승용,여,27세,상해없음,승용,여,49세,경상
2016033100100415,2016년 3월 31일 18시,목요일,강원도 원주시 개운동,경상사고,0,0,1,0,차대차 - 측면충돌,직진우회전진행방해,건조,맑음,교차로 - 교차로안,승용,여,46세,상해없음,승용,여,33세,경상
2016033100100416,2016년 3월 31일 18시,목요일,강원도 태백시 황지동,경상사고,0,0,4,0,차대차 - 측면직각충돌,안전거리미확보,건조,맑음,교차로 - 교차로안,승용,여,57세,경상,승합,남,48세,상해없음
2016033100100450,2016년 3월 31일 19시,목요일,강원도 횡성군 횡성읍,중상사고,0,1,0,0,차대차 - 측면충돌,안전운전불이행,건조,맑음,단일로 - 기타,승용,여,47세,상해없음,이륜,남,83세,중상
2016033100100451,2016년 3월 31일 19시,목요일,강원도 동해시 발한동,경상사고,0,0,2,0,차대차 - 측면직각충돌,안전운전불이행,건조,맑음,단일로 - 기타,승용,남,68세,상해없음,승용,남,27세,경상
2016033100100486,2016년 3월 31일 20시,목요일,강원도 강릉시 노암동,경상사고,0,0,1,1,차대차 - 측면직각충돌,안전운전불이행,건조,맑음,교차로 - 교차로안,승용,남,43세,상해없음,승용,남,21세,경상
2016033100100509,2016년 3월 31일 21시,목요일,강원도 강릉시 노암동,경상사고,0,0,1,0,차대사람 - 기타,안전운전불이행,건조,맑음,교차로 - 교차로안,승용,여,56세,상해없음,보행자,남,40세,경상
2016033100100510,2016년 3월 31일 21시,목요일,강원도 원주시 관설동,부상신고사고,0,0,0,3,차대차 - 측면충돌,직진우회전진행방해,건조,맑음,교차로 - 교차로안,승용,남,36세,상해없음,승용,남,27세,상해없음
2016033100100511,2016년 3월 31일 21시,목요일,강원도 원주시 신림면,경상사고,0,0,2,0,차대차 - 추돌,안전운전불이행,건조,맑음,단일로 - 기타,화물,남,51세,경상,승합,남,58세,상해없음
2016033100100512,2016년 3월 31일 21시,목요일,강원도 태백시 황지동,중상사고,0,1,0,0,차대사람 - 횡단중,보행자보호의무위반,건조,맑음,교차로 - 교차로부근,승용,남,62세,상해없음,보행자,여,22세,중상
2016033100100565,2016년 3월 31일 23시,목요일,강원도 속초시 조양동,중상사고,0,3,2,0,차대차 - 측면직각충돌,교차로운행방법위반,건조,맑음,교차로 - 교차로안,승용,남,53세,상해없음,승용,남,26세,중상
2016040100100009,2016년 4월 1일 00시,금요일,강원도 춘천시 효자동,부상신고사고,0,0,0,1,차대차 - 측면직각충돌,안전거리미확보,건조,맑음,단일로 - 기타,승용,남,40세,상해없음,원동기,남,42세,부상신고
2016040100100028,2016년 4월 1일 01시,금요일,강원도 원주시 지정면,중상사고,0,1,0,0,차량단독 - 공작물충돌,안전운전불이행,건조,맑음,단일로 - 기타,승용,남,58세,중상,,,,
2016040100100089,2016년 4월 1일 07시,금요일,강원도 원주시 명륜동,경상사고,0,0,1,0,차대차 - 측면충돌,안전거리미확보,건조,맑음,교차로 - 교차로안,승용,남,33세,상해없음,승용,여,64세,경상
2016040100100132,2016년 4월 1일 08시,금요일,강원도 춘천시 신동면,경상사고,0,0,1,0,차대차 - 측면충돌,교차로운행방법위반,건조,맑음,교차로 - 교차로안,건설기계,남,46세,상해없음,승용,남,51세,경상
2016040100100133,2016년 4월 1일 08시,금요일,강원도 원주시 단구동,경상사고,0,0,1,0,차대차 - 추돌,안전운전불이행,건조,맑음,교차로 - 교차로부근,화물,남,37세,기타불명,승용,남,43세,경상
2016040100100134,2016년 4월 1일 08시,금요일,강원도 동해시 평릉동,경상사고,0,0,1,0,차대차 - 측면충돌,교차로운행방법위반,건조,맑음,교차로 - 교차로안,승합,여,45세,상해없음,화물,남,27세,경상
2016040100100174,2016년 4월 1일 09시,금요일,강원도 원주시 단계동,경상사고,0,0,2,0,차대차 - 기타,안전거리미확보,건조,맑음,교차로 - 교차로안,승용,남,50세,상해없음,승용,남,47세,경상
2016040100100206,2016년 4월 1일 10시,금요일,강원도 춘천시 동면,경상사고,0,0,1,2,차대차 - 측면충돌,교차로운행방법위반,건조,맑음,교차로 - 교차로부근,승용,남,51세,상해없음,승용,여,38세,경상
2016040100100207,2016년 4월 1일 10시,금요일,강원도 삼척시 근덕면,사망사고,1,0,0,0,차대사람 - 횡단중,보행자보호의무위반,건조,맑음,교차로 - 교차로부근,건설기계,남,40세,상해없음,보행자,여,79세,사망
2016040100100238,2016년 4월 1일 11시,금요일,강원도 평창군 봉평면,중상사고,0,1,0,0,차량단독 - 전도전복,안전운전불이행,건조,맑음,단일로 - 기타,승용,남,54세,중상,,,,
2016040100100239,2016년 4월 1일 11시,금요일,강원도 양구군 양구읍,중상사고,0,1,0,0,차대차 - 측면직각충돌,안전운전불이행,건조,맑음,단일로 - 기타,화물,남,54세,상해없음,이륜,남,82세,중상
2016040100100356,2016년 4월 1일 15시,금요일,강원도 춘천시 석사동,경상사고,0,0,2,0,차대차 - 측면직각충돌,안전운전불이행,건조,맑음,단일로 - 기타,화물,남,51세,상해없음,승용,여,44세,경상
2016040100100357,2016년 4월 1일 15시,금요일,강원도 강릉시 임당동,경상사고,0,0,1,0,차대차 - 측면직각충돌,기타,건조,맑음,단일로 - 기타,승용,남,56세,상해없음,원동기,남,35세,경상
2016040100100358,2016년 4월 1일 15시,금요일,강원도 원주시 문막읍,중상사고,0,1,0,0,차대사람 - 횡단중,보행자보호의무위반,건조,맑음,단일로 - 기타,화물,남,36세,상해없음,보행자,남,8세,중상
2016040100100395,2016년 4월 1일 16시,금요일,강원도 춘천시 동내면,경상사고,0,0,2,0,차대차 - 정면충돌,안전거리미확보,건조,맑음,단일로 - 기타,승용,여,48세,상해없음,승용,여,43세,경상
2016040100100396,2016년 4월 1일 16시,금요일,강원도 원주시 단구동,경상사고,0,0,1,0,차대차 - 추돌,안전거리미확보,건조,맑음,단일로 - 기타,승용,남,69세,상해없음,승용,여,56세,경상
2016040100100397,2016년 4월 1일 16시,금요일,강원도 고성군 토성면,경상사고,0,0,1,0,차대차 - 측면충돌,교차로운행방법위반,건조,맑음,교차로 - 교차로안,특수,남,50세,상해없음,승용,남,62세,경상
2016040100100493,2016년 4월 1일 18시,금요일,강원도 원주시 신림면,사망사고,1,2,0,0,차대차 - 정면충돌,중앙선침범,건조,맑음,단일로 - 기타,승용,남,50세,상해없음,승용,여,53세,중상
2016040100100494,2016년 4월 1일 18시,금요일,강원도 원주시 우산동,경상사고,0,0,2,0,차대차 - 정면충돌,신호위반,건조,맑음,교차로 - 교차로안,이륜,남,32세,상해없음,승용,남,50세,경상
2016040100100495,2016년 4월 1일 18시,금요일,강원도 원주시 개운동,경상사고,0,0,1,0,차대사람 - 길가장자리구역통행중,안전운전불이행,건조,맑음,기타 - 기타,승용,남,53세,상해없음,보행자,여,63세,경상
2016040100100543,2016년 4월 1일 19시,금요일,강원도 강릉시 포남동,중상사고,0,2,0,0,차대차 - 측면충돌,중앙선침범,건조,맑음,단일로 - 기타,승합,남,58세,기타불명,이륜,남,19세,중상
2016040100100544,2016년 4월 1일 19시,금요일,강원도 원주시 단구동,중상사고,0,1,0,0,차대차 - 측면충돌,신호위반,건조,맑음,교차로 - 교차로안,승용,남,35세,상해없음,이륜,남,23세,중상
2016040100100651,2016년 4월 1일 21시,금요일,강원도 속초시 동명동,중상사고,0,1,0,0,차대사람 - 횡단중,안전운전불이행,건조,맑음,단일로 - 기타,승용,남,49세,상해없음,보행자,남,47세,중상
2016040100100689,2016년 4월 1일 22시,금요일,강원도 원주시 우산동,경상사고,0,0,1,0,차대차 - 기타,안전운전불이행,건조,맑음,단일로 - 기타,승용,여,40세,상해없음,승용,여,44세,경상
2016040100100723,2016년 4월 1일 23시,금요일,강원도 강릉시 홍제동,중상사고,0,2,0,0,차대차 - 측면직각충돌,신호위반,건조,맑음,교차로 - 교차로안,승용,여,49세,상해없음,승합,남,60세,중상
2016040200100015,2016년 4월 2일 00시,토요일,강원도 춘천시 석사동,경상사고,0,0,1,0,차대사람 - 횡단중,안전운전불이행,건조,맑음,단일로 - 기타,승용,여,25세,상해없음,보행자,남,30세,경상
2016040200100036,2016년 4월 2일 01시,토요일,강원도 양양군 강현면,중상사고,0,2,1,0,차량단독 - 전도전복,안전운전불이행,건조,흐림,단일로 - 기타,승용,남,22세,경상,,,,
2016040200100145,2016년 4월 2일 08시,토요일,강원도 춘천시 석사동,경상사고,0,0,1,0,차대사람 - 횡단중,신호위반,건조,맑음,단일로 - 횡단보도상,승용,남,60세,상해없음,보행자,여,19세,경상
2016040200100146,2016년 4월 2일 08시,토요일,강원도 원주시 단구동,경상사고,0,0,1,0,차대차 - 기타,안전운전불이행,건조,맑음,교차로 - 교차로안,승합,남,41세,상해없음,승용,남,56세,경상
2016040200100147,2016년 4월 2일 08시,토요일,강원도 홍천군 북방면,중상사고,0,1,0,0,차대차 - 정면충돌,중앙선침범,건조,맑음,단일로 - 기타,승용,남,53세,상해없음,승용,남,51세,중상
2016040200100201,2016년 4월 2일 10시,토요일,강원도 동해시 천곡동,경상사고,0,0,1,0,차대사람 - 길가장자리구역통행중,안전운전불이행,건조,맑음,단일로 - 기타,승용,남,55세,상해없음,보행자,여,53세,경상
2016040200100240,2016년 4월 2일 11시,토요일,강원도 원주시 학성동,경상사고,0,0,3,0,차대차 - 정면충돌,교차로운행방법위반,건조,맑음,교차로 - 교차로안,승용,남,29세,상해없음,승용,남,39세,경상
2016040200100273,2016년 4월 2일 12시,토요일,강원도 춘천시 근화동,경상사고,0,0,2,0,차대차 - 기타,안전운전불이행,건조,맑음,단일로 - 기타,화물,남,41세,기타불명,승용,남,55세,경상
2016040200100274,2016년 4월 2일 12시,토요일,강원도 원주시 우산동,경상사고,0,0,1,0,차대사람 - 횡단중,안전운전불이행,건조,맑음,단일로 - 기타,승용,남,43세,상해없음,보행자,남,8세,경상
2016040200100312,2016년 4월 2일 13시,토요일,강원도 춘천시 후평동,경상사고,0,0,1,1,차대차 - 측면충돌,신호위반,건조,맑음,교차로 - 교차로안,승용,남,54세,상해없음,승용,남,52세,부상신고
2016040200100313,2016년 4월 2일 13시,토요일,강원도 춘천시 남산면,경상사고,0,0,2,1,차대차 - 정면충돌,교차로운행방법위반,건조,맑음,교차로 - 교차로안,화물,남,55세,상해없음,승용,남,48세,경상
2016040200100314,2016년 4월 2일 13시,토요일,강원도 속초시 청호동,경상사고,0,0,2,0,차대차 - 추돌,안전운전불이행,건조,맑음,단일로 - 기타,승용,남,57세,상해없음,승용,남,22세,상해없음
2016040200100361,2016년 4월 2일 14시,토요일,강원도 춘천시 퇴계동,중상사고,0,2,2,0,차대차 - 측면직각충돌,신호위반,건조,맑음,교차로 - 교차로안,승합,남,79세,상해없음,승용,남,53세,경상
2016040200100362,2016년 4월 2일 14시,토요일,강원도 강릉시 강문동,경상사고,0,0,1,0,차대차 - 측면직각충돌,안전운전불이행,건조,맑음,교차로 - 교차로안,승용,남,63세,상해없음,승용,남,62세,경상
2016040200100363,2016년 4월 2일 14시,토요일,강원도 평창군 용평면,경상사고,0,0,1,0,차대차 - 측면직각충돌,차로위반,건조,맑음,단일로 - 기타,승용,남,77세,상해없음,승용,남,63세,경상
2016040200100409,2016년 4월 2일 15시,토요일,강원도 춘천시 효자동,경상사고,0,0,1,0,차대사람 - 기타,안전운전불이행,건조,맑음,교차로 - 교차로부근,승용,남,53세,상해없음,보행자,남,58세,경상
2016040200100410,2016년 4월 2일 15시,토요일,강원도 삼척시 정하동,경상사고,0,0,1,0,차대사람 - 기타,안전운전불이행,건조,맑음,단일로 - 기타,승용,여,47세,상해없음,보행자,남,74세,경상
2016040200100494,2016년 4월 2일 17시,토요일,강원도 춘천시 소양로1가,경상사고,0,0,2,0,차대차 - 기타,안전운전불이행,건조,맑음,교차로 - 교차로안,승용,여,63세,상해없음,승용,남,54세,경상
2016040200100538,2016년 4월 2일 18시,토요일,강원도 춘천시 온의동,경상사고,0,0,1,0,차대차 - 측면직각충돌,안전거리미확보,건조,맑음,단일로 - 기타,화물,남,52세,상해없음,승용,여,58세,경상
2016040200100539,2016년 4월 2일 18시,토요일,강원도 원주시 단구동,중상사고,0,1,0,0,차대사람 - 횡단중,보행자보호의무위반,건조,맑음,교차로 - 교차로안,이륜,남,17세,상해없음,보행자,남,16세,중상
2016040200100563,2016년 4월 2일 19시,토요일,강원도 원주시 호저면,중상사고,0,1,0,0,차대차 - 추돌,안전운전불이행,건조,맑음,단일로 - 기타,승용,남,31세,상해없음,농기계,남,59세,중상
2016040200100564,2016년 4월 2일 19시,토요일,강원도 철원군 김화읍,중상사고,0,1,1,0,차대차 - 정면충돌,신호위반,건조,맑음,교차로 - 교차로안,이륜,남,20세,중상,승용,남,23세,경상
2016040200100609,2016년 4월 2일 20시,토요일,강원도 원주시 단구동,경상사고,0,0,1,0,차대차 - 정면충돌,안전운전불이행,건조,맑음,교차로 - 교차로부근,승용,남,52세,상해없음,이륜,남,57세,경상
2016040300100077,2016년 4월 3일 03시,일요일,강원도 원주시 명륜동,경상사고,0,0,1,0,차대차 - 정면충돌,안전운전불이행,건조,맑음,교차로 - 교차로부근,승용,여,33세,상해없음,승용,남,44세,경상
2016040300100097,2016년 4월 3일 04시,일요일,강원도 원주시 일산동,중상사고,0,2,0,0,차대차 - 정면충돌,교차로운행방법위반,건조,맑음,교차로 - 교차로안,승용,남,75세,기타불명,승용,남,45세,중상
2016040300100129,2016년 4월 3일 07시,일요일,강원도 춘천시 석사동,경상사고,0,0,2,0,차대차 - 추돌,안전거리미확보,건조,맑음,교차로 - 교차로안,승용,남,66세,상해없음,승용,남,34세,경상
2016040300100148,2016년 4월 3일 09시,일요일,강원도 정선군 남면,부상신고사고,0,0,0,1,차대사람 - 횡단중,안전운전불이행,건조,맑음,단일로 - 기타,화물,여,53세,상해없음,보행자,남,51세,부상신고
2016040300100169,2016년 4월 3일 10시,일요일,강원도 삼척시 정상동,경상사고,0,0,2,0,차대차 - 측면충돌,교차로운행방법위반,건조,맑음,교차로 - 교차로안,승합,남,59세,상해없음,화물,남,59세,경상
2016040300100170,2016년 4월 3일 10시,일요일,강원도 동해시 이도동,경상사고,0,0,1,0,차대차 - 측면충돌,교차로운행방법위반,건조,맑음,교차로 - 교차로안,승용,남,69세,상해없음,승용,여,53세,경상
2016040300100197,2016년 4월 3일 11시,일요일,강원도 삼척시 정상동,경상사고,0,0,1,0,차대차 - 정면충돌,중앙선침범,건조,맑음,교차로 - 교차로부근,화물,남,44세,상해없음,승용,남,43세,경상
2016040300100216,2016년 4월 3일 12시,일요일,강원도 강릉시 운정동,경상사고,0,0,1,0,차대사람 - 횡단중,안전운전불이행,건조,맑음,단일로 - 기타,자전거,여,21세,상해없음,보행자,여,52세,경상
2016040300100217,2016년 4월 3일 12시,일요일,강원도 홍천군 서면,중상사고,0,1,0,0,차대차 - 측면충돌,중앙선침범,습기,비,단일로 - 기타,화물,남,61세,상해없음,화물,여,50세,중상
2016040300100249,2016년 4월 3일 13시,일요일,강원도 태백시 황지동,부상신고사고,0,0,0,4,차대차 - 측면충돌,교차로운행방법위반,건조,맑음,교차로 - 교차로안,승용,남,56세,상해없음,승용,여,56세,부상신고
2016040300100282,2016년 4월 3일 14시,일요일,강원도 원주시 문막읍,경상사고,0,0,3,0,차대차 - 정면충돌,교차로운행방법위반,건조,맑음,교차로 - 교차로안,승용,남,27세,상해없음,승용,여,40세,경상
2016040300100283,2016년 4월 3일 14시,일요일,강원도 홍천군 두촌면,경상사고,0,0,2,0,차대차 - 추돌,안전거리미확보,습기,비,단일로 - 기타,승용,남,29세,상해없음,승용,남,37세,경상