사고번호,사고일시,요일,시군구,사고내용,사망자수,중상자수,경상자수,부상신고자수,사고유형,법규위반,노면상태,기상상태,도로형태,가해운전자 차종,가해운전자 성별,가해운전자 연령,가해운전자 상해정도,피해운전자 차종,피해운전자 성별,피해운전자 연령,피해운전자 상해정도
2016040300100314,2016년 4월 3일 15시,일요일,강원도 춘천시 남면,사망사고,1,1,0,0,차대차 - 정면충돌,중앙선침범,습기,비,단일로 - 기타,승용,남,78세,사망,승용,남,55세,중상
2016040300100315,2016년 4월 3일 15시,일요일,강원도 강릉시 교동,경상사고,0,0,1,0,차대차 - 측면충돌,안전운전불이행,건조,맑음,단일로 - 기타,승용,남,72세,상해없음,승용,남,71세,상해없음
2016040300100419,2016년 4월 3일 18시,일요일,강원도 원주시 일산동,경상사고,0,0,1,0,차대사람 - 길가장자리구역통행중,안전운전불이행,건조,맑음,단일로 - 기타,승용,여,52세,상해없음,보행자,여,41세,경상
2016040300100420,2016년 4월 3일 18시,일요일,강원도 동해시 추암동,경상사고,0,0,1,0,차대차 - 측면충돌,안전거리미확보,건조,맑음,단일로 - 기타,건설기계,남,56세,상해없음,승용,남,40세,경상
2016040300100453,2016년 4월 3일 19시,일요일,강원도 춘천시 퇴계동,경상사고,0,0,1,0,차대차 - 측면직각충돌,안전운전불이행,습기,비,단일로 - 기타,화물,남,57세,상해없음,이륜,남,31세,경상
2016040300100454,2016년 4월 3일 19시,일요일,강원도 춘천시 후평동,경상사고,0,0,2,0,차대차 - 추돌,안전거리미확보,습기,비,단일로 - 기타,승용,남,69세,상해없음,승용,여,47세,경상
2016040300100455,2016년 4월 3일 19시,일요일,강원도 삼척시 도계읍,경상사고,0,0,1,0,차량단독 - 전도전복,안전운전불이행,습기,비,기타 - 기타,화물,남,23세,경상,,,,
2016040300100490,2016년 4월 3일 20시,일요일,강원도 강릉시 포남동,경상사고,0,0,1,0,차대차 - 추돌,안전운전불이행,건조,맑음,교차로 - 교차로부근,화물,남,53세,상해없음,승용,여,51세,경상
2016040300100533,2016년 4월 3일 21시,일요일,강원도 원주시 관설동,중상사고,0,1,0,0,차대차 - 정면충돌,안전운전불이행,습기,흐림,교차로 - 교차로안,승용,여,29세,상해없음,이륜,남,23세,중상
2016040300100534,2016년 4월 3일 21시,일요일,강원도 원주시 우산동,경상사고,0,0,1,0,차대차 - 기타,교차로운행방법위반,습기,비,교차로 - 교차로안,승용,남,34세,상해없음,원동기,남,18세,경상
2016040300100578,2016년 4월 3일 23시,일요일,강원도 춘천시 온의동,경상사고,0,0,2,0,차대차 - 추돌,안전거리미확보,습기,흐림,단일로 - 기타,승용,남,41세,상해없음,승용,남,36세,경상
2016040300100579,2016년 4월 3일 23시,일요일,강원도 원주시 단계동,경상사고,0,0,1,0,차대사람 - 기타,교차로운행방법위반,건조,맑음,교차로 - 교차로안,화물,남,50세,상해없음,보행자,남,23세,경상
2016040400100028,2016년 4월 4일 02시,월요일,강원도 영월군 남면,중상사고,0,2,0,0,차량단독 - 공작물충돌,안전운전불이행,습기,비,단일로 - 기타,승용,남,38세,상해없음,,,,
2016040400100134,2016년 4월 4일 08시,월요일,강원도 춘천시 석사동,경상사고,0,0,1,0,차대차 - 측면충돌,신호위반,건조,맑음,교차로 - 교차로안,화물,남,61세,상해없음,승용,남,46세,경상
2016040400100175,2016년 4월 4일 09시,월요일,강원도 삼척시 도계읍,경상사고,0,0,1,0,차대사람 - 길가장자리구역통행중,안전운전불이행,건조,맑음,단일로 - 기타,승용,남,61세,상해없음,보행자,남,80세,경상
2016040400100176,2016년 4월 4일 09시,월요일,강원도 삼척시 남양동,경상사고,0,0,6,0,차대차 - 정면충돌,신호위반,건조,맑음,교차로 - 교차로안,승용,여,58세,경상,승용,남,56세,경상
2016040400100177,2016년 4월 4일 09시,월요일,강원도 양구군 양구읍,경상사고,0,0,4,0,차대차 - 측면충돌,교차로운행방법위반,건조,맑음,교차로 - 교차로안,승용,남,71세,경상,승용,남,28세,경상
2016040400100220,2016년 4월 4일 10시,월요일,강원도 원주시 우산동,중상사고,0,1,1,0,차대차 - 측면충돌,교차로운행방법위반,건조,맑음,교차로 - 교차로안,승용,남,27세,상해없음,화물,남,55세,중상
2016040400100221,2016년 4월 4일 10시,월요일,강원도 원주시 학성동,중상사고,0,1,0,0,차대차 - 측면충돌,직진우회전진행방해,건조,맑음,교차로 - 교차로안,화물,남,46세,상해없음,승용,남,49세,중상
2016040400100342,2016년 4월 4일 14시,월요일,강원도 원주시 문막읍,중상사고,0,1,0,0,차대차 - 기타,차로위반,건조,맑음,단일로 - 기타,승용,남,26세,상해없음,승용,여,45세,중상
2016040400100407,2016년 4월 4일 16시,월요일,강원도 춘천시 석사동,경상사고,0,0,1,0,차대차 - 측면직각충돌,안전운전불이행,건조,맑음,단일로 - 기타,승용,여,40세,상해없음,자전거,여,23세,경상
2016040400100447,2016년 4월 4일 17시,월요일,강원도 원주시 학성동,경상사고,0,0,3,0,차대차 - 측면충돌,안전운전불이행,건조,맑음,단일로 - 기타,승용,여,40세,상해없음,승합,남,60세,상해없음
2016040400100448,2016년 4월 4일 17시,월요일,강원도 양양군 손양면,경상사고,0,0,1,0,차대차 - 추돌,안전운전불이행,건조,맑음,단일로 - 기타,승용,남,41세,상해없음,농기계,남,57세,경상
2016040400100490,2016년 4월 4일 18시,월요일,강원도 원주시 명륜동,경상사고,0,0,1,0,차대사람 - 횡단중,보행자보호의무위반,건조,맑음,단일로 - 기타,승용,남,63세,상해없음,보행자,남,8세,경상
2016040400100491,2016년 4월 4일 18시,월요일,강원도 평창군 대화면,중상사고,0,1,0,0,차대차 - 측면직각충돌,안전운전불이행,건조,맑음,단일로 - 기타,화물,남,78세,상해없음,농기계,여,79세,중상
2016040400100492,2016년 4월 4일 18시,월요일,강원도 정선군 여량면,경상사고,0,0,2,0,차대차 - 측면직각충돌,안전운전불이행,건조,맑음,단일로 - 기타,승용,남,63세,경상,승용,여,22세,경상
2016040400100556,2016년 4월 4일 20시,월요일,강원도 강릉시 입암동,경상사고,0,0,1,0,차대사람 - 기타,안전운전불이행,건조,맑음,단일로 - 기타,화물,남,44세,상해없음,보행자,여,65세,경상
2016040400100557,2016년 4월 4일 20시,월요일,강원도 홍천군 홍천읍,사망사고,1,0,0,0,차대사람 - 차도통행중,안전운전불이행,건조,맑음,단일로 - 기타,화물,남,49세,상해없음,보행자,남,62세,사망
2016040400100597,2016년 4월 4일 21시,월요일,강원도 원주시 봉산동,중상사고,0,1,0,0,차대차 - 측면충돌,교차로운행방법위반,건조,맑음,교차로 - 교차로안,승용,남,43세,상해없음,이륜,남,22세,중상
2016040400100616,2016년 4월 4일 22시,월요일,강원도 춘천시 후평동,경상사고,0,0,1,0,차대사람 - 횡단중,보행자보호의무위반,건조,맑음,단일로 - 기타,승용,남,42세,상해없음,보행자,남,41세,경상
2016040400100617,2016년 4월 4일 22시,월요일,강원도 원주시 개운동,중상사고,0,1,0,0,차대차 - 추돌,안전거리미확보,건조,맑음,단일로 - 기타,승용,남,45세,상해없음,승용,남,28세,중상
2016040400100618,2016년 4월 4일 22시,월요일,강원도 평창군 진부면,중상사고,0,1,4,0,차대차 - 측면충돌,안전운전불이행,건조,맑음,교차로 - 교차로안,승합,여,56세,경상,승용,여,46세,경상
2016040500100006,2016년 4월 5일 00시,화요일,강원도 원주시 단구동,경상사고,0,0,3,0,차대차 - 추돌,안전운전불이행,건조,맑음,단일로 - 기타,승용,남,54세,상해없음,승용,남,20세,경상
2016040500100007,2016년 4월 5일 00시,화요일,강원도 속초시 노학동,경상사고,0,0,1,0,차량단독 - 전도전복,안전운전불이행,건조,맑음,단일로 - 기타,승용,남,60세,상해없음,,,,
2016040500100078,2016년 4월 5일 07시,화요일,강원도 춘천시 석사동,경상사고,0,0,3,0,차대차 - 정면충돌,중앙선침범,건조,맑음,단일로 - 기타,승용,남,40세,상해없음,승용,여,29세,경상
2016040500100079,2016년 4월 5일 07시,화요일,강원도 원주시 단구동,경상사고,0,0,2,0,차대차 - 측면충돌,안전거리미확보,건조,맑음,단일로 - 기타,승용,여,59세,상해없음,승용,남,66세,경상
2016040500100118,2016년 4월 5일 08시,화요일,강원도 춘천시 효자동,중상사고,0,1,1,0,차대사람 - 횡단중,신호위반,건조,맑음,단일로 - 횡단보도상,승용,남,54세,상해없음,보행자,남,8세,경상
2016040500100119,2016년 4월 5일 08시,화요일,강원도 춘천시 퇴계동,부상신고사고,0,0,0,1,차대차 - 측면직각충돌,안전운전불이행,건조,맑음,교차로 - 교차로안,승용,남,28세,상해없음,승용,여,29세,부상신고
2016040500100120,2016년 4월 5일 08시,화요일,강원도 강릉시 홍제동,경상사고,0,0,1,0,차대차 - 추돌,안전운전불이행,건조,맑음,교차로 - 교차로안,승합,여,27세,상해없음,승합,남,45세,경상
2016040500100121,2016년 4월 5일 08시,화요일,강원도 양양군 양양읍,경상사고,0,0,1,0,차대차 - 측면직각충돌,직진우회전진행방해,건조,맑음,교차로 - 교차로안,승용,여,74세,상해없음,승용,여,52세,경상
2016040500100122,2016년 4월 5일 08시,화요일,강원도 동해시 삼화동,중상사고,0,1,0,0,차대사람 - 길가장자리구역통행중,안전운전불이행,건조,맑음,단일로 - 기타,승용,남,46세,상해없음,보행자,여,47세,중상
2016040500100165,2016년 4월 5일 09시,화요일,강원도 춘천시 신북읍,경상사고,0,0,1,0,차대차 - 측면직각충돌,안전운전불이행,건조,맑음,단일로 - 기타,승용,여,47세,기타불명,승용,여,61세,경상
2016040500100166,2016년 4월 5일 09시,화요일,강원도 원주시 태장동,경상사고,0,0,2,0,차대차 - 정면충돌,안전거리미확보,건조,맑음,단일로 - 기타,승용,여,56세,상해없음,승용,남,56세,경상
2016040500100167,2016년 4월 5일 09시,화요일,강원도 영월군 남면,경상사고,0,0,1,0,차대차 - 기타,안전운전불이행,건조,맑음,단일로 - 기타,승용,여,37세,기타불명,승용,여,40세,경상
2016040500100168,2016년 4월 5일 09시,화요일,강원도 홍천군 홍천읍,경상사고,0,0,1,0,차대차 - 기타,안전운전불이행,건조,맑음,단일로 - 기타,화물,남,55세,상해없음,자전거,여,24세,경상
2016040500100169,2016년 4월 5일 09시,화요일,강원도 태백시 화전동,경상사고,0,0,6,0,차대차 - 측면직각충돌,기타,건조,맑음,단일로 - 기타,승용,여,68세,상해없음,승용,여,46세,경상
2016040500100170,2016년 4월 5일 09시,화요일,강원도 정선군 고한읍,경상사고,0,0,1,0,차량단독 - 공작물충돌,안전운전불이행,건조,맑음,단일로 - 기타,승용,여,39세,경상,,,,
2016040500100247,2016년 4월 5일 11시,화요일,강원도 고성군 토성면,경상사고,0,0,1,0,차대차 - 측면충돌,안전운전불이행,건조,맑음,단일로 - 기타,승용,남,18세,상해없음,승용,남,61세,경상
2016040500100288,2016년 4월 5일 12시,화요일,강원도 춘천시 우두동,경상사고,0,0,2,0,차대차 - 정면충돌,교차로운행방법위반,건조,맑음,교차로 - 교차로안,승용,여,54세,상해없음,승용,남,44세,경상
2016040500100289,2016년 4월 5일 12시,화요일,강원도 춘천시 후평동,중상사고,0,2,0,0,차대차 - 측면직각충돌,안전운전불이행,건조,맑음,교차로 - 교차로안,승용,남,48세,상해없음,승용,남,59세,중상
2016040500100340,2016년 4월 5일 14시,화요일,강원도 홍천군 홍천읍,경상사고,0,0,1,0,차대차 - 측면직각충돌,안전거리미확보,건조,맑음,단일로 - 기타,승용,남,59세,상해없음,승용,여,61세,경상
2016040500100341,2016년 4월 5일 14시,화요일,강원도 인제군 북면,중상사고,0,1,0,0,차대차 - 측면충돌,신호위반,건조,맑음,교차로 - 교차로안,화물,남,50세,상해없음,화물,남,44세,중상
2016040500100409,2016년 4월 5일 16시,화요일,강원도 춘천시 후평동,경상사고,0,0,1,0,차대차 - 측면직각충돌,교차로운행방법위반,건조,맑음,교차로 - 교차로안,승용,남,55세,상해없음,자전거,남,14세,경상
2016040500100410,2016년 4월 5일 16시,화요일,강원도 강릉시 송정동,경상사고,0,0,1,0,차대차 - 측면충돌,신호위반,건조,맑음,교차로 - 교차로안,승합,남,73세,상해없음,승용,남,42세,경상
2016040500100458,2016년 4월 5일 17시,화요일,강원도 원주시 태장동,경상사고,0,0,1,0,차대차 - 정면충돌,안전운전불이행,건조,맑음,단일로 - 기타,승용,여,61세,상해없음,승용,남,26세,경상
2016040500100459,2016년 4월 5일 17시,화요일,강원도 인제군 남면,중상사고,0,1,0,0,차량단독 - 전도전복,안전운전불이행,건조,맑음,단일로 - 기타,승용,남,47세,중상,,,,
2016040500100493,2016년 4월 5일 18시,화요일,강원도 춘천시 후평동,경상사고,0,0,1,0,차대사람 - 기타,안전운전불이행,건조,맑음,단일로 - 기타,기타불명,기타불명,기타불명,기타불명,보행자,여,7세,경상
2016040500100494,2016년 4월 5일 18시,화요일,강원도 춘천시 효자동,경상사고,0,0,1,0,차대사람 - 보도통행중,안전운전불이행,건조,맑음,단일로 - 기타,승용,남,47세,상해없음,보행자,여,19세,경상
2016040500100495,2016년 4월 5일 18시,화요일,강원도 강릉시 주문진읍,경상사고,0,0,5,0,차대차 - 측면충돌,안전운전불이행,건조,맑음,단일로 - 기타,승용,여,57세,상해없음,승용,남,59세,경상
2016040500100496,2016년 4월 5일 18시,화요일,강원도 원주시 우산동,경상사고,0,0,1,0,차대차 - 정면충돌,안전운전불이행,건조,맑음,단일로 - 기타,이륜,남,38세,경상,건설기계,남,33세,상해없음
2016040500100497,2016년 4월 5일 18시,화요일,강원도 원주시 단구동,경상사고,0,0,1,0,차대사람 - 횡단중,안전운전불이행,건조,맑음,단일로 - 기타,승용,여,35세,상해없음,보행자,남,8세,경상
2016040500100535,2016년 4월 5일 19시,화요일,강원도 강릉시 교동,중상사고,0,1,0,0,차대차 - 측면충돌,안전운전불이행,건조,맑음,교차로 - 교차로안,승합,남,46세,상해없음,자전거,남,15세,중상
2016040500100536,2016년 4월 5일 19시,화요일,강원도 원주시 태장동,경상사고,0,0,3,0,차대차 - 정면충돌,안전운전불이행,건조,맑음,단일로 - 기타,승용,남,37세,상해없음,승용,남,50세,경상
2016040500100569,2016년 4월 5일 20시,화요일,강원도 정선군 고한읍,경상사고,0,0,2,0,차대차 - 측면직각충돌,신호위반,건조,맑음,교차로 - 교차로안,승용,남,48세,상해없음,건설기계,남,40세,경상
2016040500100632,2016년 4월 5일 22시,화요일,강원도 속초시 교동,경상사고,0,0,1,0,차대사람 - 횡단중,안전운전불이행,건조,맑음,단일로 - 기타,원동기,여,20세,상해없음,보행자,남,57세,경상
2016040600100097,2016년 4월 6일 08시,수요일,강원도 춘천시 약사동,경상사고,0,0,2,1,차대차 - 추돌,안전운전불이행,건조,맑음,단일로 - 기타,승용,여,44세,경상,승용,남,26세,상해없음
2016040600100098,2016년 4월 6일 08시,수요일,강원도 원주시 반곡동,경상사고,0,0,1,0,차대차 - 기타,교차로운행방법위반,건조,맑음,교차로 - 교차로안,특수,남,63세,상해없음,자전거,남,13세,경상
2016040600100099,2016년 4월 6일 08시,수요일,강원도 태백시 문곡동,부상신고사고,0,0,0,1,차대차 - 추돌,안전운전불이행,건조,맑음,단일로 - 기타,승용,여,56세,상해없음,승용,남,54세,부상신고
2016040600100191,2016년 4월 6일 11시,수요일,강원도 춘천시 효자동,경상사고,0,0,1,0,차대차 - 추돌,안전거리미확보,건조,맑음,교차로 - 교차로안,승용,남,35세,상해없음,원동기,남,49세,경상
2016040600100226,2016년 4월 6일 12시,수요일,강원도 태백시 황지동,경상사고,0,0,1,0,차대차 - 측면충돌,차로위반,건조,맑음,단일로 - 기타,화물,남,52세,상해없음,승용,남,56세,경상
2016040600100262,2016년 4월 6일 13시,수요일,강원도 태백시 황지동,경상사고,0,0,1,0,차대사람 - 횡단중,안전운전불이행,건조,흐림,단일로 - 기타,승용,여,52세,상해없음,보행자,여,34세,경상
2016040600100286,2016년 4월 6일 14시,수요일,강원도 춘천시 석사동,경상사고,0,0,1,0,차대차 - 추돌,안전거리미확보,건조,맑음,교차로 - 교차로부근,승용,남,40세,상해없음,승용,여,31세,경상
2016040600100287,2016년 4월 6일 14시,수요일,강원도 강릉시 회산동,경상사고,0,0,4,0,차대차 - 추돌,안전운전불이행,건조,맑음,교차로 - 교차로부근,승합,남,60세,상해없음,승용,남,62세,경상
2016040600100288,2016년 4월 6일 14시,수요일,강원도 홍천군 서면,중상사고,0,2,1,0,차량단독 - 전도전복,안전운전불이행,건조,맑음,단일로 - 기타,승용,남,83세,경상,,,,
2016040600100316,2016년 4월 6일 15시,수요일,강원도 원주시 일산동,경상사고,0,0,1,0,차대차 - 정면충돌,차로위반,건조,맑음,기타 - 기타,승용,남,68세,상해없음,화물,남,43세,경상
2016040600100317,2016년 4월 6일 15시,수요일,강원도 동해시 발한동,경상사고,0,0,1,0,차대사람 - 기타,안전운전불이행,건조,맑음,단일로 - 기타,승용,남,66세,상해없음,보행자,여,52세,경상
2016040600100358,2016년 4월 6일 16시,수요일,강원도 영월군 주천면,중상사고,0,2,0,0,차대차 - 추돌,안전운전불이행,건조,맑음,단일로 - 기타,화물,남,55세,상해없음,승용,남,47세,상해없음
2016040600100401,2016년 4월 6일 17시,수요일,강원도 강릉시 저동,중상사고,0,1,0,0,차대차 - 정면충돌,안전운전불이행,건조,맑음,단일로 - 기타,화물,남,51세,상해없음,승용,남,65세,중상
2016040600100402,2016년 4월 6일 17시,수요일,강원도 속초시 교동,부상신고사고,0,0,0,3,차량단독 - 기타,안전운전불이행,건조,맑음,단일로 - 기타,승용,남,67세,상해없음,,,,
2016040600100443,2016년 4월 6일 18시,수요일,강원도 영월군 중동면,경상사고,0,0,1,0,차대차 - 측면직각충돌,교차로운행방법위반,건조,맑음,교차로 - 교차로안,승용,여,46세,상해없음,승용,남,45세,경상
2016040600100444,2016년 4월 6일 18시,수요일,강원도 양구군 양구읍,중상사고,0,1,0,0,차대사람 - 횡단중,안전운전불이행,건조,맑음,교차로 - 교차로안,승용,남,36세,상해없음,보행자,남,51세,중상
2016040600100638,2016년 4월 6일 22시,수요일,강원도 춘천시 석사동,중상사고,0,1,0,0,차대사람 - 횡단중,안전운전불이행,건조,맑음,단일로 - 기타,자전거,여,48세,상해없음,보행자,여,60세,중상
2016040600100639,2016년 4월 6일 22시,수요일,강원도 강릉시 강문동,부상신고사고,0,0,0,1,차대차 - 측면충돌,안전운전불이행,건조,맑음,단일로 - 기타,승용,남,50세,상해없음,승용,남,39세,상해없음
2016040600100640,2016년 4월 6일 22시,수요일,강원도 원주시 단구동,경상사고,0,0,1,0,차대차 - 측면충돌,안전운전불이행,건조,흐림,기타 - 기타,승용,남,53세,상해없음,승용,여,46세,경상
2016040600100707,2016년 4월 6일 23시,수요일,강원도 춘천시 효자동,경상사고,0,0,1,0,차대차 - 정면충돌,교차로운행방법위반,습기,비,교차로 - 교차로안,이륜,남,22세,상해없음,이륜,남,20세,경상
2016040700100055,2016년 4월 7일 01시,목요일,강원도 원주시 평원동,경상사고,0,0,1,0,차대차 - 정면충돌,신호위반,건조,맑음,교차로 - 교차로안,승용,남,51세,상해없음,승용,남,52세,경상
2016040700100113,2016년 4월 7일 05시,목요일,강원도 춘천시 요선동,경상사고,0,0,3,0,차대차 - 추돌,안전운전불이행,습기,비,단일로 - 기타,화물,남,34세,상해없음,승용,남,45세,경상
2016040700100152,2016년 4월 7일 07시,목요일,강원도 춘천시 사농동,경상사고,0,0,2,0,차대차 - 측면직각충돌,교차로운행방법위반,습기,비,단일로 - 기타,승용,남,61세,상해없음,승용,여,49세,경상
2016040700100229,2016년 4월 7일 09시,목요일,강원도 원주시 단구동,중상사고,0,1,1,0,차대차 - 정면충돌,교차로운행방법위반,습기,비,교차로 - 교차로안,승용,남,59세,상해없음,승합,남,38세,경상
2016040700100230,2016년 4월 7일 09시,목요일,강원도 원주시 학성동,경상사고,0,0,1,0,차대차 - 정면충돌,교차로운행방법위반,건조,맑음,교차로 - 교차로안,승용,남,60세,상해없음,이륜,남,22세,경상
2016040700100264,2016년 4월 7일 10시,목요일,강원도 삼척시 도계읍,부상신고사고,0,0,0,1,차대차 - 측면직각충돌,중앙선침범,습기,비,단일로 - 기타,화물,남,69세,상해없음,화물,남,59세,부상신고
2016040700100297,2016년 4월 7일 11시,목요일,강원도 원주시 중앙동,경상사고,0,0,1,0,차대차 - 측면충돌,안전운전불이행,건조,맑음,교차로 - 교차로안,승용,여,46세,기타불명,승용,여,36세,경상
2016040700100298,2016년 4월 7일 11시,목요일,강원도 원주시 단계동,경상사고,0,0,1,0,차대차 - 측면충돌,안전운전불이행,건조,맑음,단일로 - 기타,기타불명,기타불명,기타불명,기타불명,원동기,남,18세,경상
2016040700100319,2016년 4월 7일 12시,목요일,강원도 홍천군 홍천읍,경상사고,0,0,2,0,차대차 - 측면직각충돌,직진우회전진행방해,건조,맑음,교차로 - 교차로안,승용,여,54세,상해없음,승용,남,57세,경상
2016040700100346,2016년 4월 7일 13시,목요일,강원도 원주시 학성동,중상사고,0,1,1,0,차대차 - 정면충돌,차로위반,건조,맑음,교차로 - 교차로부근,승합,남,69세,상해없음,승용,남,51세,중상
2016040700100347,2016년 4월 7일 13시,목요일,강원도 원주시 단구동,경상사고,0,0,3,0,차대차 - 정면충돌,안전거리미확보,건조,맑음,단일로 - 기타,승용,여,37세,경상,승용,남,30세,상해없음
2016040700100348,2016년 4월 7일 13시,목요일,강원도 속초시 교동,경상사고,0,0,4,0,차대차 - 추돌,안전거리미확보,건조,맑음,교차로 - 교차로부근,승용,여,53세,상해없음,승용,여,63세,경상
2016040700100373,2016년 4월 7일 14시,목요일,강원도 원주시 원동,경상사고,0,0,2,0,차대차 - 측면충돌,안전운전불이행,건조,맑음,단일로 - 기타,승용,남,57세,상해없음,승용,남,63세,경상
2016040700100395,2016년 4월 7일 15시,목요일,강원도 춘천시 온의동,경상사고,0,0,1,0,차대사람 - 횡단중,보행자보호의무위반,건조,맑음,단일로 - 기타,승용,여,67세,상해없음,보행자,여,8세,경상
2016040700100396,2016년 4월 7일 15시,목요일,강원도 원주시 호저면,경상사고,0,0,1,0,차대차 - 추돌,안전거리미확보,건조,맑음,단일로 - 기타,기타불명,기타불명,기타불명,기타불명,화물,남,46세,경상
2016040700100430,2016년 4월 7일 16시,목요일,강원도 춘천시 신동,경상사고,0,0,1,0,차대차 - 정면충돌,안전운전불이행,건조,맑음,단일로 - 기타,화물,남,47세,상해없음,화물,여,57세,경상
2016040700100431,2016년 4월 7일 16시,목요일,강원도 홍천군 동면,경상사고,0,0,1,0,차대차 - 정면충돌,안전운전불이행,건조,맑음,단일로 - 기타,승용,여,51세,상해없음,승용,남,54세,경상
2016040700100465,2016년 4월 7일 17시,목요일,강원도 원주시 단계동,경상사고,0,0,1,0,차대사람 - 횡단중,안전운전불이행,건조,맑음,교차로 - 교차로안,승용,남,69세,상해없음,보행자,여,21세,경상
2016040700100466,2016년 4월 7일 17시,목요일,강원도 평창군 용평면,중상사고,0,1,0,0,차대차 - 정면충돌,중앙선침범,건조,맑음,단일로 - 기타,승용,여,46세,상해없음,승합,남,57세,중상
2016040700100498,2016년 4월 7일 18시,목요일,강원도 춘천시 퇴계동,경상사고,0,0,2,0,차대차 - 정면충돌,신호위반,건조,맑음,교차로 - 교차로안,승용,남,63세,상해없음,승용,남,58세,경상
2016040700100499,2016년 4월 7일 18시,목요일,강원도 춘천시 서면,중상사고,0,1,0,0,차대차 - 정면충돌,중앙선침범,건조,맑음,단일로 - 교량,승용,남,27세,상해없음,승용,여,56세,중상
2016040700100536,2016년 4월 7일 19시,목요일,강원도 동해시 천곡동,경상사고,0,0,1,0,차대차 - 측면직각충돌,직진우회전진행방해,건조,맑음,교차로 - 교차로안,승용,남,55세,상해없음,승용,남,45세,경상
2016040700100569,2016년 4월 7일 20시,목요일,강원도 춘천시 서면,중상사고,0,1,0,0,차대차 - 측면충돌,교차로운행방법위반,건조,맑음,교차로 - 교차로안,승용,남,24세,상해없음,승용,여,48세,중상
2016040700100570,2016년 4월 7일 20시,목요일,강원도 원주시 단구동,경상사고,0,0,3,0,차대차 - 측면충돌,신호위반,건조,맑음,교차로 - 교차로안,승용,여,42세,상해없음,승용,남,56세,경상
2016040700100571,2016년 4월 7일 20시,목요일,강원도 동해시 천곡동,경상사고,0,0,1,0,차대사람 - 횡단중,안전운전불이행,건조,맑음,교차로 - 교차로부근,승용,남,21세,상해없음,보행자,여,37세,경상
2016040700100634,2016년 4월 7일 22시,목요일,강원도 춘천시 근화동,경상사고,0,0,1,0,차대차 - 측면직각충돌,안전운전불이행,건조,맑음,단일로 - 기타,화물,남,36세,상해없음,승용,남,56세,경상
2016040800100029,2016년 4월 8일 01시,금요일,강원도 인제군 인제읍,중상사고,0,1,0,0,차량단독 - 전도전복,안전운전불이행,건조,맑음,단일로 - 기타,이륜,남,22세,중상,,,,
2016040800100072,2016년 4월 8일 06시,금요일,강원도 춘천시 조양동,경상사고,0,0,1,0,차대차 - 기타,안전운전불이행,건조,맑음,단일로 - 기타,승용,남,75세,기타불명,이륜,남,35세,경상
2016040800100073,2016년 4월 8일 06시,금요일,강원도 강릉시 입암동,중상사고,0,1,0,0,차대차 - 측면충돌,안전운전불이행,건조,맑음,단일로 - 기타,승용,여,40세,상해없음,이륜,남,28세,중상
2016040800100096,2016년 4월 8일 07시,금요일,강원도 평창군 평창읍,경상사고,0,0,1,0,차대차 - 추돌,기타,건조,맑음,단일로 - 기타,승용,남,25세,상해없음,화물,남,44세,경상
2016040800100097,2016년 4월 8일 07시,금요일,강원도 태백시 통동,경상사고,0,0,1,0,차대차 - 측면충돌,안전운전불이행,건조,맑음,단일로 - 기타,승용,남,51세,상해없음,승용,여,48세,경상
2016040800100124,2016년 4월 8일 08시,금요일,강원도 원주시 판부면,경상사고,0,0,1,0,차대사람 - 기타,보행자보호의무위반,건조,맑음,단일로 - 기타,승용,여,34세,상해없음,보행자,남,77세,경상
2016040800100161,2016년 4월 8일 09시,금요일,강원도 태백시 황지동,경상사고,0,0,1,1,차대차 - 측면직각충돌,직진우회전진행방해,건조,맑음,교차로 - 교차로안,승용,남,77세,부상신고,승용,남,50세,경상
2016040800100217,2016년 4월 8일 11시,금요일,강원도 고성군 토성면,중상사고,0,1,0,0,차대차 - 측면충돌,신호위반,건조,맑음,교차로 - 교차로안,승용,여,30세,상해없음,이륜,남,37세,중상
2016040800100241,2016년 4월 8일 12시,금요일,강원도 정선군 화암면,중상사고,0,1,2,0,차대차 - 측면직각충돌,안전운전불이행,건조,맑음,교차로 - 교차로안,승용,여,57세,상해없음,화물,남,51세,경상
2016040800100267,2016년 4월 8일 13시,금요일,강원도 원주시 단계동,중상사고,0,1,1,0,차대차 - 측면충돌,신호위반,건조,맑음,교차로 - 교차로안,화물,여,56세,경상,승용,남,24세,중상
2016040800100268,2016년 4월 8일 13시,금요일,강원도 원주시 단계동,중상사고,0,1,0,0,차대사람 - 횡단중,신호위반,건조,맑음,교차로 - 교차로부근,승합,남,62세,상해없음,보행자,여,18세,중상
2016040800100310,2016년 4월 8일 14시,금요일,강원도 원주시 관설동,경상사고,0,0,3,0,차대차 - 추돌,안전운전불이행,건조,맑음,단일로 - 기타,승용,남,30세,상해없음,승용,남,50세,경상
2016040800100311,2016년 4월 8일 14시,금요일,강원도 원주시 원동,부상신고사고,0,0,0,1,차대차 - 추돌,안전거리미확보,건조,맑음,교차로 - 교차로부근,이륜,남,57세,부상신고,승용,남,56세,상해없음
2016040800100312,2016년 4월 8일 14시,금요일,강원도 속초시 교동,경상사고,0,0,2,1,차대차 - 측면직각충돌,안전운전불이행,건조,맑음,단일로 - 기타,승용,남,32세,상해없음,승용,남,73세,경상
2016040800100313,2016년 4월 8일 14시,금요일,강원도 삼척시 근덕면,경상사고,0,0,4,1,차대차 - 측면충돌,안전운전불이행,건조,맑음,교차로 - 교차로안,승용,남,21세,상해없음,승용,남,56세,경상