사고번호,사고일시,요일,시군구,사고내용,사망자수,중상자수,경상자수,부상신고자수,사고유형,법규위반,노면상태,기상상태,도로형태,가해운전자 차종,가해운전자 성별,가해운전자 연령,가해운전자 상해정도,피해운전자 차종,피해운전자 성별,피해운전자 연령,피해운전자 상해정도
2016041300100537,2016년 4월 13일 19시,수요일,강원도 강릉시 포남동,중상사고,0,1,0,0,차대차 - 측면직각충돌,안전운전불이행,건조,맑음,교차로 - 교차로안,승용,여,52세,상해없음,자전거,남,57세,중상
2016041300100538,2016년 4월 13일 19시,수요일,강원도 원주시 관설동,경상사고,0,0,2,0,차대차 - 정면충돌,안전거리미확보,건조,맑음,교차로 - 교차로부근,승용,남,64세,상해없음,승용,남,28세,경상
2016041300100566,2016년 4월 13일 20시,수요일,강원도 강릉시 강문동,경상사고,0,0,4,0,차대차 - 추돌,안전운전불이행,건조,맑음,교차로 - 교차로부근,승용,남,32세,상해없음,승용,남,21세,경상
2016041300100595,2016년 4월 13일 21시,수요일,강원도 춘천시 퇴계동,부상신고사고,0,0,0,2,차대차 - 측면직각충돌,안전거리미확보,건조,맑음,단일로 - 기타,승용,남,38세,상해없음,승용,남,67세,상해없음
2016041300100615,2016년 4월 13일 22시,수요일,강원도 강릉시 내곡동,경상사고,0,0,1,0,차대사람 - 횡단중,안전운전불이행,건조,맑음,교차로 - 교차로부근,화물,남,24세,상해없음,보행자,남,71세,경상
2016041300100634,2016년 4월 13일 23시,수요일,강원도 강릉시 옥천동,경상사고,0,0,1,0,차대차 - 정면충돌,안전운전불이행,건조,맑음,단일로 - 기타,승용,여,33세,상해없음,승합,남,58세,경상
2016041400100032,2016년 4월 14일 02시,목요일,강원도 삼척시 교동,중상사고,0,1,0,0,차량단독 - 전도전복,안전운전불이행,건조,맑음,단일로 - 기타,원동기,남,22세,상해없음,,,,
2016041400100059,2016년 4월 14일 06시,목요일,강원도 동해시 쇄운동,경상사고,0,0,1,0,차대차 - 측면직각충돌,안전운전불이행,건조,맑음,단일로 - 기타,승용,남,63세,상해없음,승용,남,30세,경상
2016041400100121,2016년 4월 14일 08시,목요일,강원도 원주시 개운동,중상사고,0,1,0,0,차대사람 - 횡단중,안전운전불이행,건조,맑음,단일로 - 기타,기타불명,기타불명,기타불명,기타불명,보행자,여,12세,중상
2016041400100155,2016년 4월 14일 09시,목요일,강원도 춘천시 퇴계동,경상사고,0,0,1,0,차대차 - 정면충돌,중앙선침범,건조,맑음,단일로 - 기타,승용,남,76세,상해없음,승용,남,53세,경상
2016041400100180,2016년 4월 14일 10시,목요일,강원도 춘천시 낙원동,경상사고,0,0,2,0,차대차 - 기타,교차로운행방법위반,건조,맑음,교차로 - 교차로부근,승용,여,73세,상해없음,승합,남,46세,경상
2016041400100181,2016년 4월 14일 10시,목요일,강원도 삼척시 교동,경상사고,0,0,3,0,차대차 - 정면충돌,신호위반,건조,맑음,교차로 - 교차로안,승용,남,49세,상해없음,승용,여,46세,경상
2016041400100212,2016년 4월 14일 11시,목요일,강원도 춘천시 근화동,부상신고사고,0,0,0,2,차대차 - 추돌,안전거리미확보,건조,맑음,교차로 - 교차로안,승용,남,54세,상해없음,승용,남,63세,상해없음
2016041400100213,2016년 4월 14일 11시,목요일,강원도 춘천시 효자동,경상사고,0,0,2,0,차대차 - 추돌,안전운전불이행,건조,맑음,단일로 - 기타,승용,남,19세,상해없음,승용,남,63세,경상
2016041400100214,2016년 4월 14일 11시,목요일,강원도 동해시 망상동,경상사고,0,0,1,0,차대차 - 측면충돌,안전거리미확보,건조,맑음,단일로 - 기타,승용,남,42세,상해없음,승용,남,19세,경상
2016041400100245,2016년 4월 14일 12시,목요일,강원도 원주시 문막읍,경상사고,0,0,1,0,차대차 - 기타,차로위반,건조,맑음,단일로 - 기타,화물,남,56세,기타불명,승용,남,40세,경상
2016041400100266,2016년 4월 14일 13시,목요일,강원도 춘천시 퇴계동,경상사고,0,0,1,0,차대사람 - 보도통행중,기타,건조,맑음,단일로 - 기타,원동기,남,46세,상해없음,보행자,남,25세,경상
2016041400100267,2016년 4월 14일 13시,목요일,강원도 원주시 일산동,경상사고,0,0,1,0,차대차 - 정면충돌,교차로운행방법위반,건조,맑음,교차로 - 교차로안,승용,남,55세,상해없음,이륜,남,17세,경상
2016041400100294,2016년 4월 14일 14시,목요일,강원도 횡성군 횡성읍,중상사고,0,1,0,0,차대차 - 기타,안전운전불이행,건조,맑음,단일로 - 횡단보도부근,화물,남,75세,상해없음,자전거,남,74세,중상
2016041400100329,2016년 4월 14일 15시,목요일,강원도 춘천시 신동면,경상사고,0,0,2,0,차대차 - 측면충돌,차로위반,건조,맑음,교차로 - 교차로부근,승용,여,29세,상해없음,화물,남,28세,경상
2016041400100330,2016년 4월 14일 15시,목요일,강원도 홍천군 서석면,중상사고,0,2,0,0,차대사람 - 길가장자리구역통행중,안전운전불이행,건조,맑음,단일로 - 기타,승용,남,72세,상해없음,보행자,남,56세,상해없음
2016041400100377,2016년 4월 14일 16시,목요일,강원도 삼척시 근덕면,경상사고,0,0,1,0,차량단독 - 전도전복,안전운전불이행,건조,맑음,단일로 - 기타,승용,여,48세,경상,,,,
2016041400100423,2016년 4월 14일 17시,목요일,강원도 양구군 양구읍,중상사고,0,2,3,0,차대차 - 측면충돌,직진우회전진행방해,건조,맑음,교차로 - 교차로안,승용,여,45세,경상,승용,남,53세,경상
2016041400100459,2016년 4월 14일 18시,목요일,강원도 춘천시 후평동,경상사고,0,0,2,0,차대차 - 측면직각충돌,교차로운행방법위반,건조,맑음,교차로 - 교차로안,화물,남,47세,상해없음,승용,여,25세,경상
2016041400100461,2016년 4월 14일 18시,목요일,강원도 인제군 기린면,중상사고,0,1,0,0,차대사람 - 횡단중,안전운전불이행,건조,맑음,단일로 - 기타,화물,남,48세,상해없음,보행자,남,22세,중상
2016041400100533,2016년 4월 14일 20시,목요일,강원도 원주시 신림면,중상사고,0,2,0,0,차대차 - 정면충돌,안전운전불이행,건조,맑음,교차로 - 교차로부근,승용,남,43세,상해없음,승용,남,67세,중상
2016041400100564,2016년 4월 14일 21시,목요일,강원도 춘천시 퇴계동,중상사고,0,1,0,0,차대사람 - 횡단중,안전운전불이행,건조,맑음,단일로 - 기타,화물,남,75세,상해없음,보행자,남,16세,중상
2016041400100565,2016년 4월 14일 21시,목요일,강원도 춘천시 신동면,경상사고,0,0,1,0,차대차 - 정면충돌,안전거리미확보,건조,맑음,단일로 - 기타,승용,남,27세,상해없음,승용,남,48세,경상
2016041400100593,2016년 4월 14일 22시,목요일,강원도 강릉시 포남동,부상신고사고,0,0,0,1,차대차 - 정면충돌,안전운전불이행,건조,맑음,교차로 - 교차로안,승용,남,31세,상해없음,승용,남,45세,부상신고
2016041500100029,2016년 4월 15일 01시,금요일,강원도 강릉시 교동,경상사고,0,0,1,0,차대차 - 추돌,안전운전불이행,건조,맑음,교차로 - 교차로부근,승용,남,52세,상해없음,승용,남,39세,경상
2016041500100030,2016년 4월 15일 01시,금요일,강원도 원주시 단계동,경상사고,0,0,1,0,차대차 - 추돌,안전운전불이행,건조,맑음,단일로 - 기타,승용,남,22세,상해없음,승용,남,49세,경상
2016041500100048,2016년 4월 15일 03시,금요일,강원도 원주시 흥업면,경상사고,0,0,1,0,차대사람 - 길가장자리구역통행중,안전운전불이행,건조,맑음,기타 - 기타,승용,남,30세,상해없음,보행자,남,23세,경상
2016041500100070,2016년 4월 15일 05시,금요일,강원도 동해시 천곡동,중상사고,0,1,0,0,차대차 - 측면직각충돌,안전거리미확보,건조,맑음,단일로 - 기타,화물,남,52세,상해없음,화물,남,44세,중상
2016041500100082,2016년 4월 15일 06시,금요일,강원도 속초시 교동,경상사고,0,0,2,0,차대차 - 측면직각충돌,안전운전불이행,건조,맑음,단일로 - 기타,화물,남,63세,상해없음,승용,남,74세,경상
2016041500100098,2016년 4월 15일 07시,금요일,강원도 철원군 철원읍,중상사고,0,1,0,0,차대차 - 추돌,안전거리미확보,건조,맑음,교차로 - 교차로안,건설기계,남,64세,상해없음,건설기계,남,66세,중상
2016041500100134,2016년 4월 15일 08시,금요일,강원도 춘천시 사농동,중상사고,0,1,0,0,차대차 - 기타,안전운전불이행,건조,맑음,단일로 - 기타,승용,남,47세,상해없음,자전거,남,14세,중상
2016041500100135,2016년 4월 15일 08시,금요일,강원도 원주시 무실동,중상사고,0,1,2,0,차대차 - 정면충돌,안전거리미확보,건조,맑음,교차로 - 교차로부근,승용,여,34세,중상,승용,남,33세,경상
2016041500100136,2016년 4월 15일 08시,금요일,강원도 삼척시 교동,경상사고,0,0,1,0,차대차 - 측면충돌,직진우회전진행방해,건조,맑음,교차로 - 교차로안,화물,남,43세,기타불명,화물,남,56세,경상
2016041500100251,2016년 4월 15일 12시,금요일,강원도 원주시 봉산동,중상사고,0,1,0,0,차대사람 - 횡단중,안전운전불이행,건조,맑음,교차로 - 교차로안,화물,남,51세,상해없음,보행자,남,75세,중상
2016041500100252,2016년 4월 15일 12시,금요일,강원도 원주시 원동,경상사고,0,0,1,0,차대사람 - 횡단중,안전운전불이행,건조,맑음,단일로 - 기타,기타불명,기타불명,기타불명,기타불명,보행자,남,15세,경상
2016041500100289,2016년 4월 15일 13시,금요일,강원도 평창군 진부면,경상사고,0,0,2,0,차대차 - 추돌,안전운전불이행,건조,맑음,단일로 - 기타,승용,남,33세,경상,승용,남,65세,경상
2016041500100326,2016년 4월 15일 14시,금요일,강원도 평창군 용평면,중상사고,0,1,1,0,차대차 - 추돌,안전운전불이행,건조,맑음,단일로 - 기타,특수,남,61세,상해없음,승용,남,55세,중상
2016041500100362,2016년 4월 15일 15시,금요일,강원도 원주시 단구동,경상사고,0,0,2,0,차대차 - 정면충돌,안전운전불이행,건조,맑음,단일로 - 기타,승용,여,45세,상해없음,승용,여,31세,경상
2016041500100363,2016년 4월 15일 15시,금요일,강원도 양양군 현북면,경상사고,0,0,2,1,차대차 - 측면충돌,교차로운행방법위반,건조,맑음,교차로 - 교차로안,승용,여,43세,상해없음,승용,여,41세,경상
2016041500100364,2016년 4월 15일 15시,금요일,강원도 평창군 용평면,중상사고,0,1,4,0,차대차 - 추돌,안전운전불이행,건조,맑음,단일로 - 기타,승용,남,29세,경상,승용,여,62세,경상
2016041500100452,2016년 4월 15일 17시,금요일,강원도 원주시 학성동,경상사고,0,0,1,0,차대차 - 정면충돌,신호위반,건조,맑음,교차로 - 교차로안,승용,남,69세,상해없음,승용,남,55세,경상
2016041500100453,2016년 4월 15일 17시,금요일,강원도 원주시 무실동,경상사고,0,0,1,0,차대사람 - 횡단중,안전운전불이행,건조,맑음,단일로 - 기타,승용,여,30세,상해없음,보행자,남,8세,경상
2016041500100454,2016년 4월 15일 17시,금요일,강원도 동해시 이도동,중상사고,0,1,0,0,차대사람 - 횡단중,안전운전불이행,건조,맑음,교차로 - 교차로부근,승용,남,44세,상해없음,보행자,남,7세,중상
2016041500100499,2016년 4월 15일 18시,금요일,강원도 횡성군 우천면,중상사고,0,1,4,0,차대차 - 측면직각충돌,안전운전불이행,건조,맑음,교차로 - 교차로안,승용,여,42세,상해없음,승합,남,44세,경상
2016041500100594,2016년 4월 15일 20시,금요일,강원도 강릉시 송정동,중상사고,0,1,0,0,차대사람 - 횡단중,안전운전불이행,건조,맑음,단일로 - 기타,승용,여,55세,상해없음,보행자,남,26세,중상
2016041500100634,2016년 4월 15일 21시,금요일,강원도 춘천시 후평동,경상사고,0,0,1,0,차대차 - 정면충돌,교차로운행방법위반,건조,맑음,교차로 - 교차로안,승합,남,34세,상해없음,승용,남,56세,경상
2016041500100673,2016년 4월 15일 22시,금요일,강원도 춘천시 동면,경상사고,0,0,4,0,차대차 - 측면직각충돌,교차로운행방법위반,건조,맑음,교차로 - 교차로안,승용,남,40세,상해없음,승용,여,28세,경상
2016041500100700,2016년 4월 15일 23시,금요일,강원도 춘천시 효자동,경상사고,0,0,1,0,차대차 - 측면직각충돌,신호위반,건조,맑음,교차로 - 교차로안,승합,남,59세,상해없음,승용,남,57세,경상
2016041600100034,2016년 4월 16일 01시,토요일,강원도 정선군 고한읍,중상사고,0,1,0,0,차대사람 - 기타,안전운전불이행,건조,맑음,단일로 - 횡단보도부근,승용,남,39세,상해없음,보행자,남,28세,중상
2016041600100123,2016년 4월 16일 07시,토요일,강원도 춘천시 남산면,중상사고,0,1,1,0,차대차 - 측면직각충돌,신호위반,건조,맑음,교차로 - 교차로안,승용,남,32세,중상,승용,남,36세,경상
2016041600100154,2016년 4월 16일 08시,토요일,강원도 춘천시 퇴계동,중상사고,0,1,0,0,차대차 - 측면직각충돌,신호위반,건조,맑음,교차로 - 교차로부근,원동기,남,75세,상해없음,자전거,여,79세,중상
2016041600100155,2016년 4월 16일 08시,토요일,강원도 원주시 학성동,중상사고,0,1,0,0,차대차 - 측면충돌,기타,건조,맑음,단일로 - 기타,승용,남,39세,상해없음,이륜,남,77세,중상
2016041600100178,2016년 4월 16일 09시,토요일,강원도 원주시 원동,경상사고,0,0,1,0,차대차 - 추돌,안전거리미확보,건조,맑음,단일로 - 기타,승용,남,51세,상해없음,승용,남,52세,경상
2016041600100179,2016년 4월 16일 09시,토요일,강원도 정선군 고한읍,경상사고,0,0,1,0,차대차 - 측면충돌,안전운전불이행,건조,맑음,단일로 - 기타,승용,남,55세,상해없음,승용,남,58세,경상
2016041600100241,2016년 4월 16일 11시,토요일,강원도 춘천시 남산면,사망사고,1,0,0,0,차량단독 - 공작물충돌,안전운전불이행,건조,맑음,단일로 - 기타,이륜,남,36세,사망,,,,
2016041600100242,2016년 4월 16일 11시,토요일,강원도 춘천시 소양로4가,경상사고,0,0,1,0,차대차 - 기타,안전거리미확보,건조,맑음,단일로 - 기타,승용,남,55세,기타불명,승합,남,52세,상해없음
2016041600100243,2016년 4월 16일 11시,토요일,강원도 삼척시 도계읍,사망사고,1,7,0,0,차대차 - 정면충돌,중앙선침범,건조,흐림,단일로 - 기타,승용,남,20세,사망,승합,남,61세,중상
2016041600100302,2016년 4월 16일 13시,토요일,강원도 원주시 반곡동,경상사고,0,0,1,0,차대사람 - 횡단중,안전운전불이행,건조,맑음,교차로 - 교차로안,승용,여,35세,상해없음,보행자,남,55세,경상
2016041600100303,2016년 4월 16일 13시,토요일,강원도 원주시 소초면,경상사고,0,0,1,0,차대차 - 측면충돌,안전거리미확보,건조,맑음,교차로 - 교차로부근,승용,남,26세,상해없음,승용,여,29세,경상
2016041600100304,2016년 4월 16일 13시,토요일,강원도 속초시 교동,경상사고,0,0,2,0,차대차 - 측면직각충돌,안전거리미확보,건조,맑음,단일로 - 기타,승용,남,41세,상해없음,승용,여,44세,경상
2016041600100305,2016년 4월 16일 13시,토요일,강원도 속초시 중앙동,경상사고,0,0,1,0,차대차 - 추돌,안전운전불이행,건조,맑음,교차로 - 교차로부근,승용,남,52세,상해없음,승용,남,42세,경상
2016041600100338,2016년 4월 16일 14시,토요일,강원도 강릉시 성남동,경상사고,0,0,1,0,차대차 - 측면충돌,안전운전불이행,건조,맑음,단일로 - 기타,승용,여,46세,상해없음,원동기,남,58세,경상
2016041600100339,2016년 4월 16일 14시,토요일,강원도 홍천군 홍천읍,경상사고,0,0,1,0,차대차 - 측면직각충돌,직진우회전진행방해,건조,맑음,교차로 - 교차로안,승용,남,76세,상해없음,승용,남,65세,경상
2016041600100340,2016년 4월 16일 14시,토요일,강원도 인제군 남면,경상사고,0,0,3,0,차대차 - 추돌,안전운전불이행,건조,맑음,단일로 - 기타,승용,남,28세,상해없음,승용,남,37세,경상
2016041600100341,2016년 4월 16일 14시,토요일,강원도 철원군 철원읍,중상사고,0,3,0,0,차대차 - 측면직각충돌,직진우회전진행방해,습기,비,교차로 - 교차로안,승용,남,45세,중상,화물,남,33세,중상
2016041600100379,2016년 4월 16일 15시,토요일,강원도 철원군 서면,사망사고,1,1,0,0,차대차 - 정면충돌,중앙선침범,습기,비,단일로 - 기타,화물,남,56세,사망,승용,여,46세,중상
2016041600100481,2016년 4월 16일 18시,토요일,강원도 춘천시 퇴계동,경상사고,0,0,1,0,차대차 - 추돌,안전운전불이행,습기,비,단일로 - 기타,화물,남,35세,상해없음,원동기,남,21세,경상
2016041600100482,2016년 4월 16일 18시,토요일,강원도 춘천시 우두동,경상사고,0,0,1,0,차대차 - 추돌,안전운전불이행,습기,비,단일로 - 기타,승용,남,24세,상해없음,승용,남,79세,경상
2016041600100483,2016년 4월 16일 18시,토요일,강원도 강릉시 성산면,중상사고,0,1,0,0,차대차 - 정면충돌,안전운전불이행,건조,맑음,교차로 - 교차로안,승용,여,52세,상해없음,승용,남,43세,중상
2016041600100484,2016년 4월 16일 18시,토요일,강원도 원주시 판부면,경상사고,0,0,6,0,차대차 - 측면충돌,중앙선침범,건조,맑음,단일로 - 기타,승용,남,68세,경상,승용,남,37세,경상
2016041600100485,2016년 4월 16일 18시,토요일,강원도 횡성군 횡성읍,경상사고,0,0,1,0,차대차 - 기타,중앙선침범,습기,비,단일로 - 기타,승용,남,57세,상해없음,승용,남,33세,상해없음
2016041600100532,2016년 4월 16일 19시,토요일,강원도 원주시 단계동,경상사고,0,0,2,0,차대차 - 정면충돌,중앙선침범,건조,맑음,단일로 - 기타,승용,남,57세,상해없음,승용,남,58세,경상
2016041600100533,2016년 4월 16일 19시,토요일,강원도 원주시 행구동,경상사고,0,0,1,0,차대차 - 측면충돌,중앙선침범,습기,비,단일로 - 기타,화물,남,40세,상해없음,승용,남,35세,경상
2016041600100534,2016년 4월 16일 19시,토요일,강원도 원주시 태장동,사망사고,1,0,0,0,차대사람 - 횡단중,과속,습기,비,단일로 - 기타,승용,남,70세,상해없음,보행자,남,20세,사망
2016041600100535,2016년 4월 16일 19시,토요일,강원도 홍천군 홍천읍,경상사고,0,0,1,0,차대차 - 정면충돌,직진우회전진행방해,습기,비,교차로 - 교차로안,승용,남,49세,상해없음,이륜,남,16세,경상
2016041600100599,2016년 4월 16일 20시,토요일,강원도 강릉시 송정동,중상사고,0,1,0,0,차대사람 - 횡단중,안전운전불이행,습기,비,교차로 - 교차로부근,승용,남,54세,상해없음,보행자,남,58세,중상
2016041600100664,2016년 4월 16일 21시,토요일,강원도 원주시 학성동,경상사고,0,0,1,0,차대사람 - 횡단중,안전운전불이행,건조,맑음,단일로 - 기타,승용,남,26세,상해없음,보행자,남,50세,경상
2016041600100665,2016년 4월 16일 21시,토요일,강원도 원주시 단계동,경상사고,0,0,1,1,차대차 - 추돌,안전운전불이행,습기,비,교차로 - 교차로부근,승용,여,60세,상해없음,승용,여,26세,경상
2016041600100666,2016년 4월 16일 21시,토요일,강원도 고성군 거진읍,중상사고,0,1,0,0,차대사람 - 횡단중,안전운전불이행,습기,비,단일로 - 기타,승용,남,37세,상해없음,보행자,남,59세,중상
2016041600100667,2016년 4월 16일 21시,토요일,강원도 철원군 동송읍,경상사고,0,0,1,0,차대차 - 기타,안전운전불이행,습기,비,교차로 - 교차로안,승용,남,63세,경상,승용,여,51세,상해없음
2016041600100737,2016년 4월 16일 22시,토요일,강원도 속초시 조양동,경상사고,0,0,1,0,차대차 - 측면직각충돌,불법유턴,습기,비,교차로 - 교차로안,승용,남,39세,상해없음,이륜,남,17세,경상
2016041600100738,2016년 4월 16일 22시,토요일,강원도 횡성군 횡성읍,중상사고,0,2,0,0,차대차 - 측면충돌,안전운전불이행,습기,비,교차로 - 교차로안,승용,여,58세,상해없음,승용,남,27세,중상
2016041700100023,2016년 4월 17일 00시,일요일,강원도 춘천시 효자동,경상사고,0,0,1,1,차대차 - 추돌,안전운전불이행,습기,비,교차로 - 교차로부근,승용,여,31세,상해없음,승용,남,63세,경상
2016041700100024,2016년 4월 17일 00시,일요일,강원도 철원군 동송읍,중상사고,0,1,0,0,차대사람 - 길가장자리구역통행중,안전운전불이행,습기,비,기타 - 기타,승용,남,41세,상해없음,보행자,남,39세,중상
2016041700100077,2016년 4월 17일 01시,일요일,강원도 원주시 단계동,경상사고,0,0,1,0,차대차 - 정면충돌,안전운전불이행,습기,비,교차로 - 교차로부근,승용,남,76세,상해없음,승용,여,48세,경상
2016041700100109,2016년 4월 17일 02시,일요일,강원도 삼척시 도경동,중상사고,0,1,1,0,차량단독 - 공작물충돌,안전운전불이행,습기,비,교차로 - 교차로부근,승용,남,39세,경상,,,,
2016041700100148,2016년 4월 17일 04시,일요일,강원도 강릉시 교동,경상사고,0,0,1,0,차대차 - 정면충돌,중앙선침범,건조,맑음,단일로 - 기타,승용,남,45세,상해없음,승용,남,52세,경상
2016041700100197,2016년 4월 17일 08시,일요일,강원도 강릉시 주문진읍,중상사고,0,1,0,0,차대차 - 기타,기타,건조,맑음,단일로 - 기타,승용,남,52세,상해없음,자전거,여,53세,중상
2016041700100205,2016년 4월 17일 09시,일요일,강원도 춘천시 석사동,경상사고,0,0,2,0,차대차 - 측면직각충돌,안전운전불이행,습기,흐림,교차로 - 교차로안,승용,남,41세,상해없음,승용,여,37세,경상
2016041700100247,2016년 4월 17일 12시,일요일,강원도 삼척시 남양동,경상사고,0,0,1,0,차대차 - 기타,안전운전불이행,건조,맑음,교차로 - 교차로안,화물,남,59세,상해없음,승용,여,55세,경상
2016041700100278,2016년 4월 17일 13시,일요일,강원도 인제군 인제읍,경상사고,0,0,1,0,차대차 - 추돌,안전운전불이행,건조,맑음,교차로 - 교차로부근,화물,남,53세,상해없음,승용,남,39세,경상
2016041700100314,2016년 4월 17일 14시,일요일,강원도 철원군 갈말읍,경상사고,0,0,1,0,차대차 - 정면충돌,중앙선침범,건조,맑음,단일로 - 기타,이륜,여,72세,경상,승용,남,50세,상해없음
2016041700100350,2016년 4월 17일 15시,일요일,강원도 원주시 흥업면,경상사고,0,0,1,0,차대차 - 측면충돌,직진우회전진행방해,건조,맑음,교차로 - 교차로안,화물,남,45세,상해없음,자전거,남,8세,경상
2016041700100381,2016년 4월 17일 16시,일요일,강원도 강릉시 교동,중상사고,0,1,0,0,차대차 - 측면직각충돌,안전운전불이행,건조,맑음,단일로 - 기타,승용,여,57세,상해없음,이륜,남,27세,중상
2016041700100382,2016년 4월 17일 16시,일요일,강원도 원주시 학성동,부상신고사고,0,0,0,1,차대사람 - 횡단중,안전운전불이행,건조,맑음,단일로 - 기타,승용,남,46세,상해없음,보행자,남,62세,부상신고
2016041700100407,2016년 4월 17일 17시,일요일,강원도 춘천시 동내면,경상사고,0,0,2,0,차대차 - 측면직각충돌,교차로운행방법위반,건조,맑음,교차로 - 교차로안,승용,여,48세,기타불명,승용,남,50세,경상
2016041700100408,2016년 4월 17일 17시,일요일,강원도 영월군 영월읍,부상신고사고,0,0,0,1,차대차 - 측면직각충돌,교차로운행방법위반,건조,흐림,교차로 - 교차로안,승용,남,74세,상해없음,원동기,남,68세,부상신고
2016041700100438,2016년 4월 17일 18시,일요일,강원도 홍천군 홍천읍,중상사고,0,1,0,0,차대사람 - 길가장자리구역통행중,안전운전불이행,건조,흐림,단일로 - 기타,화물,남,44세,상해없음,보행자,남,78세,중상
2016041700100470,2016년 4월 17일 19시,일요일,강원도 평창군 용평면,경상사고,0,0,1,0,차대차 - 추돌,안전운전불이행,건조,맑음,단일로 - 기타,승용,남,69세,상해없음,승용,남,54세,상해없음
2016041700100495,2016년 4월 17일 20시,일요일,강원도 강릉시 구정면,중상사고,0,1,0,0,차대사람 - 횡단중,안전운전불이행,건조,맑음,단일로 - 기타,승용,남,54세,상해없음,보행자,남,76세,중상
2016041700100496,2016년 4월 17일 20시,일요일,강원도 원주시 우산동,경상사고,0,0,1,0,차대차 - 정면충돌,교차로운행방법위반,건조,맑음,교차로 - 교차로안,승용,여,40세,상해없음,이륜,남,25세,경상
2016041700100497,2016년 4월 17일 20시,일요일,강원도 원주시 단계동,경상사고,0,0,1,0,차대차 - 추돌,안전운전불이행,건조,맑음,교차로 - 교차로부근,승용,여,28세,기타불명,승용,여,35세,경상
2016041700100498,2016년 4월 17일 20시,일요일,강원도 철원군 동송읍,경상사고,0,0,1,0,차대사람 - 기타,안전운전불이행,건조,맑음,단일로 - 횡단보도부근,승용,남,22세,상해없음,보행자,여,63세,경상
2016041800100013,2016년 4월 18일 01시,월요일,강원도 인제군 북면,경상사고,0,0,1,0,차량단독 - 전도전복,안전운전불이행,건조,맑음,단일로 - 기타,승용,남,66세,상해없음,,,,
2016041800100022,2016년 4월 18일 04시,월요일,강원도 원주시 태장동,경상사고,0,0,3,0,차대차 - 추돌,교차로운행방법위반,건조,맑음,교차로 - 교차로안,승용,남,32세,상해없음,승용,남,18세,경상
2016041800100028,2016년 4월 18일 05시,월요일,강원도 원주시 명륜동,중상사고,0,1,0,0,차대차 - 정면충돌,안전운전불이행,건조,맑음,교차로 - 교차로안,승용,남,21세,상해없음,승용,남,60세,상해없음
2016041800100050,2016년 4월 18일 07시,월요일,강원도 영월군 영월읍,경상사고,0,0,2,0,차대차 - 추돌,안전운전불이행,건조,맑음,단일로 - 터널,승용,남,45세,상해없음,승용,여,60세,경상
2016041800100089,2016년 4월 18일 08시,월요일,강원도 춘천시 동면,경상사고,0,0,2,0,차대차 - 추돌,안전거리미확보,건조,맑음,단일로 - 기타,화물,남,47세,상해없음,승용,여,40세,경상
2016041800100090,2016년 4월 18일 08시,월요일,강원도 춘천시 신동,경상사고,0,0,1,0,차대차 - 추돌,안전운전불이행,건조,맑음,단일로 - 기타,승용,여,69세,상해없음,승용,남,57세,경상
2016041800100091,2016년 4월 18일 08시,월요일,강원도 춘천시 석사동,경상사고,0,0,1,0,차대차 - 측면직각충돌,안전운전불이행,건조,맑음,교차로 - 교차로부근,승용,여,31세,상해없음,승용,남,32세,경상
2016041800100092,2016년 4월 18일 08시,월요일,강원도 속초시 교동,경상사고,0,0,1,0,차대차 - 측면충돌,중앙선침범,건조,맑음,단일로 - 기타,승합,남,53세,상해없음,승용,남,59세,경상
2016041800100147,2016년 4월 18일 09시,월요일,강원도 삼척시 남양동,경상사고,0,0,1,0,차대차 - 추돌,안전운전불이행,건조,맑음,단일로 - 기타,건설기계,남,47세,상해없음,승용,여,60세,경상
2016041800100178,2016년 4월 18일 10시,월요일,강원도 속초시 대포동,경상사고,0,0,2,0,차대차 - 추돌,안전운전불이행,건조,맑음,교차로 - 교차로부근,건설기계,남,64세,상해없음,승용,여,34세,경상
2016041800100213,2016년 4월 18일 11시,월요일,강원도 원주시 단계동,경상사고,0,0,3,0,차대차 - 측면충돌,신호위반,건조,맑음,교차로 - 교차로안,승합,남,48세,상해없음,승용,남,50세,경상
2016041800100245,2016년 4월 18일 12시,월요일,강원도 춘천시 후평동,중상사고,0,1,0,0,차대차 - 추돌,안전거리미확보,건조,맑음,단일로 - 기타,건설기계,남,47세,상해없음,건설기계,남,31세,중상
2016041800100246,2016년 4월 18일 12시,월요일,강원도 원주시 문막읍,경상사고,0,0,1,0,차대차 - 정면충돌,안전운전불이행,건조,맑음,단일로 - 기타,승합,여,61세,상해없음,승용,남,42세,경상
2016041800100274,2016년 4월 18일 13시,월요일,강원도 원주시 개운동,경상사고,0,0,1,0,차대차 - 추돌,안전운전불이행,건조,맑음,단일로 - 기타,화물,남,43세,상해없음,승용,여,53세,경상
2016041800100275,2016년 4월 18일 13시,월요일,강원도 홍천군 홍천읍,경상사고,0,0,2,0,차대차 - 측면직각충돌,안전운전불이행,건조,맑음,단일로 - 기타,승용,남,31세,경상,승용,여,64세,경상
2016041800100358,2016년 4월 18일 15시,월요일,강원도 삼척시 원덕읍,경상사고,0,0,1,0,차대차 - 측면충돌,안전운전불이행,건조,맑음,교차로 - 교차로안,화물,남,73세,상해없음,승용,남,51세,경상
2016041800100398,2016년 4월 18일 16시,월요일,강원도 삼척시 교동,경상사고,0,0,1,0,차대차 - 측면직각충돌,안전거리미확보,건조,맑음,단일로 - 기타,건설기계,남,57세,상해없음,승용,남,42세,경상