사고번호,사고일시,요일,시군구,사고내용,사망자수,중상자수,경상자수,부상신고자수,사고유형,법규위반,노면상태,기상상태,도로형태,가해운전자 차종,가해운전자 성별,가해운전자 연령,가해운전자 상해정도,피해운전자 차종,피해운전자 성별,피해운전자 연령,피해운전자 상해정도
2016041800100445,2016년 4월 18일 17시,월요일,강원도 춘천시 온의동,중상사고,0,1,1,0,차대차 - 측면직각충돌,안전운전불이행,습기,비,교차로 - 교차로안,승용,여,59세,경상,승용,여,65세,중상
2016041800100446,2016년 4월 18일 17시,월요일,강원도 횡성군 우천면,경상사고,0,0,1,0,차대사람 - 길가장자리구역통행중,기타,건조,맑음,단일로 - 기타,화물,남,47세,상해없음,보행자,여,85세,경상
2016041800100491,2016년 4월 18일 18시,월요일,강원도 춘천시 석사동,경상사고,0,0,1,0,차대차 - 측면충돌,교차로운행방법위반,습기,비,교차로 - 교차로안,승용,남,58세,상해없음,이륜,남,42세,경상
2016041800100492,2016년 4월 18일 18시,월요일,강원도 춘천시 교동,경상사고,0,0,6,0,차대차 - 추돌,안전운전불이행,습기,비,단일로 - 기타,승용,남,50세,상해없음,승용,남,54세,상해없음
2016041800100534,2016년 4월 18일 19시,월요일,강원도 원주시 단구동,경상사고,0,0,3,0,차대차 - 기타,안전운전불이행,습기,비,단일로 - 기타,승용,남,35세,상해없음,승용,여,43세,경상
2016041800100574,2016년 4월 18일 20시,월요일,강원도 춘천시 온의동,경상사고,0,0,2,0,차대차 - 기타,안전운전불이행,습기,맑음,교차로 - 교차로안,승용,남,37세,상해없음,승용,남,32세,경상
2016041800100575,2016년 4월 18일 20시,월요일,강원도 원주시 무실동,경상사고,0,0,1,0,차대사람 - 횡단중,안전운전불이행,습기,맑음,단일로 - 기타,승용,여,54세,상해없음,보행자,남,55세,경상
2016041800100634,2016년 4월 18일 22시,월요일,강원도 춘천시 효자동,경상사고,0,0,1,1,차대차 - 측면직각충돌,안전운전불이행,건조,맑음,교차로 - 교차로안,이륜,남,20세,부상신고,승용,남,26세,경상
2016041800100635,2016년 4월 18일 22시,월요일,강원도 인제군 북면,중상사고,0,1,0,0,차대차 - 측면직각충돌,안전운전불이행,습기,비,교차로 - 교차로안,화물,남,65세,상해없음,화물,남,50세,상해없음
2016041800100664,2016년 4월 18일 23시,월요일,강원도 원주시 반곡동,중상사고,0,1,0,0,차대차 - 추돌,안전운전불이행,건조,맑음,기타 - 기타,승용,여,39세,상해없음,승용,남,36세,상해없음
2016041900100008,2016년 4월 19일 00시,화요일,강원도 춘천시 석사동,중상사고,0,1,0,0,차대사람 - 횡단중,안전운전불이행,건조,맑음,단일로 - 기타,승용,남,29세,상해없음,보행자,남,52세,중상
2016041900100009,2016년 4월 19일 00시,화요일,강원도 속초시 노학동,사망사고,1,0,0,0,차량단독 - 공작물충돌,안전운전불이행,습기,비,단일로 - 기타,화물,남,33세,사망,,,,
2016041900100029,2016년 4월 19일 02시,화요일,강원도 원주시 원동,경상사고,0,0,5,0,차대차 - 측면충돌,안전운전불이행,건조,맑음,교차로 - 교차로안,승용,남,33세,상해없음,승용,남,43세,경상
2016041900100058,2016년 4월 19일 06시,화요일,강원도 원주시 명륜동,경상사고,0,0,1,0,차대차 - 기타,교차로운행방법위반,건조,맑음,교차로 - 교차로부근,승용,남,57세,상해없음,자전거,남,68세,경상
2016041900100148,2016년 4월 19일 09시,화요일,강원도 속초시 조양동,경상사고,0,0,2,0,차대차 - 측면충돌,직진우회전진행방해,건조,맑음,교차로 - 교차로부근,건설기계,남,53세,기타불명,승용,남,76세,경상
2016041900100169,2016년 4월 19일 10시,화요일,강원도 홍천군 홍천읍,경상사고,0,0,1,0,차대차 - 측면직각충돌,직진우회전진행방해,건조,맑음,교차로 - 교차로안,승용,여,53세,상해없음,승용,여,48세,경상
2016041900100199,2016년 4월 19일 11시,화요일,강원도 강릉시 임당동,중상사고,0,1,0,0,차대사람 - 횡단중,보행자보호의무위반,건조,맑음,교차로 - 교차로부근,승용,여,54세,상해없음,보행자,여,88세,중상
2016041900100267,2016년 4월 19일 13시,화요일,강원도 삼척시 하장면,중상사고,0,1,0,0,차대차 - 측면직각충돌,중앙선침범,건조,맑음,단일로 - 기타,화물,남,56세,상해없음,승용,남,37세,중상
2016041900100298,2016년 4월 19일 14시,화요일,강원도 춘천시 효자동,중상사고,0,1,0,0,차대사람 - 횡단중,신호위반,건조,맑음,교차로 - 교차로부근,승용,여,40세,상해없음,보행자,여,78세,중상
2016041900100300,2016년 4월 19일 14시,화요일,강원도 정선군 임계면,경상사고,0,0,3,0,차대차 - 기타,기타,건조,맑음,교차로 - 교차로부근,건설기계,남,45세,상해없음,승용,남,58세,경상
2016041900100301,2016년 4월 19일 14시,화요일,강원도 횡성군 갑천면,중상사고,0,1,0,0,차대차 - 측면직각충돌,안전운전불이행,건조,맑음,교차로 - 교차로안,승용,여,60세,상해없음,승용,남,66세,상해없음
2016041900100333,2016년 4월 19일 15시,화요일,강원도 태백시 황지동,부상신고사고,0,0,0,1,차대사람 - 횡단중,안전운전불이행,건조,맑음,단일로 - 기타,승용,여,45세,상해없음,보행자,여,7세,부상신고
2016041900100365,2016년 4월 19일 16시,화요일,강원도 춘천시 서면,경상사고,0,0,2,0,차대차 - 추돌,안전운전불이행,건조,맑음,단일로 - 기타,승용,남,31세,상해없음,승용,여,45세,경상
2016041900100366,2016년 4월 19일 16시,화요일,강원도 인제군 기린면,중상사고,0,1,0,0,차대사람 - 횡단중,안전운전불이행,건조,맑음,단일로 - 기타,승용,남,61세,상해없음,보행자,여,5세,중상
2016041900100399,2016년 4월 19일 17시,화요일,강원도 강릉시 포남동,경상사고,0,0,2,0,차대차 - 추돌,안전거리미확보,건조,맑음,단일로 - 기타,승용,여,40세,상해없음,승용,여,49세,경상
2016041900100400,2016년 4월 19일 17시,화요일,강원도 강릉시 죽헌동,경상사고,0,0,2,0,차대차 - 추돌,교차로운행방법위반,건조,맑음,교차로 - 교차로안,승용,여,29세,상해없음,승용,여,70세,경상
2016041900100401,2016년 4월 19일 17시,화요일,강원도 원주시 단구동,중상사고,0,1,0,0,차대사람 - 횡단중,안전운전불이행,건조,맑음,교차로 - 교차로부근,승용,남,44세,상해없음,보행자,여,62세,중상
2016041900100402,2016년 4월 19일 17시,화요일,강원도 원주시 반곡동,경상사고,0,0,1,0,차대차 - 측면충돌,안전운전불이행,건조,맑음,단일로 - 기타,승용,여,41세,상해없음,자전거,남,8세,경상
2016041900100482,2016년 4월 19일 19시,화요일,강원도 원주시 무실동,경상사고,0,0,1,0,차대차 - 정면충돌,안전운전불이행,건조,맑음,교차로 - 교차로안,화물,남,51세,상해없음,승용,여,24세,경상
2016042000100025,2016년 4월 20일 01시,수요일,강원도 삼척시 정상동,경상사고,0,0,1,0,차대차 - 측면직각충돌,안전운전불이행,건조,맑음,교차로 - 교차로부근,승용,남,49세,상해없음,승용,남,36세,경상
2016042000100082,2016년 4월 20일 07시,수요일,강원도 고성군 죽왕면,중상사고,0,1,0,0,차량단독 - 전도전복,안전운전불이행,건조,맑음,단일로 - 기타,이륜,남,53세,상해없음,,,,
2016042000100116,2016년 4월 20일 08시,수요일,강원도 원주시 개운동,경상사고,0,0,1,0,차대사람 - 횡단중,안전운전불이행,건조,맑음,단일로 - 기타,화물,남,43세,상해없음,보행자,남,49세,경상
2016042000100156,2016년 4월 20일 09시,수요일,강원도 원주시 학성동,경상사고,0,0,2,0,차대차 - 측면충돌,교차로운행방법위반,건조,맑음,교차로 - 교차로안,승용,여,43세,경상,승용,남,67세,경상
2016042000100157,2016년 4월 20일 09시,수요일,강원도 원주시 학성동,경상사고,0,0,1,0,차대차 - 측면충돌,안전거리미확보,건조,맑음,단일로 - 기타,승용,여,59세,상해없음,승용,여,58세,경상
2016042000100158,2016년 4월 20일 09시,수요일,강원도 양양군 양양읍,경상사고,0,0,1,0,차대차 - 측면직각충돌,안전거리미확보,건조,맑음,단일로 - 교량,승용,남,69세,상해없음,승용,남,37세,경상
2016042000100187,2016년 4월 20일 10시,수요일,강원도 원주시 명륜동,경상사고,0,0,1,0,차대차 - 추돌,안전거리미확보,건조,맑음,교차로 - 교차로안,승합,남,46세,상해없음,승합,남,67세,경상
2016042000100188,2016년 4월 20일 10시,수요일,강원도 원주시 명륜동,경상사고,0,0,2,0,차대차 - 정면충돌,신호위반,건조,맑음,교차로 - 교차로안,승용,여,68세,상해없음,승용,여,26세,경상
2016042000100189,2016년 4월 20일 10시,수요일,강원도 삼척시 당저동,중상사고,0,1,0,0,차대사람 - 기타,안전운전불이행,건조,맑음,단일로 - 기타,화물,남,28세,상해없음,보행자,남,60세,중상
2016042000100190,2016년 4월 20일 10시,수요일,강원도 횡성군 횡성읍,중상사고,0,1,0,0,차대차 - 기타,안전운전불이행,건조,맑음,교차로 - 교차로안,화물,남,30세,상해없음,자전거,남,82세,중상
2016042000100219,2016년 4월 20일 11시,수요일,강원도 춘천시 소양로3가,중상사고,0,1,1,0,차대차 - 측면충돌,안전거리미확보,건조,맑음,단일로 - 기타,승용,남,30세,상해없음,승용,남,26세,중상
2016042000100220,2016년 4월 20일 11시,수요일,강원도 춘천시 석사동,경상사고,0,0,1,0,차대차 - 측면직각충돌,안전운전불이행,건조,맑음,단일로 - 기타,승용,여,51세,상해없음,자전거,남,83세,경상
2016042000100250,2016년 4월 20일 12시,수요일,강원도 속초시 교동,중상사고,0,1,0,0,차대차 - 측면직각충돌,안전운전불이행,건조,맑음,단일로 - 기타,승용,남,76세,상해없음,이륜,남,58세,중상
2016042000100274,2016년 4월 20일 13시,수요일,강원도 원주시 문막읍,경상사고,0,0,1,0,차대차 - 추돌,안전거리미확보,건조,맑음,단일로 - 기타,화물,남,37세,상해없음,화물,남,59세,경상
2016042000100313,2016년 4월 20일 14시,수요일,강원도 삼척시 오분동,경상사고,0,0,2,0,차량단독 - 전도전복,안전운전불이행,건조,맑음,단일로 - 기타,승용,남,23세,경상,,,,
2016042000100314,2016년 4월 20일 14시,수요일,강원도 평창군 평창읍,경상사고,0,0,4,1,차대차 - 측면직각충돌,안전운전불이행,건조,맑음,단일로 - 기타,화물,여,69세,경상,화물,남,39세,부상신고
2016042000100350,2016년 4월 20일 15시,수요일,강원도 홍천군 화촌면,중상사고,0,1,0,0,차대차 - 측면직각충돌,안전운전불이행,건조,맑음,교차로 - 교차로부근,승용,여,54세,상해없음,화물,남,33세,중상
2016042000100351,2016년 4월 20일 15시,수요일,강원도 동해시 동회동,경상사고,0,0,1,1,차대사람 - 횡단중,안전운전불이행,건조,맑음,단일로 - 기타,자전거,남,12세,부상신고,보행자,여,78세,경상
2016042000100390,2016년 4월 20일 16시,수요일,강원도 춘천시 효자동,중상사고,0,1,0,0,차대사람 - 횡단중,보행자보호의무위반,건조,맑음,단일로 - 횡단보도상,승용,여,37세,상해없음,보행자,여,60세,중상
2016042000100391,2016년 4월 20일 16시,수요일,강원도 원주시 반곡동,중상사고,0,1,2,0,차대차 - 측면충돌,신호위반,건조,맑음,교차로 - 교차로안,승용,여,36세,상해없음,화물,남,35세,경상
2016042000100416,2016년 4월 20일 17시,수요일,강원도 양양군 양양읍,경상사고,0,0,1,0,차대사람 - 기타,안전운전불이행,건조,맑음,교차로 - 교차로안,승용,남,43세,상해없음,보행자,여,62세,경상
2016042000100450,2016년 4월 20일 18시,수요일,강원도 원주시 태장동,중상사고,0,1,0,0,차대사람 - 길가장자리구역통행중,안전운전불이행,건조,맑음,단일로 - 기타,승용,남,19세,상해없음,보행자,여,74세,중상
2016042000100485,2016년 4월 20일 19시,수요일,강원도 홍천군 홍천읍,중상사고,0,1,1,0,차대차 - 정면충돌,중앙선침범,건조,맑음,교차로 - 교차로안,승용,여,39세,상해없음,승용,남,72세,상해없음
2016042000100486,2016년 4월 20일 19시,수요일,강원도 홍천군 서면,경상사고,0,0,1,0,차대차 - 측면충돌,직진우회전진행방해,건조,맑음,교차로 - 교차로안,승용,남,27세,상해없음,승합,남,64세,경상
2016042000100487,2016년 4월 20일 19시,수요일,강원도 화천군 간동면,중상사고,0,1,0,0,차대차 - 측면충돌,직진우회전진행방해,건조,맑음,교차로 - 교차로안,승용,남,59세,상해없음,이륜,남,82세,중상
2016042000100526,2016년 4월 20일 20시,수요일,강원도 원주시 무실동,중상사고,0,1,0,0,차대차 - 측면충돌,교차로운행방법위반,습기,비,교차로 - 교차로부근,승용,남,45세,상해없음,승용,여,43세,상해없음
2016042000100600,2016년 4월 20일 22시,수요일,강원도 춘천시 석사동,중상사고,0,1,0,0,차대차 - 정면충돌,신호위반,건조,맑음,교차로 - 교차로안,승용,여,34세,상해없음,이륜,남,30세,중상
2016042000100626,2016년 4월 20일 23시,수요일,강원도 원주시 단계동,경상사고,0,0,1,0,차대차 - 측면충돌,안전운전불이행,건조,맑음,교차로 - 교차로안,승용,남,38세,상해없음,승용,여,44세,경상
2016042000100627,2016년 4월 20일 23시,수요일,강원도 원주시 관설동,경상사고,0,0,2,0,차대사람 - 횡단중,보행자보호의무위반,습기,비,단일로 - 횡단보도상,승용,남,48세,상해없음,보행자,여,15세,경상
2016042100100015,2016년 4월 21일 00시,목요일,강원도 강릉시 교동,경상사고,0,0,2,0,차대사람 - 횡단중,보행자보호의무위반,습기,비,교차로 - 교차로부근,승합,남,31세,상해없음,보행자,남,18세,경상
2016042100100043,2016년 4월 21일 01시,목요일,강원도 철원군 갈말읍,부상신고사고,0,0,0,1,차량단독 - 공작물충돌,안전운전불이행,습기,비,단일로 - 기타,승용,남,46세,부상신고,,,,
2016042100100130,2016년 4월 21일 07시,목요일,강원도 삼척시 근덕면,경상사고,0,0,1,0,차대사람 - 횡단중,안전운전불이행,건조,맑음,단일로 - 기타,승용,남,29세,상해없음,보행자,여,19세,경상
2016042100100203,2016년 4월 21일 09시,목요일,강원도 춘천시 동내면,부상신고사고,0,0,0,1,차대차 - 정면충돌,안전거리미확보,건조,맑음,단일로 - 기타,승용,남,48세,상해없음,승용,남,26세,부상신고
2016042100100204,2016년 4월 21일 09시,목요일,강원도 원주시 가현동,경상사고,0,0,1,0,차대차 - 추돌,안전거리미확보,건조,맑음,단일로 - 기타,화물,남,22세,상해없음,승용,남,39세,경상
2016042100100229,2016년 4월 21일 10시,목요일,강원도 삼척시 등봉동,중상사고,0,1,0,0,차량단독 - 공작물충돌,안전운전불이행,습기,비,단일로 - 기타,승용,남,63세,중상,,,,
2016042100100389,2016년 4월 21일 16시,목요일,강원도 강릉시 홍제동,경상사고,0,0,1,0,차대차 - 정면충돌,안전운전불이행,건조,맑음,교차로 - 교차로안,승용,여,45세,상해없음,승용,여,27세,경상
2016042100100390,2016년 4월 21일 16시,목요일,강원도 홍천군 두촌면,경상사고,0,0,4,0,차대차 - 측면직각충돌,신호위반,건조,맑음,교차로 - 교차로안,승용,남,78세,상해없음,승용,남,32세,경상
2016042100100417,2016년 4월 21일 17시,목요일,강원도 춘천시 후평동,중상사고,0,1,0,0,차대사람 - 횡단중,안전운전불이행,건조,맑음,단일로 - 기타,승용,여,49세,상해없음,보행자,여,12세,중상
2016042100100418,2016년 4월 21일 17시,목요일,강원도 강릉시 포남동,경상사고,0,0,1,0,차대차 - 정면충돌,안전운전불이행,건조,맑음,교차로 - 교차로안,승용,남,69세,상해없음,승용,남,25세,경상
2016042100100419,2016년 4월 21일 17시,목요일,강원도 원주시 무실동,중상사고,0,1,0,0,차대차 - 기타,기타,건조,흐림,교차로 - 교차로부근,승합,남,46세,상해없음,승용,여,32세,상해없음
2016042100100420,2016년 4월 21일 17시,목요일,강원도 삼척시 남양동,경상사고,0,0,2,0,차대차 - 측면충돌,안전운전불이행,건조,맑음,교차로 - 교차로안,승용,남,56세,상해없음,승용,여,42세,경상
2016042100100446,2016년 4월 21일 18시,목요일,강원도 원주시 봉산동,경상사고,0,0,1,0,차대사람 - 기타,기타,건조,맑음,기타 - 기타,기타불명,기타불명,기타불명,기타불명,보행자,남,10세,경상
2016042100100472,2016년 4월 21일 19시,목요일,강원도 화천군 상서면,경상사고,0,0,2,0,차대차 - 측면충돌,안전운전불이행,건조,맑음,단일로 - 기타,승용,남,25세,상해없음,승용,남,28세,경상
2016042100100473,2016년 4월 21일 19시,목요일,강원도 동해시 발한동,중상사고,0,1,0,0,차대사람 - 횡단중,안전운전불이행,건조,맑음,교차로 - 교차로안,화물,남,59세,상해없음,보행자,여,76세,중상
2016042100100505,2016년 4월 21일 20시,목요일,강원도 강릉시 노암동,경상사고,0,0,1,0,차대차 - 측면충돌,신호위반,건조,흐림,교차로 - 교차로부근,이륜,남,18세,상해없음,이륜,남,57세,경상
2016042100100506,2016년 4월 21일 20시,목요일,강원도 홍천군 홍천읍,중상사고,0,1,1,0,차대차 - 측면충돌,교차로운행방법위반,건조,맑음,교차로 - 교차로안,화물,남,29세,상해없음,승용,남,64세,중상
2016042100100507,2016년 4월 21일 20시,목요일,강원도 인제군 북면,중상사고,0,1,0,0,차대차 - 기타,안전운전불이행,건조,맑음,단일로 - 기타,승용,남,53세,기타불명,승용,여,58세,중상
2016042100100539,2016년 4월 21일 21시,목요일,강원도 춘천시 퇴계동,경상사고,0,0,1,0,차대차 - 측면직각충돌,안전운전불이행,건조,맑음,단일로 - 횡단보도부근,승용,여,47세,상해없음,자전거,남,11세,경상
2016042100100540,2016년 4월 21일 21시,목요일,강원도 원주시 무실동,중상사고,0,1,0,0,차대차 - 측면충돌,신호위반,건조,맑음,교차로 - 교차로안,이륜,남,17세,상해없음,이륜,남,26세,중상
2016042100100541,2016년 4월 21일 21시,목요일,강원도 삼척시 원덕읍,중상사고,0,3,1,0,차대차 - 추돌,안전운전불이행,건조,맑음,단일로 - 기타,승용,남,58세,상해없음,승용,남,73세,중상
2016042100100577,2016년 4월 21일 22시,목요일,강원도 강릉시 포남동,경상사고,0,0,2,0,차대차 - 기타,안전운전불이행,건조,맑음,단일로 - 기타,승용,남,22세,상해없음,승용,남,56세,경상
2016042100100601,2016년 4월 21일 23시,목요일,강원도 춘천시 효자동,경상사고,0,0,1,0,차대차 - 측면직각충돌,안전운전불이행,건조,맑음,교차로 - 교차로부근,승용,여,50세,상해없음,승용,여,45세,경상
2016042200100136,2016년 4월 22일 08시,금요일,강원도 춘천시 석사동,경상사고,0,0,2,1,차대차 - 측면직각충돌,안전거리미확보,건조,맑음,단일로 - 기타,승용,여,38세,상해없음,승용,남,34세,경상
2016042200100137,2016년 4월 22일 08시,금요일,강원도 원주시 봉산동,경상사고,0,0,1,0,차대차 - 정면충돌,교차로운행방법위반,건조,맑음,단일로 - 기타,승용,남,23세,상해없음,화물,남,46세,경상
2016042200100138,2016년 4월 22일 08시,금요일,강원도 양양군 서면,중상사고,0,1,1,0,차대차 - 측면충돌,중앙선침범,건조,맑음,단일로 - 기타,승용,남,62세,상해없음,승용,남,70세,중상
2016042200100139,2016년 4월 22일 08시,금요일,강원도 고성군 죽왕면,경상사고,0,0,1,0,차대차 - 추돌,안전거리미확보,건조,맑음,단일로 - 기타,승용,남,56세,상해없음,승용,남,47세,경상
2016042200100175,2016년 4월 22일 09시,금요일,강원도 원주시 학성동,경상사고,0,0,1,0,차대차 - 측면충돌,안전운전불이행,건조,맑음,교차로 - 교차로부근,승용,남,66세,상해없음,자전거,남,20세,경상
2016042200100203,2016년 4월 22일 10시,금요일,강원도 원주시 귀래면,경상사고,0,0,2,0,차대차 - 정면충돌,중앙선침범,건조,맑음,기타 - 기타,승합,남,60세,경상,건설기계,남,67세,경상
2016042200100229,2016년 4월 22일 11시,금요일,강원도 원주시 중앙동,경상사고,0,0,1,0,차대사람 - 횡단중,안전운전불이행,건조,맑음,단일로 - 기타,승용,여,50세,상해없음,보행자,여,58세,경상
2016042200100259,2016년 4월 22일 12시,금요일,강원도 춘천시 퇴계동,중상사고,0,1,2,0,차대차 - 추돌,안전거리미확보,건조,맑음,교차로 - 교차로안,승용,남,63세,상해없음,승용,남,71세,경상
2016042200100260,2016년 4월 22일 12시,금요일,강원도 원주시 단구동,경상사고,0,0,1,0,차대차 - 추돌,안전운전불이행,건조,맑음,교차로 - 교차로부근,승합,남,76세,상해없음,승합,남,74세,경상
2016042200100261,2016년 4월 22일 12시,금요일,강원도 삼척시 남양동,중상사고,0,1,0,0,차대차 - 측면직각충돌,교차로운행방법위반,건조,맑음,교차로 - 교차로안,이륜,남,69세,중상,승용,남,76세,상해없음
2016042200100288,2016년 4월 22일 13시,금요일,강원도 삼척시 남양동,경상사고,0,0,1,0,차대차 - 측면직각충돌,직진우회전진행방해,건조,맑음,교차로 - 교차로안,승용,남,71세,상해없음,승용,여,33세,경상
2016042200100289,2016년 4월 22일 13시,금요일,강원도 인제군 인제읍,중상사고,0,2,0,0,차대차 - 기타,안전운전불이행,건조,맑음,교차로 - 교차로안,승용,여,63세,상해없음,이륜,남,32세,중상
2016042200100314,2016년 4월 22일 14시,금요일,강원도 영월군 주천면,경상사고,0,0,2,0,차대차 - 추돌,안전운전불이행,건조,맑음,단일로 - 기타,화물,남,55세,상해없음,승용,남,67세,경상
2016042200100348,2016년 4월 22일 15시,금요일,강원도 삼척시 근덕면,경상사고,0,0,1,0,차대차 - 추돌,안전운전불이행,건조,맑음,단일로 - 기타,이륜,여,49세,경상,이륜,남,47세,상해없음
2016042200100349,2016년 4월 22일 15시,금요일,강원도 횡성군 횡성읍,중상사고,0,1,1,0,차대차 - 추돌,안전거리미확보,건조,맑음,단일로 - 기타,승용,남,43세,중상,화물,남,59세,경상
2016042200100391,2016년 4월 22일 16시,금요일,강원도 원주시 인동,경상사고,0,0,3,0,차대차 - 측면충돌,교차로운행방법위반,건조,맑음,교차로 - 교차로안,승합,남,55세,상해없음,승용,여,37세,경상
2016042200100392,2016년 4월 22일 16시,금요일,강원도 양양군 현북면,중상사고,0,1,0,0,차대사람 - 횡단중,중앙선침범,건조,맑음,단일로 - 기타,승용,여,64세,상해없음,보행자,남,51세,중상
2016042200100440,2016년 4월 22일 17시,금요일,강원도 강릉시 포남동,경상사고,0,0,1,0,차대차 - 측면직각충돌,안전운전불이행,건조,맑음,교차로 - 교차로안,승합,남,55세,상해없음,승용,남,68세,경상
2016042200100441,2016년 4월 22일 17시,금요일,강원도 원주시 호저면,중상사고,0,2,4,0,차대차 - 추돌,안전거리미확보,건조,맑음,단일로 - 기타,승합,남,33세,상해없음,화물,남,49세,중상
2016042200100485,2016년 4월 22일 18시,금요일,강원도 원주시 명륜동,부상신고사고,0,0,0,1,차량단독 - 전도전복,안전운전불이행,건조,맑음,단일로 - 기타,원동기,남,50세,상해없음,,,,
2016042200100532,2016년 4월 22일 19시,금요일,강원도 원주시 단계동,경상사고,0,0,1,0,차대사람 - 기타,안전운전불이행,건조,맑음,교차로 - 교차로안,승용,여,25세,상해없음,보행자,여,47세,경상
2016042200100533,2016년 4월 22일 19시,금요일,강원도 원주시 판부면,경상사고,0,0,1,0,차대차 - 측면직각충돌,안전운전불이행,건조,맑음,단일로 - 기타,승용,남,45세,상해없음,승용,남,29세,경상
2016042200100571,2016년 4월 22일 20시,금요일,강원도 인제군 북면,중상사고,0,1,2,0,차대차 - 기타,안전운전불이행,건조,맑음,교차로 - 교차로안,화물,남,46세,상해없음,승용,남,68세,경상
2016042200100645,2016년 4월 22일 22시,금요일,강원도 강릉시 포남동,경상사고,0,0,3,0,차대차 - 측면충돌,안전운전불이행,건조,맑음,교차로 - 교차로안,승용,여,30세,상해없음,승용,여,51세,경상
2016042200100646,2016년 4월 22일 22시,금요일,강원도 원주시 단구동,경상사고,0,0,1,0,차대차 - 추돌,안전운전불이행,건조,맑음,교차로 - 교차로안,승용,여,51세,상해없음,승용,여,44세,경상
2016042200100678,2016년 4월 22일 23시,금요일,강원도 홍천군 동면,경상사고,0,0,2,0,차대차 - 정면충돌,중앙선침범,건조,맑음,단일로 - 기타,승용,남,35세,상해없음,승용,남,32세,경상
2016042200100679,2016년 4월 22일 23시,금요일,강원도 원주시 부론면,중상사고,0,1,2,0,차대차 - 측면충돌,안전거리미확보,건조,맑음,단일로 - 기타,승용,남,26세,상해없음,승합,남,42세,상해없음
2016042300100034,2016년 4월 23일 01시,토요일,강원도 춘천시 퇴계동,경상사고,0,0,3,0,차대차 - 추돌,안전운전불이행,건조,맑음,교차로 - 교차로부근,승용,남,46세,상해없음,승용,여,34세,경상
2016042300100035,2016년 4월 23일 01시,토요일,강원도 동해시 천곡동,경상사고,0,0,3,0,차대차 - 측면직각충돌,신호위반,건조,맑음,교차로 - 교차로안,화물,남,26세,상해없음,승용,남,51세,경상
2016042300100117,2016년 4월 23일 06시,토요일,강원도 삼척시 원덕읍,경상사고,0,0,1,0,차대차 - 추돌,안전운전불이행,건조,맑음,단일로 - 기타,승용,남,27세,상해없음,승용,남,45세,경상
2016042300100118,2016년 4월 23일 06시,토요일,강원도 고성군 죽왕면,경상사고,0,0,1,0,차대차 - 추돌,안전운전불이행,건조,맑음,단일로 - 기타,승용,남,22세,상해없음,승용,남,43세,경상
2016042300100170,2016년 4월 23일 09시,토요일,강원도 원주시 판부면,경상사고,0,0,1,0,차대차 - 정면충돌,안전거리미확보,건조,맑음,교차로 - 교차로부근,승용,여,63세,상해없음,승용,남,66세,경상
2016042300100171,2016년 4월 23일 09시,토요일,강원도 화천군 간동면,부상신고사고,0,0,0,1,차대차 - 정면충돌,중앙선침범,건조,맑음,단일로 - 기타,자전거,남,47세,부상신고,승용,남,56세,상해없음
2016042300100231,2016년 4월 23일 11시,토요일,강원도 춘천시 동내면,경상사고,0,0,2,0,차대차 - 추돌,안전운전불이행,건조,맑음,단일로 - 기타,승용,남,28세,상해없음,승용,남,58세,경상
2016042300100268,2016년 4월 23일 12시,토요일,강원도 강릉시 옥계면,경상사고,0,0,1,0,차대차 - 기타,중앙선침범,건조,맑음,단일로 - 기타,승용,여,31세,상해없음,승용,여,48세,경상
2016042300100269,2016년 4월 23일 12시,토요일,강원도 고성군 간성읍,경상사고,0,0,1,0,차대차 - 측면충돌,안전운전불이행,건조,맑음,단일로 - 기타,승용,남,28세,상해없음,원동기,남,81세,경상
2016042300100424,2016년 4월 23일 16시,토요일,강원도 원주시 단계동,중상사고,0,2,0,0,차대차 - 정면충돌,기타,건조,맑음,교차로 - 교차로부근,승용,남,56세,상해없음,승용,여,63세,중상
2016042300100454,2016년 4월 23일 17시,토요일,강원도 춘천시 동내면,경상사고,0,0,4,0,차대차 - 측면충돌,중앙선침범,건조,맑음,단일로 - 기타,승용,남,34세,상해없음,승용,여,36세,경상
2016042300100455,2016년 4월 23일 17시,토요일,강원도 삼척시 신기면,중상사고,0,1,0,0,차대사람 - 횡단중,안전운전불이행,건조,맑음,기타 - 기타,승합,남,61세,상해없음,보행자,여,52세,중상
2016042300100486,2016년 4월 23일 18시,토요일,강원도 속초시 조양동,경상사고,0,0,1,0,차대차 - 측면직각충돌,안전운전불이행,건조,맑음,단일로 - 기타,화물,남,56세,상해없음,승용,남,39세,경상
2016042300100521,2016년 4월 23일 19시,토요일,강원도 철원군 갈말읍,중상사고,0,1,0,0,차대차 - 측면충돌,직진우회전진행방해,건조,맑음,교차로 - 교차로안,승용,남,44세,상해없음,이륜,남,44세,중상
2016042300100553,2016년 4월 23일 20시,토요일,강원도 춘천시 소양로2가,경상사고,0,0,2,0,차대차 - 측면직각충돌,교차로운행방법위반,건조,맑음,교차로 - 교차로안,승용,남,20세,상해없음,승용,남,62세,경상
2016042300100554,2016년 4월 23일 20시,토요일,강원도 원주시 개운동,경상사고,0,0,4,0,차대차 - 측면충돌,직진우회전진행방해,건조,맑음,교차로 - 교차로안,승용,남,46세,경상,승용,남,59세,경상