사고번호,사고일시,요일,시군구,사고내용,사망자수,중상자수,경상자수,부상신고자수,사고유형,법규위반,노면상태,기상상태,도로형태,가해운전자 차종,가해운전자 성별,가해운전자 연령,가해운전자 상해정도,피해운전자 차종,피해운전자 성별,피해운전자 연령,피해운전자 상해정도
2016050300100636,2016년 5월 3일 21시,화요일,강원도 속초시 교동,경상사고,0,0,1,0,차대차 - 측면직각충돌,안전운전불이행,건조,맑음,단일로 - 기타,승용,남,53세,상해없음,승용,여,56세,경상
2016050300100670,2016년 5월 3일 22시,화요일,강원도 춘천시 후평동,경상사고,0,0,3,0,차대차 - 추돌,안전운전불이행,습기,비,단일로 - 기타,승용,여,37세,상해없음,승용,남,51세,경상
2016050400100035,2016년 5월 4일 02시,수요일,강원도 원주시 단계동,경상사고,0,0,1,0,차대사람 - 기타,안전운전불이행,건조,맑음,기타 - 기타,승용,남,40세,기타불명,보행자,여,44세,경상
2016050400100047,2016년 5월 4일 04시,수요일,강원도 원주시 문막읍,경상사고,0,0,1,0,차대차 - 추돌,안전거리미확보,건조,맑음,교차로 - 교차로부근,승용,여,38세,상해없음,승용,남,53세,경상
2016050400100081,2016년 5월 4일 07시,수요일,강원도 원주시 단계동,경상사고,0,0,3,0,차대차 - 추돌,안전거리미확보,건조,맑음,교차로 - 교차로안,승용,남,23세,상해없음,승용,여,33세,경상
2016050400100082,2016년 5월 4일 07시,수요일,강원도 동해시 평릉동,경상사고,0,0,1,0,차대사람 - 횡단중,안전운전불이행,건조,맑음,단일로 - 기타,승용,여,50세,상해없음,보행자,여,17세,경상
2016050400100120,2016년 5월 4일 08시,수요일,강원도 춘천시 신동,경상사고,0,0,2,0,차대차 - 측면직각충돌,안전운전불이행,건조,맑음,교차로 - 교차로안,승용,남,73세,상해없음,화물,남,44세,경상
2016050400100121,2016년 5월 4일 08시,수요일,강원도 원주시 우산동,경상사고,0,0,1,0,차대차 - 정면충돌,교차로운행방법위반,건조,맑음,교차로 - 교차로안,화물,남,37세,상해없음,승용,남,38세,경상
2016050400100122,2016년 5월 4일 08시,수요일,강원도 고성군 간성읍,경상사고,0,0,1,0,차대차 - 측면충돌,안전운전불이행,건조,맑음,단일로 - 기타,화물,남,58세,상해없음,승용,여,47세,경상
2016050400100169,2016년 5월 4일 09시,수요일,강원도 원주시 단구동,중상사고,0,1,2,0,차대차 - 기타,교차로운행방법위반,건조,맑음,교차로 - 교차로안,승용,남,28세,상해없음,승합,남,53세,상해없음
2016050400100170,2016년 5월 4일 09시,수요일,강원도 동해시 부곡동,경상사고,0,0,3,0,차대차 - 측면직각충돌,신호위반,건조,맑음,교차로 - 교차로안,승용,남,55세,상해없음,승용,남,31세,경상
2016050400100274,2016년 5월 4일 12시,수요일,강원도 철원군 동송읍,중상사고,0,1,1,0,차대차 - 정면충돌,안전운전불이행,건조,맑음,교차로 - 교차로안,화물,남,59세,상해없음,승용,남,68세,중상
2016050400100345,2016년 5월 4일 14시,수요일,강원도 강릉시 강동면,경상사고,0,0,1,0,차대차 - 측면충돌,안전운전불이행,건조,맑음,단일로 - 기타,화물,여,61세,상해없음,자전거,남,24세,경상
2016050400100346,2016년 5월 4일 14시,수요일,강원도 강릉시 옥천동,중상사고,0,1,0,0,차대차 - 측면충돌,안전운전불이행,건조,맑음,단일로 - 기타,화물,남,27세,상해없음,승용,여,42세,중상
2016050400100347,2016년 5월 4일 14시,수요일,강원도 원주시 소초면,중상사고,0,1,0,0,차대차 - 정면충돌,중앙선침범,건조,맑음,단일로 - 기타,화물,남,61세,상해없음,이륜,남,52세,중상
2016050400100403,2016년 5월 4일 15시,수요일,강원도 춘천시 우두동,경상사고,0,0,1,0,차대차 - 측면직각충돌,중앙선침범,건조,맑음,단일로 - 기타,자전거,남,78세,상해없음,승용,남,29세,경상
2016050400100404,2016년 5월 4일 15시,수요일,강원도 원주시 명륜동,경상사고,0,0,3,0,차대차 - 측면충돌,안전운전불이행,건조,맑음,단일로 - 기타,승용,남,52세,기타불명,승용,남,21세,경상
2016050400100405,2016년 5월 4일 15시,수요일,강원도 원주시 흥업면,경상사고,0,0,4,0,차대차 - 정면충돌,안전거리미확보,건조,맑음,단일로 - 기타,화물,남,50세,상해없음,승용,남,51세,경상
2016050400100453,2016년 5월 4일 16시,수요일,강원도 강릉시 홍제동,경상사고,0,0,1,0,차대차 - 추돌,안전운전불이행,건조,맑음,교차로 - 교차로안,승용,여,58세,기타불명,승용,남,40세,경상
2016050400100499,2016년 5월 4일 17시,수요일,강원도 강릉시 입암동,경상사고,0,0,4,0,차대차 - 추돌,안전운전불이행,건조,맑음,교차로 - 교차로부근,화물,남,53세,상해없음,승용,남,53세,경상
2016050400100568,2016년 5월 4일 18시,수요일,강원도 삼척시 남양동,경상사고,0,0,1,0,차대사람 - 길가장자리구역통행중,안전운전불이행,건조,맑음,단일로 - 기타,승용,여,36세,상해없음,보행자,여,56세,경상
2016050400100569,2016년 5월 4일 18시,수요일,강원도 홍천군 화촌면,경상사고,0,0,3,0,차대차 - 측면충돌,교차로운행방법위반,건조,맑음,교차로 - 교차로안,승용,남,41세,상해없음,승용,남,61세,경상
2016050400100618,2016년 5월 4일 19시,수요일,강원도 속초시 동명동,경상사고,0,0,1,0,차대차 - 기타,안전운전불이행,건조,맑음,단일로 - 기타,승합,남,53세,상해없음,승용,여,35세,상해없음
2016050400100744,2016년 5월 4일 22시,수요일,강원도 동해시 천곡동,경상사고,0,0,1,0,차대차 - 측면직각충돌,차로위반,건조,맑음,단일로 - 기타,승용,여,52세,상해없음,승용,남,24세,경상
2016050500100014,2016년 5월 5일 00시,목요일,강원도 원주시 단계동,경상사고,0,0,1,0,차대차 - 추돌,안전운전불이행,건조,맑음,단일로 - 기타,승용,남,22세,상해없음,승용,남,24세,경상
2016050500100077,2016년 5월 5일 04시,목요일,강원도 춘천시 석사동,중상사고,0,1,1,0,차대차 - 추돌,안전운전불이행,건조,맑음,교차로 - 교차로부근,승용,남,26세,상해없음,승합,남,62세,중상
2016050500100118,2016년 5월 5일 07시,목요일,강원도 원주시 단계동,중상사고,0,1,0,0,차대차 - 측면직각충돌,안전운전불이행,건조,맑음,단일로 - 기타,승용,여,53세,상해없음,자전거,남,28세,중상
2016050500100151,2016년 5월 5일 09시,목요일,강원도 정선군 고한읍,경상사고,0,0,1,0,차대차 - 기타,안전운전불이행,건조,맑음,단일로 - 기타,승용,남,41세,상해없음,승용,여,30세,경상
2016050500100174,2016년 5월 5일 10시,목요일,강원도 춘천시 우두동,경상사고,0,0,1,0,차대차 - 기타,안전운전불이행,건조,맑음,단일로 - 기타,승용,여,59세,상해없음,승합,남,46세,경상
2016050500100206,2016년 5월 5일 11시,목요일,강원도 강릉시 주문진읍,중상사고,0,1,0,0,차대사람 - 기타,안전운전불이행,건조,맑음,단일로 - 기타,화물,남,47세,상해없음,보행자,여,49세,중상
2016050500100207,2016년 5월 5일 11시,목요일,강원도 속초시 청호동,경상사고,0,0,1,0,차대차 - 추돌,안전운전불이행,건조,맑음,단일로 - 기타,승합,남,25세,상해없음,승용,여,35세,상해없음
2016050500100208,2016년 5월 5일 11시,목요일,강원도 횡성군 우천면,중상사고,0,1,3,0,차대차 - 정면충돌,안전운전불이행,건조,맑음,교차로 - 교차로안,화물,남,33세,기타불명,화물,남,57세,중상
2016050500100237,2016년 5월 5일 12시,목요일,강원도 춘천시 동내면,경상사고,0,0,1,0,차대차 - 추돌,차로위반,건조,맑음,단일로 - 기타,이륜,남,39세,상해없음,화물,남,45세,경상
2016050500100238,2016년 5월 5일 12시,목요일,강원도 삼척시 도계읍,경상사고,0,0,4,0,차대차 - 정면충돌,중앙선침범,건조,맑음,단일로 - 교량,승용,여,51세,상해없음,승용,남,46세,경상
2016050500100307,2016년 5월 5일 14시,목요일,강원도 춘천시 후평동,부상신고사고,0,0,0,1,차대차 - 추돌,안전운전불이행,건조,맑음,교차로 - 교차로안,이륜,남,17세,부상신고,화물,남,53세,상해없음
2016050500100308,2016년 5월 5일 14시,목요일,강원도 강릉시 왕산면,중상사고,0,1,0,0,차대사람 - 횡단중,안전운전불이행,건조,맑음,단일로 - 기타,승용,남,40세,상해없음,보행자,여,76세,중상
2016050500100309,2016년 5월 5일 14시,목요일,강원도 평창군 대화면,중상사고,0,4,2,0,차대차 - 정면충돌,중앙선침범,건조,맑음,단일로 - 기타,화물,남,62세,상해없음,승용,남,36세,중상
2016050500100372,2016년 5월 5일 16시,목요일,강원도 횡성군 우천면,중상사고,0,2,4,0,차대차 - 추돌,안전거리미확보,건조,맑음,교차로 - 교차로부근,승용,남,34세,상해없음,화물,남,50세,경상
2016050500100410,2016년 5월 5일 17시,목요일,강원도 원주시 단계동,중상사고,0,1,0,0,차대차 - 정면충돌,신호위반,건조,맑음,교차로 - 교차로부근,승용,남,24세,상해없음,원동기,남,38세,중상
2016050500100411,2016년 5월 5일 17시,목요일,강원도 속초시 청호동,중상사고,0,2,1,0,차대차 - 측면충돌,직진우회전진행방해,건조,맑음,교차로 - 교차로안,승용,여,55세,상해없음,승용,남,77세,경상
2016050500100412,2016년 5월 5일 17시,목요일,강원도 홍천군 홍천읍,중상사고,0,1,0,0,차대사람 - 횡단중,안전운전불이행,건조,맑음,교차로 - 교차로안,승용,여,51세,상해없음,보행자,여,44세,중상
2016050500100465,2016년 5월 5일 18시,목요일,강원도 원주시 일산동,경상사고,0,0,3,0,차대차 - 정면충돌,안전거리미확보,건조,맑음,교차로 - 교차로부근,승용,남,50세,상해없음,승용,남,43세,경상
2016050500100466,2016년 5월 5일 18시,목요일,강원도 태백시 황지동,경상사고,0,0,2,0,차대차 - 측면충돌,안전운전불이행,건조,맑음,교차로 - 교차로부근,승용,여,22세,상해없음,승용,여,64세,경상
2016050500100467,2016년 5월 5일 18시,목요일,강원도 횡성군 횡성읍,중상사고,0,1,0,0,차대사람 - 횡단중,보행자보호의무위반,건조,맑음,교차로 - 교차로안,승용,여,37세,상해없음,보행자,여,56세,중상
2016050500100523,2016년 5월 5일 20시,목요일,강원도 춘천시 후평동,중상사고,0,2,2,1,차대차 - 측면직각충돌,안전운전불이행,건조,맑음,교차로 - 교차로안,승용,여,47세,상해없음,승용,여,39세,부상신고
2016050600100014,2016년 5월 6일 00시,금요일,강원도 원주시 단구동,경상사고,0,0,3,0,차대차 - 정면충돌,신호위반,습기,비,교차로 - 교차로안,승용,남,57세,상해없음,승용,남,47세,경상
2016050600100038,2016년 5월 6일 02시,금요일,강원도 춘천시 온의동,경상사고,0,0,2,0,차대차 - 측면충돌,신호위반,습기,비,교차로 - 교차로안,화물,남,60세,상해없음,승용,남,19세,경상
2016050600100039,2016년 5월 6일 02시,금요일,강원도 강릉시 주문진읍,사망사고,1,0,0,0,차대차 - 정면충돌,신호위반,건조,맑음,교차로 - 교차로안,승용,남,21세,상해없음,이륜,남,23세,사망
2016050600100071,2016년 5월 6일 05시,금요일,강원도 강릉시 옥천동,사망사고,1,0,0,0,차대사람 - 횡단중,안전운전불이행,건조,맑음,단일로 - 기타,승용,남,35세,상해없음,보행자,여,87세,사망
2016050600100087,2016년 5월 6일 06시,금요일,강원도 횡성군 갑천면,사망사고,1,0,0,0,차대사람 - 기타,안전운전불이행,건조,흐림,기타 - 기타,화물,남,56세,상해없음,보행자,남,3세,사망
2016050600100094,2016년 5월 6일 07시,금요일,강원도 삼척시 사직동,경상사고,0,0,2,0,차대차 - 기타,안전운전불이행,건조,맑음,교차로 - 교차로안,화물,남,62세,경상,건설기계,남,40세,경상
2016050600100133,2016년 5월 6일 09시,금요일,강원도 원주시 단계동,경상사고,0,0,1,0,차대차 - 측면충돌,교차로운행방법위반,건조,맑음,교차로 - 교차로안,승용,남,61세,상해없음,이륜,남,37세,경상
2016050600100189,2016년 5월 6일 11시,금요일,강원도 춘천시 근화동,경상사고,0,0,1,0,차대차 - 측면충돌,안전운전불이행,습기,흐림,단일로 - 횡단보도상,승용,여,51세,상해없음,자전거,남,66세,경상
2016050600100190,2016년 5월 6일 11시,금요일,강원도 원주시 일산동,경상사고,0,0,3,1,차대차 - 정면충돌,안전운전불이행,건조,맑음,기타 - 기타,승용,여,47세,상해없음,승용,남,41세,경상
2016050600100191,2016년 5월 6일 11시,금요일,강원도 홍천군 내촌면,경상사고,0,0,1,0,차대차 - 기타,중앙선침범,건조,맑음,단일로 - 기타,화물,남,24세,상해없음,승용,남,56세,경상
2016050600100226,2016년 5월 6일 12시,금요일,강원도 속초시 중앙동,중상사고,0,1,0,0,차대사람 - 횡단중,안전운전불이행,건조,맑음,단일로 - 기타,화물,남,49세,상해없음,보행자,남,6세,중상
2016050600100227,2016년 5월 6일 12시,금요일,강원도 인제군 남면,중상사고,0,1,1,0,차대차 - 기타,신호위반,건조,맑음,교차로 - 교차로안,승용,남,39세,상해없음,화물,남,56세,경상
2016050600100297,2016년 5월 6일 14시,금요일,강원도 춘천시 근화동,경상사고,0,0,2,0,차대차 - 측면충돌,안전운전불이행,건조,맑음,교차로 - 교차로안,승용,남,24세,상해없음,승용,남,65세,경상
2016050600100298,2016년 5월 6일 14시,금요일,강원도 정선군 정선읍,경상사고,0,0,2,0,차대차 - 측면충돌,중앙선침범,건조,맑음,단일로 - 기타,화물,남,36세,상해없음,승용,남,43세,경상
2016050600100332,2016년 5월 6일 15시,금요일,강원도 원주시 일산동,중상사고,0,1,7,0,차대차 - 추돌,안전거리미확보,건조,맑음,단일로 - 기타,승용,남,39세,상해없음,승용,남,38세,중상
2016050600100371,2016년 5월 6일 16시,금요일,강원도 춘천시 동산면,중상사고,0,1,0,0,차대차 - 측면직각충돌,안전운전불이행,습기,흐림,단일로 - 기타,승합,남,56세,상해없음,승용,여,62세,중상
2016050600100372,2016년 5월 6일 16시,금요일,강원도 원주시 단구동,경상사고,0,0,1,0,차대차 - 추돌,안전거리미확보,건조,흐림,교차로 - 교차로부근,승합,남,26세,상해없음,승용,여,48세,경상
2016050600100373,2016년 5월 6일 16시,금요일,강원도 홍천군 두촌면,경상사고,0,0,2,0,차대차 - 추돌,차로위반,건조,맑음,단일로 - 기타,승용,남,49세,경상,승용,여,48세,경상
2016050600100407,2016년 5월 6일 17시,금요일,강원도 원주시 개운동,경상사고,0,0,1,0,차대차 - 정면충돌,안전거리미확보,건조,맑음,단일로 - 기타,승용,남,32세,상해없음,이륜,남,17세,경상
2016050600100477,2016년 5월 6일 19시,금요일,강원도 춘천시 석사동,경상사고,0,0,2,1,차대차 - 추돌,안전운전불이행,건조,맑음,교차로 - 교차로안,승용,남,40세,상해없음,승용,남,64세,부상신고
2016050600100517,2016년 5월 6일 20시,금요일,강원도 강릉시 입암동,경상사고,0,0,1,0,차대사람 - 횡단중,안전운전불이행,건조,맑음,단일로 - 기타,승용,남,46세,상해없음,보행자,남,7세,경상
2016050600100518,2016년 5월 6일 20시,금요일,강원도 원주시 태장동,경상사고,0,0,2,0,차대차 - 추돌,안전거리미확보,건조,맑음,단일로 - 기타,승용,여,48세,상해없음,승용,남,60세,경상
2016050600100553,2016년 5월 6일 21시,금요일,강원도 속초시 교동,경상사고,0,0,1,0,차대사람 - 보도통행중,기타,건조,맑음,단일로 - 기타,승용,남,57세,상해없음,보행자,여,56세,경상
2016050700100013,2016년 5월 7일 00시,토요일,강원도 원주시 단계동,경상사고,0,0,2,0,차대차 - 측면충돌,안전운전불이행,건조,맑음,단일로 - 기타,승용,남,49세,상해없음,승용,남,46세,경상
2016050700100029,2016년 5월 7일 01시,토요일,강원도 횡성군 우천면,중상사고,0,3,0,0,차량단독 - 전도전복,안전운전불이행,건조,맑음,단일로 - 기타,승용,여,47세,중상,,,,
2016050700100108,2016년 5월 7일 07시,토요일,강원도 춘천시 신동,사망사고,1,0,0,0,차대차 - 측면직각충돌,안전운전불이행,건조,맑음,교차로 - 교차로안,승용,남,48세,상해없음,원동기,여,58세,사망
2016050700100109,2016년 5월 7일 07시,토요일,강원도 인제군 남면,중상사고,0,1,3,0,차대차 - 추돌,안전운전불이행,건조,맑음,단일로 - 기타,승용,남,36세,중상,승용,남,56세,경상
2016050700100149,2016년 5월 7일 09시,토요일,강원도 원주시 문막읍,경상사고,0,0,1,0,차대차 - 측면직각충돌,안전운전불이행,건조,맑음,교차로 - 교차로안,승용,여,44세,상해없음,승용,남,62세,경상
2016050700100239,2016년 5월 7일 12시,토요일,강원도 원주시 무실동,사망사고,1,0,4,0,차대차 - 정면충돌,안전운전불이행,건조,맑음,교차로 - 교차로안,승용,여,34세,경상,승용,남,33세,경상
2016050700100276,2016년 5월 7일 13시,토요일,강원도 삼척시 오분동,경상사고,0,0,2,0,차대차 - 추돌,안전거리미확보,건조,맑음,교차로 - 교차로부근,승용,여,43세,상해없음,승용,남,48세,경상
2016050700100327,2016년 5월 7일 14시,토요일,강원도 춘천시 후평동,경상사고,0,0,1,0,차대차 - 추돌,안전거리미확보,건조,맑음,단일로 - 기타,승용,남,51세,상해없음,승용,남,37세,경상
2016050700100328,2016년 5월 7일 14시,토요일,강원도 화천군 화천읍,부상신고사고,0,0,0,1,차대사람 - 횡단중,보행자보호의무위반,건조,맑음,단일로 - 횡단보도상,승용,남,28세,상해없음,보행자,남,5세,부상신고
2016050700100359,2016년 5월 7일 15시,토요일,강원도 춘천시 동산면,경상사고,0,0,1,0,차대차 - 측면직각충돌,중앙선침범,건조,맑음,교차로 - 교차로안,건설기계,남,52세,상해없음,이륜,남,27세,경상
2016050700100407,2016년 5월 7일 16시,토요일,강원도 원주시 일산동,중상사고,0,1,3,0,차대차 - 추돌,안전거리미확보,건조,맑음,단일로 - 기타,승용,남,45세,상해없음,승용,남,46세,중상
2016050700100408,2016년 5월 7일 16시,토요일,강원도 정선군 사북읍,경상사고,0,0,1,0,차대차 - 측면직각충돌,직진우회전진행방해,건조,맑음,교차로 - 교차로안,승용,여,55세,상해없음,승용,남,60세,경상
2016050700100409,2016년 5월 7일 16시,토요일,강원도 동해시 천곡동,경상사고,0,0,3,0,차대차 - 측면직각충돌,신호위반,건조,맑음,교차로 - 교차로안,승용,남,50세,상해없음,승용,여,38세,경상
2016050700100454,2016년 5월 7일 17시,토요일,강원도 춘천시 후평동,중상사고,0,1,0,0,차대사람 - 횡단중,안전운전불이행,건조,맑음,단일로 - 기타,승용,남,60세,상해없음,보행자,여,51세,중상
2016050700100455,2016년 5월 7일 17시,토요일,강원도 원주시 평원동,경상사고,0,0,1,0,차대사람 - 횡단중,안전운전불이행,건조,맑음,단일로 - 기타,승합,남,59세,상해없음,보행자,여,75세,경상
2016050700100456,2016년 5월 7일 17시,토요일,강원도 정선군 고한읍,중상사고,0,1,0,0,차대사람 - 기타,안전운전불이행,건조,맑음,단일로 - 기타,승합,남,61세,상해없음,보행자,여,57세,중상
2016050700100490,2016년 5월 7일 18시,토요일,강원도 춘천시 퇴계동,경상사고,0,0,5,0,차대차 - 추돌,안전운전불이행,건조,맑음,단일로 - 기타,승용,여,49세,상해없음,승용,남,50세,경상
2016050700100491,2016년 5월 7일 18시,토요일,강원도 원주시 단구동,경상사고,0,0,1,0,차대차 - 정면충돌,안전거리미확보,건조,맑음,교차로 - 교차로부근,승용,남,38세,상해없음,승용,남,66세,경상
2016050700100492,2016년 5월 7일 18시,토요일,강원도 삼척시 마달동,중상사고,0,1,0,0,차대차 - 측면충돌,안전운전불이행,건조,맑음,단일로 - 기타,승용,남,55세,상해없음,이륜,남,61세,중상
2016050700100493,2016년 5월 7일 18시,토요일,강원도 원주시 호저면,경상사고,0,0,1,0,차대차 - 추돌,안전운전불이행,건조,맑음,단일로 - 기타,기타불명,기타불명,기타불명,기타불명,승용,남,38세,상해없음
2016050700100556,2016년 5월 7일 20시,토요일,강원도 춘천시 효자동,경상사고,0,0,1,0,차대차 - 측면직각충돌,신호위반,건조,맑음,교차로 - 교차로안,승용,여,43세,상해없음,승용,여,32세,경상
2016050700100557,2016년 5월 7일 20시,토요일,강원도 강릉시 내곡동,경상사고,0,0,4,0,차대차 - 추돌,안전운전불이행,건조,맑음,교차로 - 교차로안,승용,남,55세,상해없음,승용,남,55세,경상
2016050800100007,2016년 5월 8일 00시,일요일,강원도 춘천시 퇴계동,경상사고,0,0,3,0,차대차 - 측면직각충돌,교차로운행방법위반,건조,맑음,교차로 - 교차로안,승용,여,44세,상해없음,승용,남,30세,경상
2016050800100008,2016년 5월 8일 00시,일요일,강원도 춘천시 효자동,경상사고,0,0,1,0,차대차 - 정면충돌,안전운전불이행,건조,맑음,단일로 - 기타,승용,남,29세,상해없음,승용,남,60세,경상
2016050800100069,2016년 5월 8일 05시,일요일,강원도 춘천시 동면,경상사고,0,0,1,0,차대차 - 측면직각충돌,교차로운행방법위반,건조,맑음,교차로 - 교차로안,화물,남,48세,상해없음,승용,여,23세,경상
2016050800100077,2016년 5월 8일 06시,일요일,강원도 춘천시 우두동,경상사고,0,0,4,0,차대차 - 정면충돌,직진우회전진행방해,건조,맑음,교차로 - 교차로안,화물,남,42세,상해없음,승용,여,44세,경상
2016050800100122,2016년 5월 8일 09시,일요일,강원도 강릉시 교동,경상사고,0,0,1,0,차대차 - 측면충돌,안전운전불이행,건조,맑음,교차로 - 교차로부근,화물,남,56세,상해없음,자전거,남,57세,경상
2016050800100123,2016년 5월 8일 09시,일요일,강원도 원주시 판부면,경상사고,0,0,3,0,차대차 - 정면충돌,안전거리미확보,건조,맑음,기타 - 기타,화물,남,34세,상해없음,승용,여,34세,경상
2016050800100140,2016년 5월 8일 10시,일요일,강원도 춘천시 신북읍,경상사고,0,0,1,0,차대차 - 측면직각충돌,안전운전불이행,건조,맑음,단일로 - 기타,자전거,남,78세,경상,승용,여,58세,상해없음
2016050800100141,2016년 5월 8일 10시,일요일,강원도 원주시 흥업면,경상사고,0,0,1,0,차대차 - 추돌,안전운전불이행,건조,맑음,교차로 - 교차로부근,승용,여,43세,상해없음,승용,남,53세,경상
2016050800100142,2016년 5월 8일 10시,일요일,강원도 횡성군 둔내면,경상사고,0,0,14,0,차대차 - 추돌,안전거리미확보,건조,맑음,단일로 - 기타,승용,남,41세,경상,승용,남,37세,경상
2016050800100169,2016년 5월 8일 11시,일요일,강원도 원주시 일산동,경상사고,0,0,1,0,차대사람 - 길가장자리구역통행중,안전운전불이행,건조,맑음,기타 - 기타,승용,남,56세,상해없음,보행자,남,36세,경상
2016050800100170,2016년 5월 8일 11시,일요일,강원도 속초시 설악동,경상사고,0,0,1,0,차대사람 - 횡단중,안전운전불이행,건조,맑음,단일로 - 기타,승용,남,43세,상해없음,보행자,여,57세,경상
2016050800100171,2016년 5월 8일 11시,일요일,강원도 속초시 교동,중상사고,0,1,0,0,차대사람 - 횡단중,안전운전불이행,건조,맑음,단일로 - 기타,승용,남,62세,상해없음,보행자,남,45세,중상
2016050800100193,2016년 5월 8일 12시,일요일,강원도 춘천시 석사동,경상사고,0,0,5,0,차대차 - 정면충돌,안전운전불이행,건조,맑음,교차로 - 교차로안,승합,남,34세,상해없음,승용,남,45세,경상
2016050800100194,2016년 5월 8일 12시,일요일,강원도 원주시 단구동,경상사고,0,0,1,0,차대차 - 정면충돌,중앙선침범,건조,맑음,단일로 - 기타,이륜,남,46세,상해없음,승용,여,34세,경상
2016050800100238,2016년 5월 8일 13시,일요일,강원도 강릉시 견소동,경상사고,0,0,1,0,차대차 - 측면충돌,안전운전불이행,건조,맑음,단일로 - 기타,승용,남,22세,상해없음,자전거,남,73세,경상
2016050800100239,2016년 5월 8일 13시,일요일,강원도 화천군 사내면,중상사고,0,1,0,0,차대차 - 기타,안전운전불이행,건조,맑음,단일로 - 기타,이륜,남,29세,중상,이륜,여,37세,상해없음
2016050800100281,2016년 5월 8일 14시,일요일,강원도 강릉시 왕산면,중상사고,0,1,3,0,차대차 - 정면충돌,중앙선침범,건조,맑음,단일로 - 기타,승용,남,29세,상해없음,승용,남,74세,중상
2016050800100282,2016년 5월 8일 14시,일요일,강원도 강릉시 옥계면,경상사고,0,0,1,0,차대차 - 측면충돌,안전운전불이행,건조,맑음,단일로 - 기타,승용,남,42세,상해없음,원동기,여,46세,경상
2016050800100283,2016년 5월 8일 14시,일요일,강원도 홍천군 홍천읍,중상사고,0,1,0,0,차대사람 - 기타,안전운전불이행,건조,맑음,단일로 - 기타,승용,남,78세,상해없음,보행자,여,78세,중상
2016050800100319,2016년 5월 8일 15시,일요일,강원도 원주시 행구동,중상사고,0,2,2,0,차대차 - 정면충돌,안전거리미확보,건조,맑음,단일로 - 기타,승용,여,37세,상해없음,승용,남,30세,중상
2016050800100320,2016년 5월 8일 15시,일요일,강원도 원주시 학성동,경상사고,0,0,1,0,차대사람 - 기타,안전운전불이행,건조,맑음,단일로 - 기타,승용,여,55세,상해없음,보행자,남,6세,경상
2016050800100354,2016년 5월 8일 16시,일요일,강원도 춘천시 동내면,중상사고,0,1,2,1,차대차 - 측면직각충돌,신호위반,건조,맑음,교차로 - 교차로안,승용,여,39세,상해없음,승용,남,52세,경상
2016050800100355,2016년 5월 8일 16시,일요일,강원도 원주시 문막읍,경상사고,0,0,1,0,차량단독 - 전도전복,안전운전불이행,습기,흐림,교차로 - 교차로안,이륜,남,79세,경상,,,,
2016050800100356,2016년 5월 8일 16시,일요일,강원도 동해시 천곡동,경상사고,0,0,1,0,차대차 - 측면직각충돌,안전운전불이행,건조,맑음,단일로 - 기타,승용,남,54세,상해없음,원동기,남,17세,경상
2016050800100394,2016년 5월 8일 17시,일요일,강원도 원주시 단계동,경상사고,0,0,2,0,차대차 - 정면충돌,안전운전불이행,건조,맑음,단일로 - 기타,승용,남,66세,상해없음,승용,남,33세,경상
2016050800100395,2016년 5월 8일 17시,일요일,강원도 삼척시 원덕읍임원출장,중상사고,0,1,0,0,차대차 - 정면충돌,교차로운행방법위반,건조,맑음,교차로 - 교차로안,승용,남,50세,상해없음,승용,남,47세,중상
2016050800100446,2016년 5월 8일 19시,일요일,강원도 원주시 명륜동,중상사고,0,2,1,0,차대차 - 추돌,안전거리미확보,건조,맑음,단일로 - 기타,승용,남,50세,상해없음,승용,남,59세,경상
2016050800100447,2016년 5월 8일 19시,일요일,강원도 속초시 교동,중상사고,0,1,0,0,차대차 - 측면충돌,신호위반,건조,맑음,교차로 - 교차로부근,승용,남,61세,상해없음,이륜,남,16세,중상
2016050800100448,2016년 5월 8일 19시,일요일,강원도 홍천군 남면,중상사고,0,1,0,0,차대차 - 추돌,안전운전불이행,건조,맑음,단일로 - 기타,승용,남,30세,상해없음,농기계,남,52세,중상
2016050800100479,2016년 5월 8일 20시,일요일,강원도 강릉시 사천면,중상사고,0,1,0,0,차대차 - 추돌,안전운전불이행,건조,맑음,단일로 - 기타,승용,여,32세,상해없음,승용,여,34세,상해없음
2016050800100539,2016년 5월 8일 22시,일요일,강원도 원주시 단계동,중상사고,0,1,0,0,차대차 - 정면충돌,차로위반,건조,맑음,기타 - 기타,승용,남,40세,상해없음,승합,남,44세,상해없음
2016050900100025,2016년 5월 9일 03시,월요일,강원도 춘천시 석사동,경상사고,0,0,2,0,차대차 - 측면직각충돌,안전운전불이행,건조,맑음,교차로 - 교차로안,승용,여,52세,상해없음,승용,여,53세,경상
2016050900100040,2016년 5월 9일 06시,월요일,강원도 춘천시 동면,경상사고,0,0,1,0,차대차 - 측면직각충돌,교차로운행방법위반,건조,맑음,교차로 - 교차로안,승용,남,67세,기타불명,승용,남,54세,경상
2016050900100041,2016년 5월 9일 06시,월요일,강원도 강릉시 옥천동,경상사고,0,0,1,0,차대차 - 정면충돌,신호위반,건조,맑음,교차로 - 교차로안,승용,남,52세,상해없음,승용,여,48세,경상
2016050900100083,2016년 5월 9일 08시,월요일,강원도 인제군 남면,경상사고,0,0,2,0,차대차 - 추돌,안전운전불이행,건조,맑음,교차로 - 교차로부근,건설기계,남,56세,상해없음,승용,남,65세,경상
2016050900100116,2016년 5월 9일 09시,월요일,강원도 원주시 단계동,경상사고,0,0,2,0,차대차 - 정면충돌,안전운전불이행,건조,맑음,단일로 - 기타,화물,남,59세,상해없음,승용,남,50세,경상