사고번호,사고일시,요일,시군구,사고내용,사망자수,중상자수,경상자수,부상신고자수,사고유형,법규위반,노면상태,기상상태,도로형태,가해운전자 차종,가해운전자 성별,가해운전자 연령,가해운전자 상해정도,피해운전자 차종,피해운전자 성별,피해운전자 연령,피해운전자 상해정도
2016051300100373,2016년 5월 13일 15시,금요일,강원도 속초시 교동,경상사고,0,0,1,0,차대차 - 측면충돌,안전운전불이행,건조,맑음,교차로 - 교차로안,승용,여,33세,상해없음,자전거,남,12세,경상
2016051300100410,2016년 5월 13일 16시,금요일,강원도 강릉시 옥계면,경상사고,0,0,1,0,차대차 - 측면충돌,안전운전불이행,건조,맑음,단일로 - 기타,승용,여,47세,상해없음,승용,여,40세,경상
2016051300100456,2016년 5월 13일 17시,금요일,강원도 춘천시 효자동,경상사고,0,0,1,0,차대차 - 기타,안전운전불이행,건조,맑음,교차로 - 교차로부근,승합,남,59세,상해없음,승용,여,43세,경상
2016051300100457,2016년 5월 13일 17시,금요일,강원도 강릉시 죽헌동,중상사고,0,1,0,0,차대차 - 측면충돌,안전운전불이행,건조,맑음,교차로 - 교차로안,이륜,남,60세,중상,화물,남,55세,상해없음
2016051300100504,2016년 5월 13일 18시,금요일,강원도 원주시 개운동,중상사고,0,1,0,0,차대사람 - 횡단중,안전운전불이행,건조,맑음,교차로 - 교차로부근,이륜,남,20세,상해없음,보행자,여,15세,중상
2016051300100540,2016년 5월 13일 19시,금요일,강원도 원주시 태장동,중상사고,0,1,0,0,차대차 - 정면충돌,신호위반,건조,맑음,교차로 - 교차로안,승용,남,58세,상해없음,화물,남,46세,중상
2016051300100541,2016년 5월 13일 19시,금요일,강원도 원주시 개운동,경상사고,0,0,1,0,차대차 - 정면충돌,안전운전불이행,건조,맑음,기타 - 기타,승용,여,33세,상해없음,승용,여,36세,경상
2016051300100609,2016년 5월 13일 21시,금요일,강원도 춘천시 동내면,중상사고,0,1,3,0,차대차 - 정면충돌,안전운전불이행,건조,맑음,교차로 - 교차로안,승용,남,25세,상해없음,승용,여,29세,중상
2016051400100009,2016년 5월 14일 00시,토요일,강원도 강릉시 성남동,중상사고,0,1,0,0,차대사람 - 횡단중,안전운전불이행,건조,맑음,교차로 - 교차로부근,승용,여,53세,상해없음,보행자,남,59세,중상
2016051400100129,2016년 5월 14일 07시,토요일,강원도 춘천시 후평동,중상사고,0,1,1,1,차대차 - 측면직각충돌,교차로운행방법위반,건조,맑음,교차로 - 교차로안,승용,남,49세,부상신고,승합,남,50세,경상
2016051400100130,2016년 5월 14일 07시,토요일,강원도 동해시 천곡동,경상사고,0,0,1,0,차대차 - 측면직각충돌,신호위반,건조,맑음,교차로 - 교차로안,승용,남,26세,상해없음,승용,남,67세,경상
2016051400100154,2016년 5월 14일 08시,토요일,강원도 삼척시 도경동,경상사고,0,0,1,0,차대차 - 추돌,안전운전불이행,건조,맑음,교차로 - 교차로부근,승용,남,56세,상해없음,승용,여,57세,경상
2016051400100250,2016년 5월 14일 11시,토요일,강원도 강릉시 강동면,경상사고,0,0,1,0,차대사람 - 기타,안전운전불이행,건조,맑음,단일로 - 기타,승용,남,67세,상해없음,보행자,남,74세,경상
2016051400100251,2016년 5월 14일 11시,토요일,강원도 홍천군 동면,경상사고,0,0,1,0,차대차 - 측면충돌,교차로운행방법위반,건조,맑음,교차로 - 교차로안,승용,남,68세,상해없음,자전거,남,60세,경상
2016051400100252,2016년 5월 14일 11시,토요일,강원도 홍천군 홍천읍,경상사고,0,0,2,0,차대차 - 추돌,안전운전불이행,건조,맑음,교차로 - 교차로부근,화물,남,56세,상해없음,승용,여,36세,경상
2016051400100284,2016년 5월 14일 12시,토요일,강원도 원주시 소초면,경상사고,0,0,4,0,차대차 - 추돌,안전거리미확보,건조,맑음,단일로 - 기타,화물,남,54세,상해없음,승용,남,55세,경상
2016051400100318,2016년 5월 14일 13시,토요일,강원도 강릉시 견소동,경상사고,0,0,1,0,차대차 - 측면충돌,안전운전불이행,건조,맑음,교차로 - 교차로안,승용,남,56세,상해없음,화물,남,46세,경상
2016051400100319,2016년 5월 14일 13시,토요일,강원도 원주시 지정면,중상사고,0,1,7,0,차대차 - 정면충돌,불법유턴,건조,맑음,단일로 - 기타,승용,여,55세,상해없음,승용,남,35세,경상
2016051400100320,2016년 5월 14일 13시,토요일,강원도 영월군 수주면,사망사고,1,1,0,0,차량단독 - 전도전복,안전운전불이행,건조,맑음,기타 - 기타,승용,여,64세,사망,,,,
2016051400100321,2016년 5월 14일 13시,토요일,강원도 태백시 화전동,경상사고,0,0,2,0,차대차 - 추돌,안전운전불이행,건조,맑음,교차로 - 교차로안,승용,남,71세,상해없음,승용,여,27세,경상
2016051400100322,2016년 5월 14일 13시,토요일,강원도 정선군 임계면,경상사고,0,0,1,0,차대차 - 측면충돌,안전운전불이행,건조,맑음,단일로 - 기타,승용,여,45세,상해없음,원동기,남,77세,경상
2016051400100323,2016년 5월 14일 13시,토요일,강원도 양구군 양구읍,중상사고,0,1,0,0,차대차 - 기타,직진우회전진행방해,건조,맑음,교차로 - 교차로안,승용,남,62세,상해없음,이륜,남,58세,중상
2016051400100324,2016년 5월 14일 13시,토요일,강원도 원주시 소초면,중상사고,0,1,10,1,차대차 - 추돌,안전거리미확보,건조,맑음,단일로 - 기타,화물,남,64세,상해없음,승용,남,51세,중상
2016051400100359,2016년 5월 14일 14시,토요일,강원도 춘천시 퇴계동,경상사고,0,0,1,0,차대사람 - 기타,안전운전불이행,건조,맑음,단일로 - 기타,승용,남,54세,상해없음,보행자,여,46세,경상
2016051400100360,2016년 5월 14일 14시,토요일,강원도 강릉시 연곡면,중상사고,0,2,3,0,차대차 - 정면충돌,중앙선침범,건조,맑음,단일로 - 기타,승용,남,61세,상해없음,승용,남,39세,중상
2016051400100361,2016년 5월 14일 14시,토요일,강원도 원주시 행구동,경상사고,0,0,1,0,차대차 - 추돌,안전운전불이행,건조,맑음,단일로 - 기타,승용,여,41세,상해없음,승용,남,37세,경상
2016051400100362,2016년 5월 14일 14시,토요일,강원도 삼척시 정상동,경상사고,0,0,1,0,차대차 - 추돌,안전운전불이행,건조,맑음,교차로 - 교차로부근,화물,남,55세,상해없음,승용,남,60세,상해없음
2016051400100405,2016년 5월 14일 15시,토요일,강원도 춘천시 퇴계동,경상사고,0,0,1,0,차대차 - 측면직각충돌,직진우회전진행방해,건조,맑음,교차로 - 교차로안,이륜,남,17세,상해없음,승용,여,57세,경상
2016051400100442,2016년 5월 14일 16시,토요일,강원도 삼척시 도계읍,중상사고,0,1,5,0,차대차 - 측면충돌,중앙선침범,건조,맑음,단일로 - 기타,승용,남,29세,경상,승용,남,41세,경상
2016051400100443,2016년 5월 14일 16시,토요일,강원도 인제군 기린면,경상사고,0,0,1,0,차대차 - 기타,중앙선침범,건조,맑음,단일로 - 기타,승용,남,59세,상해없음,승용,여,51세,경상
2016051400100470,2016년 5월 14일 17시,토요일,강원도 원주시 소초면,경상사고,0,0,3,0,차대차 - 추돌,안전거리미확보,건조,맑음,단일로 - 기타,화물,남,35세,상해없음,승용,남,49세,경상
2016051400100471,2016년 5월 14일 17시,토요일,강원도 양양군 강현면,경상사고,0,0,2,0,차대차 - 추돌,안전운전불이행,건조,맑음,단일로 - 기타,승용,남,56세,상해없음,승합,남,31세,상해없음
2016051400100472,2016년 5월 14일 17시,토요일,강원도 속초시 동명동,경상사고,0,0,4,0,차대차 - 추돌,안전운전불이행,건조,맑음,단일로 - 기타,승용,남,44세,상해없음,승용,남,49세,경상
2016051400100473,2016년 5월 14일 17시,토요일,강원도 홍천군 홍천읍,중상사고,0,1,0,0,차대사람 - 횡단중,신호위반,건조,맑음,단일로 - 기타,이륜,남,17세,상해없음,보행자,남,3세,중상
2016051400100474,2016년 5월 14일 17시,토요일,강원도 평창군 봉평면,경상사고,0,0,1,0,차대차 - 추돌,안전거리미확보,건조,맑음,단일로 - 기타,승용,여,38세,상해없음,승용,남,38세,상해없음
2016051400100510,2016년 5월 14일 18시,토요일,강원도 춘천시 퇴계동,경상사고,0,0,1,0,차대차 - 측면직각충돌,신호위반,건조,맑음,교차로 - 교차로부근,승용,남,27세,상해없음,자전거,남,6세,경상
2016051400100511,2016년 5월 14일 18시,토요일,강원도 고성군 토성면,경상사고,0,0,1,0,차대차 - 기타,차로위반,건조,맑음,기타 - 기타,승용,남,48세,상해없음,승합,남,68세,경상
2016051400100631,2016년 5월 14일 22시,토요일,강원도 평창군 진부면,경상사고,0,0,2,0,차대차 - 측면직각충돌,안전운전불이행,건조,맑음,교차로 - 교차로안,승용,남,30세,경상,승용,남,70세,경상
2016051400100657,2016년 5월 14일 23시,토요일,강원도 태백시 황지동,경상사고,0,0,1,2,차대차 - 측면충돌,교차로운행방법위반,건조,맑음,교차로 - 교차로안,승용,남,59세,상해없음,승용,남,53세,부상신고
2016051500100009,2016년 5월 15일 00시,일요일,강원도 삼척시 원덕읍,경상사고,0,0,1,0,차대차 - 정면충돌,중앙선침범,건조,맑음,단일로 - 기타,이륜,남,58세,경상,화물,남,41세,상해없음
2016051500100068,2016년 5월 15일 05시,일요일,강원도 춘천시 후평동,중상사고,0,1,0,0,차량단독 - 전도전복,안전운전불이행,건조,맑음,교차로 - 교차로안,승용,남,24세,상해없음,,,,
2016051500100123,2016년 5월 15일 10시,일요일,강원도 인제군 인제읍,경상사고,0,0,1,0,차대사람 - 기타,안전운전불이행,건조,맑음,단일로 - 기타,승용,남,75세,상해없음,보행자,남,3세,경상
2016051500100124,2016년 5월 15일 10시,일요일,강원도 고성군 토성면,중상사고,0,3,0,0,차대차 - 정면충돌,안전운전불이행,건조,맑음,교차로 - 교차로안,승용,여,24세,상해없음,승용,남,48세,중상
2016051500100149,2016년 5월 15일 11시,일요일,강원도 춘천시 온의동,경상사고,0,0,1,0,차대차 - 정면충돌,교차로운행방법위반,건조,맑음,교차로 - 교차로안,승용,여,42세,상해없음,이륜,남,41세,경상
2016051500100150,2016년 5월 15일 11시,일요일,강원도 강릉시 사천면,경상사고,0,0,2,0,차대차 - 추돌,안전운전불이행,건조,맑음,단일로 - 기타,승용,여,38세,경상,승용,남,37세,경상
2016051500100165,2016년 5월 15일 12시,일요일,강원도 횡성군 둔내면,경상사고,0,0,3,0,차대차 - 측면직각충돌,안전운전불이행,건조,맑음,단일로 - 기타,승용,남,65세,상해없음,승용,남,31세,경상
2016051500100189,2016년 5월 15일 13시,일요일,강원도 춘천시 남산면,경상사고,0,0,6,0,차대차 - 추돌,안전거리미확보,건조,맑음,단일로 - 기타,화물,여,23세,상해없음,승용,여,48세,경상
2016051500100225,2016년 5월 15일 14시,일요일,강원도 강릉시 강문동,경상사고,0,0,1,0,차대사람 - 기타,안전운전불이행,건조,맑음,단일로 - 기타,승용,남,45세,상해없음,보행자,남,8세,경상
2016051500100226,2016년 5월 15일 14시,일요일,강원도 원주시 개운동,경상사고,0,0,1,0,차대차 - 측면충돌,안전운전불이행,건조,맑음,단일로 - 기타,승용,남,52세,상해없음,자전거,남,14세,경상
2016051500100227,2016년 5월 15일 14시,일요일,강원도 속초시 조양동,경상사고,0,0,1,0,차대차 - 측면충돌,안전운전불이행,건조,맑음,단일로 - 기타,승용,남,51세,상해없음,승용,여,38세,상해없음
2016051500100228,2016년 5월 15일 14시,일요일,강원도 삼척시 남양동,경상사고,0,0,3,0,차대차 - 측면충돌,안전운전불이행,건조,맑음,교차로 - 교차로부근,승용,여,64세,경상,승용,남,53세,상해없음
2016051500100298,2016년 5월 15일 16시,일요일,강원도 강릉시 내곡동,경상사고,0,0,1,0,차대차 - 측면충돌,안전운전불이행,건조,맑음,교차로 - 교차로안,승용,남,41세,상해없음,승용,여,38세,경상
2016051500100332,2016년 5월 15일 17시,일요일,강원도 강릉시 주문진읍,경상사고,0,0,1,0,차대차 - 정면충돌,중앙선침범,건조,맑음,단일로 - 기타,승용,남,47세,상해없음,승용,남,58세,경상
2016051500100333,2016년 5월 15일 17시,일요일,강원도 원주시 흥업면,경상사고,0,0,4,0,차대차 - 정면충돌,안전거리미확보,습기,비,교차로 - 교차로부근,화물,남,38세,상해없음,승용,남,40세,경상
2016051500100334,2016년 5월 15일 17시,일요일,강원도 원주시 소초면,부상신고사고,0,0,0,1,차대차 - 추돌,안전운전불이행,습기,비,교차로 - 교차로부근,기타불명,기타불명,기타불명,기타불명,이륜,남,24세,부상신고
2016051500100335,2016년 5월 15일 17시,일요일,강원도 평창군 용평면,경상사고,0,0,4,0,차대차 - 측면충돌,중앙선침범,습기,비,단일로 - 기타,승용,남,43세,상해없음,승합,여,34세,경상
2016051500100363,2016년 5월 15일 18시,일요일,강원도 원주시 봉산동,경상사고,0,0,1,0,차대차 - 측면직각충돌,안전운전불이행,습기,비,교차로 - 교차로안,승용,남,23세,상해없음,승용,남,45세,경상
2016051500100364,2016년 5월 15일 18시,일요일,강원도 원주시 개운동,경상사고,0,0,1,0,차대사람 - 기타,기타,습기,비,단일로 - 기타,승합,남,59세,상해없음,보행자,여,56세,경상
2016051500100402,2016년 5월 15일 19시,일요일,강원도 강릉시 입암동,경상사고,0,0,1,0,차대차 - 측면충돌,신호위반,건조,맑음,교차로 - 교차로안,승용,남,76세,상해없음,이륜,남,34세,경상
2016051500100435,2016년 5월 15일 20시,일요일,강원도 원주시 우산동,경상사고,0,0,1,0,차대사람 - 횡단중,안전운전불이행,습기,비,교차로 - 교차로부근,승용,여,23세,상해없음,보행자,남,42세,경상
2016051500100436,2016년 5월 15일 20시,일요일,강원도 속초시 동명동,부상신고사고,0,0,0,1,차대사람 - 횡단중,안전운전불이행,습기,비,교차로 - 교차로안,승용,남,61세,상해없음,보행자,남,83세,부상신고
2016051500100519,2016년 5월 15일 22시,일요일,강원도 춘천시 옥천동,중상사고,0,1,0,0,차대사람 - 횡단중,안전운전불이행,습기,비,교차로 - 교차로안,승용,여,54세,상해없음,보행자,여,60세,중상
2016051500100520,2016년 5월 15일 22시,일요일,강원도 강릉시 연곡면,경상사고,0,0,1,0,차대사람 - 횡단중,안전운전불이행,건조,맑음,단일로 - 기타,승용,남,41세,상해없음,보행자,남,64세,경상
2016051500100521,2016년 5월 15일 22시,일요일,강원도 동해시 나안동,경상사고,0,0,1,0,차대차 - 측면충돌,신호위반,건조,맑음,교차로 - 교차로안,승용,남,58세,상해없음,승용,남,35세,경상
2016051500100522,2016년 5월 15일 22시,일요일,강원도 춘천시 조양동,경상사고,0,0,4,0,차대차 - 추돌,안전거리미확보,습기,비,단일로 - 기타,승용,남,27세,경상,승용,남,53세,상해없음
2016051500100555,2016년 5월 15일 23시,일요일,강원도 춘천시 온의동,경상사고,0,0,2,0,차대차 - 측면직각충돌,안전운전불이행,습기,비,단일로 - 기타,승합,남,44세,상해없음,승용,여,64세,경상
2016051600100083,2016년 5월 16일 07시,월요일,강원도 춘천시 칠전동,경상사고,0,0,1,0,차대차 - 추돌,안전운전불이행,건조,맑음,교차로 - 교차로부근,승용,남,59세,상해없음,승용,남,27세,경상
2016051600100190,2016년 5월 16일 10시,월요일,강원도 영월군 중동면,중상사고,0,1,0,0,차대차 - 추돌,안전운전불이행,건조,맑음,단일로 - 기타,승합,남,79세,상해없음,원동기,남,32세,중상
2016051600100227,2016년 5월 16일 11시,월요일,강원도 춘천시 소양로1가,경상사고,0,0,5,0,차대차 - 추돌,안전운전불이행,건조,맑음,단일로 - 기타,승용,남,48세,경상,승용,남,70세,경상
2016051600100373,2016년 5월 16일 15시,월요일,강원도 춘천시 신북읍,경상사고,0,0,3,0,차대차 - 측면직각충돌,교차로운행방법위반,건조,맑음,교차로 - 교차로안,승용,남,59세,상해없음,승용,여,33세,경상
2016051600100374,2016년 5월 16일 15시,월요일,강원도 원주시 개운동,중상사고,0,1,0,0,차대차 - 기타,안전운전불이행,건조,맑음,단일로 - 기타,승용,남,42세,상해없음,자전거,여,66세,중상
2016051600100375,2016년 5월 16일 15시,월요일,강원도 원주시 개운동,경상사고,0,0,2,0,차대차 - 측면충돌,교차로운행방법위반,건조,맑음,교차로 - 교차로안,승용,남,20세,상해없음,승용,여,57세,경상
2016051600100418,2016년 5월 16일 16시,월요일,강원도 횡성군 횡성읍,중상사고,0,1,0,0,차대사람 - 길가장자리구역통행중,보행자보호의무위반,건조,맑음,기타 - 기타,승용,여,64세,상해없음,보행자,여,59세,중상
2016051600100419,2016년 5월 16일 16시,월요일,강원도 동해시 쇄운동,경상사고,0,0,1,0,차대차 - 측면직각충돌,안전운전불이행,건조,맑음,교차로 - 교차로부근,건설기계,남,52세,상해없음,승용,여,35세,경상
2016051600100460,2016년 5월 16일 17시,월요일,강원도 속초시 대포동,경상사고,0,0,1,0,차대차 - 추돌,안전운전불이행,건조,맑음,교차로 - 교차로부근,화물,남,58세,상해없음,화물,남,48세,경상
2016051600100521,2016년 5월 16일 18시,월요일,강원도 춘천시 퇴계동,경상사고,0,0,3,0,차대차 - 추돌,안전운전불이행,건조,맑음,교차로 - 교차로부근,승용,남,50세,상해없음,승용,남,55세,경상
2016051600100522,2016년 5월 16일 18시,월요일,강원도 동해시 나안동,경상사고,0,0,1,0,차대차 - 추돌,안전운전불이행,건조,맑음,교차로 - 교차로부근,승용,남,62세,상해없음,승용,남,54세,경상
2016051600100552,2016년 5월 16일 19시,월요일,강원도 춘천시 효자동,경상사고,0,0,1,0,차대차 - 정면충돌,안전운전불이행,건조,맑음,교차로 - 교차로부근,승합,남,58세,기타불명,승용,여,45세,경상
2016051600100590,2016년 5월 16일 20시,월요일,강원도 원주시 단계동,경상사고,0,0,1,0,차대차 - 정면충돌,안전운전불이행,건조,맑음,단일로 - 기타,승용,남,60세,상해없음,승용,남,35세,상해없음
2016051600100591,2016년 5월 16일 20시,월요일,강원도 홍천군 북방면,경상사고,0,0,1,0,차대차 - 추돌,안전운전불이행,건조,맑음,교차로 - 교차로안,승용,여,60세,상해없음,승용,남,26세,경상
2016051600100661,2016년 5월 16일 22시,월요일,강원도 태백시 황지동,경상사고,0,0,1,0,차대차 - 측면충돌,교차로운행방법위반,건조,흐림,교차로 - 교차로안,승용,남,54세,상해없음,승용,남,32세,상해없음
2016051600100662,2016년 5월 16일 22시,월요일,강원도 태백시 화전동,중상사고,0,1,1,0,차대차 - 기타,안전운전불이행,건조,맑음,단일로 - 교량,승용,남,51세,중상,승용,남,45세,경상
2016051700100015,2016년 5월 17일 00시,화요일,강원도 강릉시 교동,경상사고,0,0,2,0,차대차 - 측면직각충돌,신호위반,건조,맑음,교차로 - 교차로안,승용,남,60세,상해없음,승용,남,37세,경상
2016051700100064,2016년 5월 17일 06시,화요일,강원도 삼척시 성북동,경상사고,0,0,1,0,차대차 - 측면충돌,안전운전불이행,건조,맑음,교차로 - 교차로안,승용,남,62세,상해없음,승용,여,59세,경상
2016051700100083,2016년 5월 17일 07시,화요일,강원도 춘천시 동면,중상사고,0,1,0,0,차대사람 - 차도통행중,안전운전불이행,건조,맑음,교차로 - 교차로안,건설기계,남,42세,상해없음,보행자,여,80세,중상
2016051700100118,2016년 5월 17일 08시,화요일,강원도 강릉시 입암동,경상사고,0,0,1,1,차대차 - 측면직각충돌,신호위반,건조,맑음,교차로 - 교차로안,화물,남,61세,상해없음,승용,여,44세,경상
2016051700100162,2016년 5월 17일 09시,화요일,강원도 삼척시 도계읍,중상사고,0,1,0,0,차대차 - 추돌,안전운전불이행,건조,맑음,단일로 - 기타,승용,남,27세,상해없음,승합,남,38세,중상
2016051700100163,2016년 5월 17일 09시,화요일,강원도 동해시 이도동,경상사고,0,0,5,0,차대차 - 정면충돌,중앙선침범,건조,맑음,미분류 - 미분류,승용,남,53세,상해없음,승합,남,50세,경상
2016051700100260,2016년 5월 17일 12시,화요일,강원도 삼척시 읍상동,경상사고,0,0,1,0,차대사람 - 기타,안전운전불이행,건조,맑음,단일로 - 기타,승용,여,60세,상해없음,보행자,여,66세,경상
2016051700100292,2016년 5월 17일 13시,화요일,강원도 원주시 단구동,중상사고,0,1,0,0,차대사람 - 횡단중,안전운전불이행,건조,맑음,교차로 - 교차로안,승용,여,36세,상해없음,보행자,여,66세,중상
2016051700100293,2016년 5월 17일 13시,화요일,강원도 원주시 평원동,경상사고,0,0,2,0,차대차 - 정면충돌,차로위반,건조,맑음,교차로 - 교차로부근,승용,남,73세,상해없음,승용,남,18세,경상
2016051700100327,2016년 5월 17일 14시,화요일,강원도 원주시 단구동,경상사고,0,0,1,0,차대차 - 측면충돌,신호위반,건조,맑음,교차로 - 교차로안,승용,여,39세,상해없음,승용,남,51세,경상
2016051700100328,2016년 5월 17일 14시,화요일,강원도 속초시 교동,경상사고,0,0,1,0,차대사람 - 기타,안전운전불이행,건조,맑음,단일로 - 기타,승용,여,45세,상해없음,보행자,남,10세,경상
2016051700100413,2016년 5월 17일 16시,화요일,강원도 춘천시 중앙로3가,경상사고,0,0,2,0,차대차 - 측면직각충돌,안전운전불이행,건조,맑음,교차로 - 교차로안,이륜,남,42세,경상,승용,남,63세,경상
2016051700100459,2016년 5월 17일 17시,화요일,강원도 원주시 행구동,경상사고,0,0,1,0,차대사람 - 횡단중,안전운전불이행,건조,맑음,단일로 - 기타,승용,여,48세,상해없음,보행자,남,15세,경상
2016051700100460,2016년 5월 17일 17시,화요일,강원도 정선군 사북읍,경상사고,0,0,1,0,차대사람 - 횡단중,안전운전불이행,건조,맑음,단일로 - 기타,화물,남,49세,상해없음,보행자,남,55세,경상
2016051700100503,2016년 5월 17일 18시,화요일,강원도 원주시 반곡동,경상사고,0,0,1,0,차대차 - 측면충돌,안전운전불이행,건조,맑음,교차로 - 교차로부근,승용,여,43세,기타불명,승용,남,26세,경상
2016051700100590,2016년 5월 17일 21시,화요일,강원도 원주시 흥업면,경상사고,0,0,1,0,차대차 - 정면충돌,안전거리미확보,건조,맑음,교차로 - 교차로부근,승용,남,42세,상해없음,승용,여,51세,경상
2016051700100621,2016년 5월 17일 22시,화요일,강원도 춘천시 송암동,경상사고,0,0,1,0,차대차 - 측면직각충돌,교차로운행방법위반,건조,맑음,교차로 - 교차로안,승용,남,46세,상해없음,자전거,남,37세,경상
2016051700100622,2016년 5월 17일 22시,화요일,강원도 원주시 단구동,중상사고,0,1,1,0,차대차 - 측면충돌,중앙선침범,건조,맑음,단일로 - 기타,승용,남,61세,상해없음,이륜,남,30세,중상
2016051700100623,2016년 5월 17일 22시,화요일,강원도 원주시 일산동,중상사고,0,1,0,0,차대차 - 정면충돌,안전운전불이행,건조,맑음,단일로 - 기타,승용,남,49세,상해없음,승용,남,30세,중상
2016051700100644,2016년 5월 17일 23시,화요일,강원도 동해시 동회동,중상사고,0,1,0,0,차대사람 - 횡단중,보행자보호의무위반,건조,맑음,교차로 - 교차로안,승용,남,44세,상해없음,보행자,남,18세,중상
2016051800100010,2016년 5월 18일 00시,수요일,강원도 원주시 단계동,경상사고,0,0,2,0,차대차 - 측면충돌,직진우회전진행방해,건조,맑음,교차로 - 교차로안,승용,남,43세,상해없음,승용,남,55세,경상
2016051800100089,2016년 5월 18일 07시,수요일,강원도 강릉시 옥천동,경상사고,0,0,1,0,차대차 - 측면충돌,신호위반,건조,맑음,교차로 - 교차로안,승용,여,44세,상해없음,승용,여,57세,경상
2016051800100090,2016년 5월 18일 07시,수요일,강원도 평창군 평창읍,경상사고,0,0,1,0,차대차 - 측면직각충돌,안전운전불이행,건조,맑음,교차로 - 교차로안,승용,남,77세,상해없음,이륜,남,72세,경상
2016051800100128,2016년 5월 18일 08시,수요일,강원도 원주시 반곡동,경상사고,0,0,1,0,차대차 - 추돌,안전거리미확보,건조,맑음,교차로 - 교차로부근,승용,여,64세,상해없음,승용,여,49세,경상
2016051800100129,2016년 5월 18일 08시,수요일,강원도 홍천군 홍천읍,중상사고,0,1,0,0,차대차 - 측면직각충돌,안전운전불이행,건조,맑음,단일로 - 기타,승용,여,52세,상해없음,자전거,남,83세,중상
2016051800100130,2016년 5월 18일 08시,수요일,강원도 정선군 정선읍,경상사고,0,0,2,0,차대차 - 정면충돌,안전거리미확보,건조,맑음,단일로 - 기타,승용,남,68세,상해없음,승용,남,56세,경상
2016051800100174,2016년 5월 18일 09시,수요일,강원도 원주시 무실동,경상사고,0,0,1,0,차대차 - 측면충돌,안전운전불이행,건조,맑음,단일로 - 기타,특수,남,43세,상해없음,자전거,남,24세,경상
2016051800100175,2016년 5월 18일 09시,수요일,강원도 동해시 발한동,경상사고,0,0,1,0,차대차 - 측면직각충돌,중앙선침범,건조,맑음,교차로 - 교차로안,승용,남,71세,상해없음,승용,남,78세,경상
2016051800100218,2016년 5월 18일 10시,수요일,강원도 춘천시 서면,경상사고,0,0,2,0,차대차 - 기타,차로위반,건조,맑음,단일로 - 기타,화물,여,55세,상해없음,승용,남,68세,경상
2016051800100248,2016년 5월 18일 11시,수요일,강원도 춘천시 삼천동,중상사고,0,1,0,1,차대차 - 추돌,안전거리미확보,건조,맑음,단일로 - 기타,승용,남,69세,상해없음,승용,여,41세,중상
2016051800100249,2016년 5월 18일 11시,수요일,강원도 삼척시 미로면,중상사고,0,1,1,0,차대차 - 측면직각충돌,안전운전불이행,건조,맑음,교차로 - 교차로안,건설기계,남,59세,경상,건설기계,남,57세,중상
2016051800100307,2016년 5월 18일 13시,수요일,강원도 원주시 관설동,부상신고사고,0,0,0,1,차대차 - 측면충돌,교차로운행방법위반,건조,맑음,교차로 - 교차로안,이륜,남,29세,부상신고,승용,여,41세,상해없음
2016051800100343,2016년 5월 18일 14시,수요일,강원도 춘천시 퇴계동,경상사고,0,0,1,0,차대차 - 측면직각충돌,안전거리미확보,건조,맑음,단일로 - 기타,승용,여,32세,상해없음,승용,남,37세,경상
2016051800100416,2016년 5월 18일 16시,수요일,강원도 강릉시 포남동,경상사고,0,0,1,0,차대차 - 추돌,안전운전불이행,건조,맑음,단일로 - 기타,승용,남,72세,상해없음,승용,남,26세,경상
2016051800100464,2016년 5월 18일 17시,수요일,강원도 삼척시 교동,중상사고,0,1,2,0,차대차 - 추돌,안전거리미확보,건조,맑음,단일로 - 기타,화물,남,36세,상해없음,승용,남,40세,중상
2016051800100465,2016년 5월 18일 17시,수요일,강원도 동해시 효가동,중상사고,0,2,1,0,차대차 - 측면직각충돌,안전운전불이행,건조,맑음,단일로 - 기타,건설기계,남,61세,상해없음,승용,남,47세,경상
2016051800100466,2016년 5월 18일 17시,수요일,강원도 동해시 천곡동,중상사고,0,1,0,0,차대차 - 측면직각충돌,신호위반,건조,맑음,교차로 - 교차로안,승용,남,63세,상해없음,승용,남,33세,중상
2016051800100509,2016년 5월 18일 18시,수요일,강원도 원주시 명륜동,중상사고,0,1,0,0,차대사람 - 횡단중,보행자보호의무위반,건조,맑음,단일로 - 기타,승용,여,42세,상해없음,보행자,여,57세,중상
2016051800100510,2016년 5월 18일 18시,수요일,강원도 평창군 평창읍,중상사고,0,1,0,0,차대차 - 추돌,안전운전불이행,건조,맑음,단일로 - 기타,승용,남,37세,상해없음,승용,여,45세,중상
2016051800100511,2016년 5월 18일 18시,수요일,강원도 원주시 태장동,경상사고,0,0,2,0,차대차 - 측면충돌,차로위반,건조,맑음,단일로 - 기타,승용,남,42세,경상,화물,남,36세,상해없음
2016051800100569,2016년 5월 18일 19시,수요일,강원도 동해시 나안동,중상사고,0,2,2,0,차대차 - 추돌,안전운전불이행,건조,맑음,교차로 - 교차로부근,승용,남,33세,상해없음,승용,남,48세,중상
2016051800100596,2016년 5월 18일 20시,수요일,강원도 강릉시 주문진읍,경상사고,0,0,1,0,차대차 - 추돌,안전운전불이행,건조,맑음,단일로 - 기타,화물,남,40세,상해없음,농기계,남,72세,경상
2016051800100632,2016년 5월 18일 21시,수요일,강원도 홍천군 서면,중상사고,0,1,0,0,차대차 - 추돌,안전운전불이행,건조,흐림,단일로 - 기타,승용,남,23세,상해없음,승용,여,62세,중상