사고번호,사고일시,요일,시군구,사고내용,사망자수,중상자수,경상자수,부상신고자수,사고유형,법규위반,노면상태,기상상태,도로형태,가해운전자 차종,가해운전자 성별,가해운전자 연령,가해운전자 상해정도,피해운전자 차종,피해운전자 성별,피해운전자 연령,피해운전자 상해정도
2016051800100660,2016년 5월 18일 22시,수요일,강원도 춘천시 퇴계동,경상사고,0,0,1,0,차대차 - 추돌,안전거리미확보,건조,맑음,교차로 - 교차로부근,승용,남,43세,상해없음,승용,여,51세,경상
2016051900100017,2016년 5월 19일 01시,목요일,강원도 원주시 단구동,경상사고,0,0,1,0,차대차 - 측면충돌,신호위반,건조,맑음,교차로 - 교차로안,승용,남,49세,상해없음,승용,남,33세,상해없음
2016051900100040,2016년 5월 19일 03시,목요일,강원도 원주시 학성동,경상사고,0,0,2,0,차대차 - 측면충돌,안전운전불이행,건조,맑음,단일로 - 기타,승용,남,33세,상해없음,승용,남,45세,경상
2016051900100041,2016년 5월 19일 03시,목요일,강원도 강릉시 사천면,사망사고,1,0,0,0,차량단독 - 공작물충돌,과속,건조,맑음,단일로 - 기타,승용,남,33세,사망,,,,
2016051900100055,2016년 5월 19일 05시,목요일,강원도 춘천시 남산면,경상사고,0,0,1,0,차대차 - 측면직각충돌,안전운전불이행,건조,맑음,교차로 - 교차로안,화물,남,59세,상해없음,승용,남,45세,경상
2016051900100066,2016년 5월 19일 06시,목요일,강원도 원주시 흥업면,중상사고,0,1,2,0,차대차 - 측면충돌,직진우회전진행방해,건조,맑음,교차로 - 교차로안,승용,남,63세,상해없음,승합,남,58세,상해없음
2016051900100119,2016년 5월 19일 08시,목요일,강원도 원주시 관설동,경상사고,0,0,1,0,차대차 - 측면충돌,안전운전불이행,건조,맑음,단일로 - 기타,승용,남,48세,상해없음,자전거,남,16세,경상
2016051900100120,2016년 5월 19일 08시,목요일,강원도 평창군 평창읍,경상사고,0,0,1,0,차대차 - 측면직각충돌,안전운전불이행,건조,맑음,교차로 - 교차로안,승용,여,50세,상해없음,승용,여,41세,경상
2016051900100121,2016년 5월 19일 08시,목요일,강원도 화천군 화천읍,경상사고,0,0,1,0,차대차 - 정면충돌,안전운전불이행,건조,맑음,단일로 - 기타,승용,남,21세,상해없음,승용,여,34세,경상
2016051900100122,2016년 5월 19일 08시,목요일,강원도 횡성군 안흥면,경상사고,0,0,1,0,차대차 - 측면직각충돌,중앙선침범,건조,맑음,단일로 - 기타,농기계,남,78세,상해없음,승용,여,52세,경상
2016051900100174,2016년 5월 19일 09시,목요일,강원도 동해시 천곡동,중상사고,0,1,0,0,차대사람 - 횡단중,안전운전불이행,건조,맑음,단일로 - 기타,승용,남,32세,상해없음,보행자,여,81세,중상
2016051900100243,2016년 5월 19일 12시,목요일,강원도 춘천시 근화동,경상사고,0,0,4,0,차대차 - 측면직각충돌,안전거리미확보,건조,맑음,단일로 - 기타,승용,여,40세,상해없음,승용,여,52세,경상
2016051900100244,2016년 5월 19일 12시,목요일,강원도 원주시 판부면,경상사고,0,0,1,0,차대차 - 기타,중앙선침범,건조,맑음,단일로 - 기타,승용,여,45세,상해없음,승용,남,61세,경상
2016051900100245,2016년 5월 19일 12시,목요일,강원도 태백시 문곡동,중상사고,0,1,0,0,차대사람 - 기타,보행자보호의무위반,건조,맑음,단일로 - 기타,승용,남,71세,상해없음,보행자,여,83세,중상
2016051900100275,2016년 5월 19일 13시,목요일,강원도 원주시 단계동,경상사고,0,0,2,0,차대차 - 측면직각충돌,안전운전불이행,건조,맑음,교차로 - 교차로안,승합,남,64세,상해없음,승합,남,24세,경상
2016051900100308,2016년 5월 19일 14시,목요일,강원도 춘천시 조양동,경상사고,0,0,1,0,차대사람 - 차도통행중,안전운전불이행,건조,맑음,교차로 - 교차로안,승용,여,36세,상해없음,보행자,남,78세,경상
2016051900100309,2016년 5월 19일 14시,목요일,강원도 태백시 문곡동,경상사고,0,0,1,0,차대차 - 추돌,안전운전불이행,건조,맑음,교차로 - 교차로안,승용,남,74세,상해없음,승용,여,61세,경상
2016051900100310,2016년 5월 19일 14시,목요일,강원도 태백시 황지동,경상사고,0,0,2,0,차대차 - 측면충돌,기타,건조,맑음,교차로 - 교차로안,화물,남,50세,상해없음,승용,여,44세,경상
2016051900100311,2016년 5월 19일 14시,목요일,강원도 동해시 단봉동,중상사고,0,1,1,0,차대차 - 측면직각충돌,직진우회전진행방해,건조,맑음,교차로 - 교차로안,농기계,남,76세,중상,승용,여,42세,경상
2016051900100357,2016년 5월 19일 15시,목요일,강원도 홍천군 서석면,중상사고,0,1,1,0,차대차 - 측면충돌,직진우회전진행방해,건조,맑음,교차로 - 교차로안,이륜,남,57세,중상,승용,남,69세,상해없음
2016051900100401,2016년 5월 19일 16시,목요일,강원도 태백시 황지동,경상사고,0,0,1,0,차대사람 - 횡단중,안전운전불이행,건조,맑음,단일로 - 기타,승용,남,58세,상해없음,보행자,여,62세,경상
2016051900100402,2016년 5월 19일 16시,목요일,강원도 정선군 사북읍,중상사고,0,1,0,0,차대사람 - 횡단중,안전운전불이행,건조,맑음,교차로 - 교차로안,승용,여,41세,상해없음,보행자,여,61세,중상
2016051900100443,2016년 5월 19일 17시,목요일,강원도 양양군 강현면,경상사고,0,0,9,0,차대차 - 추돌,안전운전불이행,건조,맑음,단일로 - 기타,특수,남,20세,상해없음,화물,남,40세,경상
2016051900100444,2016년 5월 19일 17시,목요일,강원도 삼척시 남양동,경상사고,0,0,1,0,차대사람 - 횡단중,보행자보호의무위반,건조,맑음,단일로 - 횡단보도상,승용,여,47세,상해없음,보행자,남,7세,경상
2016051900100445,2016년 5월 19일 17시,목요일,강원도 화천군 상서면,경상사고,0,0,1,0,차대사람 - 기타,안전운전불이행,건조,맑음,단일로 - 기타,화물,남,42세,상해없음,보행자,여,10세,경상
2016051900100482,2016년 5월 19일 18시,목요일,강원도 양양군 양양읍,경상사고,0,0,1,0,차대차 - 기타,안전운전불이행,건조,맑음,교차로 - 교차로안,승용,여,34세,상해없음,승용,여,33세,상해없음
2016051900100620,2016년 5월 19일 22시,목요일,강원도 원주시 중앙동,경상사고,0,0,2,0,차대차 - 정면충돌,차로위반,건조,맑음,단일로 - 기타,승용,남,23세,상해없음,승용,여,48세,경상
2016051900100645,2016년 5월 19일 23시,목요일,강원도 강릉시 교동,경상사고,0,0,1,0,차대차 - 추돌,안전운전불이행,건조,맑음,교차로 - 교차로부근,승용,여,27세,상해없음,승용,남,62세,경상
2016052000100006,2016년 5월 20일 00시,금요일,강원도 평창군 평창읍,중상사고,0,1,0,0,차량단독 - 도로외이탈 - 추락,안전운전불이행,건조,맑음,단일로 - 기타,승용,남,40세,중상,,,,
2016052000100131,2016년 5월 20일 08시,금요일,강원도 양양군 서면,중상사고,0,1,0,0,차대차 - 측면충돌,안전운전불이행,건조,맑음,단일로 - 기타,화물,남,24세,상해없음,원동기,남,60세,중상
2016052000100132,2016년 5월 20일 08시,금요일,강원도 횡성군 둔내면,부상신고사고,0,0,0,1,차대차 - 측면직각충돌,안전운전불이행,건조,맑음,교차로 - 교차로안,승용,남,55세,상해없음,승용,남,52세,상해없음
2016052000100133,2016년 5월 20일 08시,금요일,강원도 동해시 발한동,경상사고,0,0,1,0,차대차 - 측면직각충돌,안전거리미확보,건조,맑음,교차로 - 교차로부근,승용,남,70세,상해없음,승용,여,36세,경상
2016052000100171,2016년 5월 20일 09시,금요일,강원도 춘천시 온의동,경상사고,0,0,1,0,차대차 - 기타,안전운전불이행,건조,맑음,단일로 - 기타,승용,여,38세,상해없음,화물,남,50세,경상
2016052000100330,2016년 5월 20일 14시,금요일,강원도 춘천시 효자동,경상사고,0,0,2,0,차대차 - 측면충돌,신호위반,건조,맑음,교차로 - 교차로안,승용,남,18세,상해없음,승용,남,64세,경상
2016052000100331,2016년 5월 20일 14시,금요일,강원도 춘천시 온의동,경상사고,0,0,1,0,차대차 - 측면직각충돌,기타,건조,맑음,단일로 - 기타,화물,남,47세,상해없음,승용,남,61세,기타불명
2016052000100332,2016년 5월 20일 14시,금요일,강원도 속초시 조양동,경상사고,0,0,1,0,차대차 - 측면충돌,신호위반,건조,맑음,교차로 - 교차로안,화물,남,44세,상해없음,승용,남,49세,경상
2016052000100333,2016년 5월 20일 14시,금요일,강원도 홍천군 서면,중상사고,0,2,0,0,차대차 - 측면충돌,안전운전불이행,건조,맑음,단일로 - 기타,승용,여,68세,상해없음,승용,남,58세,상해없음
2016052000100334,2016년 5월 20일 14시,금요일,강원도 횡성군 횡성읍,중상사고,0,1,0,0,차대차 - 기타,안전운전불이행,건조,맑음,단일로 - 기타,승용,여,57세,상해없음,농기계,남,59세,중상
2016052000100366,2016년 5월 20일 15시,금요일,강원도 횡성군 청일면,중상사고,0,1,0,0,차대차 - 측면직각충돌,안전운전불이행,건조,맑음,교차로 - 교차로안,화물,남,21세,상해없음,승용,남,58세,상해없음
2016052000100408,2016년 5월 20일 16시,금요일,강원도 강릉시 교동,경상사고,0,0,1,0,차대차 - 추돌,안전운전불이행,건조,맑음,교차로 - 교차로안,승용,남,23세,상해없음,승용,여,55세,경상
2016052000100451,2016년 5월 20일 17시,금요일,강원도 원주시 흥업면,경상사고,0,0,1,0,차대차 - 정면충돌,교차로운행방법위반,건조,맑음,교차로 - 교차로안,화물,남,65세,상해없음,승용,남,43세,경상
2016052000100452,2016년 5월 20일 17시,금요일,강원도 원주시 관설동,경상사고,0,0,1,0,차대사람 - 기타,안전운전불이행,건조,맑음,기타 - 기타,승용,남,29세,상해없음,보행자,남,27세,경상
2016052000100453,2016년 5월 20일 17시,금요일,강원도 인제군 남면,중상사고,0,1,1,0,차대차 - 추돌,안전운전불이행,건조,맑음,단일로 - 기타,화물,남,56세,상해없음,승합,남,56세,상해없음
2016052000100500,2016년 5월 20일 18시,금요일,강원도 강릉시 금학동,경상사고,0,0,1,0,차대사람 - 기타,안전운전불이행,건조,맑음,기타 - 기타,화물,남,48세,기타불명,보행자,여,17세,경상
2016052000100501,2016년 5월 20일 18시,금요일,강원도 원주시 명륜동,경상사고,0,0,1,0,차대차 - 정면충돌,안전운전불이행,건조,맑음,교차로 - 교차로안,승용,여,51세,상해없음,승용,남,58세,경상
2016052000100502,2016년 5월 20일 18시,금요일,강원도 원주시 태장동,경상사고,0,0,1,0,차대차 - 정면충돌,교차로운행방법위반,건조,맑음,교차로 - 교차로안,건설기계,남,30세,상해없음,승용,여,56세,경상
2016052000100503,2016년 5월 20일 18시,금요일,강원도 태백시 황지동,경상사고,0,0,1,0,차대차 - 측면충돌,교차로운행방법위반,건조,맑음,교차로 - 교차로부근,승용,남,44세,상해없음,승용,여,43세,경상
2016052000100551,2016년 5월 20일 19시,금요일,강원도 홍천군 홍천읍,경상사고,0,0,1,0,차대사람 - 횡단중,안전운전불이행,건조,맑음,단일로 - 기타,승용,남,50세,상해없음,보행자,여,6세,경상
2016052000100631,2016년 5월 20일 21시,금요일,강원도 춘천시 남산면,부상신고사고,0,0,0,2,차대사람 - 길가장자리구역통행중,안전운전불이행,건조,맑음,단일로 - 기타,승용,남,50세,상해없음,보행자,여,45세,부상신고
2016052000100632,2016년 5월 20일 21시,금요일,강원도 태백시 황지동,경상사고,0,0,4,0,차대차 - 정면충돌,교차로운행방법위반,건조,흐림,교차로 - 교차로안,승용,여,49세,상해없음,승용,남,40세,경상
2016052000100666,2016년 5월 20일 22시,금요일,강원도 홍천군 홍천읍,경상사고,0,0,1,0,차대차 - 기타,교차로운행방법위반,건조,맑음,교차로 - 교차로안,승용,남,59세,상해없음,승용,남,31세,경상
2016052000100693,2016년 5월 20일 23시,금요일,강원도 강릉시 강문동,부상신고사고,0,0,0,1,차대사람 - 횡단중,안전운전불이행,건조,맑음,단일로 - 기타,승용,여,29세,상해없음,보행자,여,3세,부상신고
2016052000100694,2016년 5월 20일 23시,금요일,강원도 양양군 현북면,경상사고,0,0,1,0,차대차 - 측면충돌,중앙선침범,건조,맑음,교차로 - 교차로부근,승용,남,56세,상해없음,승합,남,55세,경상
2016052100100053,2016년 5월 21일 03시,토요일,강원도 원주시 단계동,중상사고,0,2,0,0,차대차 - 정면충돌,중앙선침범,건조,맑음,교차로 - 교차로안,승용,남,28세,상해없음,승용,남,53세,중상
2016052100100103,2016년 5월 21일 07시,토요일,강원도 인제군 북면,경상사고,0,0,1,0,차대차 - 측면충돌,안전운전불이행,건조,맑음,교차로 - 교차로안,승용,여,23세,상해없음,승용,남,44세,경상
2016052100100118,2016년 5월 21일 08시,토요일,강원도 철원군 동송읍,경상사고,0,0,1,0,차대차 - 측면충돌,안전운전불이행,건조,맑음,단일로 - 기타,승용,남,87세,상해없음,승용,여,26세,경상
2016052100100160,2016년 5월 21일 09시,토요일,강원도 강릉시 운정동,경상사고,0,0,1,0,차대차 - 정면충돌,신호위반,건조,맑음,교차로 - 교차로안,승용,여,25세,상해없음,승용,여,42세,상해없음
2016052100100196,2016년 5월 21일 10시,토요일,강원도 원주시 관설동,경상사고,0,0,1,0,차대차 - 정면충돌,중앙선침범,건조,맑음,교차로 - 교차로부근,승용,여,62세,상해없음,승용,남,31세,경상
2016052100100197,2016년 5월 21일 10시,토요일,강원도 정선군 정선읍,경상사고,0,0,4,0,차대차 - 추돌,안전운전불이행,건조,맑음,단일로 - 기타,승용,여,58세,경상,승용,남,58세,상해없음
2016052100100239,2016년 5월 21일 11시,토요일,강원도 원주시 문막읍,중상사고,0,2,3,0,차대차 - 측면충돌,안전운전불이행,건조,맑음,교차로 - 교차로안,승용,남,34세,상해없음,승용,남,30세,중상
2016052100100240,2016년 5월 21일 11시,토요일,강원도 원주시 단구동,경상사고,0,0,1,0,차대차 - 정면충돌,안전거리미확보,건조,맑음,교차로 - 교차로부근,승용,남,38세,기타불명,승용,남,25세,경상
2016052100100241,2016년 5월 21일 11시,토요일,강원도 철원군 갈말읍,경상사고,0,0,1,0,차대차 - 측면직각충돌,직진우회전진행방해,건조,맑음,교차로 - 교차로안,승용,여,37세,상해없음,승용,남,83세,경상
2016052100100310,2016년 5월 21일 13시,토요일,강원도 강릉시 입암동,경상사고,0,0,1,0,차대차 - 측면충돌,안전운전불이행,건조,맑음,교차로 - 교차로안,승용,남,50세,상해없음,승용,남,40세,기타불명
2016052100100312,2016년 5월 21일 13시,토요일,강원도 동해시 효가동,경상사고,0,0,1,0,차대차 - 측면충돌,교차로운행방법위반,건조,맑음,교차로 - 교차로안,승용,남,50세,상해없음,승용,여,61세,경상
2016052100100403,2016년 5월 21일 15시,토요일,강원도 원주시 관설동,경상사고,0,0,1,0,차대사람 - 횡단중,안전운전불이행,건조,맑음,단일로 - 기타,승용,남,54세,상해없음,보행자,남,13세,경상
2016052100100404,2016년 5월 21일 15시,토요일,강원도 정선군 사북읍,경상사고,0,0,2,0,차대차 - 추돌,기타,건조,맑음,교차로 - 교차로부근,건설기계,남,59세,상해없음,승용,여,47세,경상
2016052100100509,2016년 5월 21일 18시,토요일,강원도 원주시 문막읍,중상사고,0,2,0,0,차대차 - 정면충돌,불법유턴,건조,맑음,단일로 - 기타,화물,남,56세,상해없음,이륜,남,61세,중상
2016052100100542,2016년 5월 21일 19시,토요일,강원도 춘천시 퇴계동,중상사고,0,1,0,0,차대차 - 측면직각충돌,신호위반,건조,맑음,교차로 - 교차로안,기타불명,기타불명,기타불명,기타불명,이륜,남,20세,중상
2016052100100543,2016년 5월 21일 19시,토요일,강원도 횡성군 우천면,중상사고,0,1,0,0,차대차 - 정면충돌,안전운전불이행,건조,맑음,단일로 - 기타,화물,남,61세,상해없음,승용,남,56세,중상
2016052100100544,2016년 5월 21일 19시,토요일,강원도 인제군 서화면,경상사고,0,0,1,0,차대차 - 기타,안전운전불이행,건조,맑음,단일로 - 기타,승용,남,34세,상해없음,승합,남,69세,상해없음
2016052100100639,2016년 5월 21일 22시,토요일,강원도 강릉시 포남동,경상사고,0,0,1,0,차대차 - 추돌,안전운전불이행,건조,맑음,교차로 - 교차로부근,승용,여,49세,상해없음,승용,남,58세,경상
2016052100100667,2016년 5월 21일 23시,토요일,강원도 춘천시 석사동,경상사고,0,0,2,0,차대차 - 측면직각충돌,신호위반,건조,맑음,교차로 - 교차로안,승용,남,40세,상해없음,승용,남,33세,경상
2016052100100668,2016년 5월 21일 23시,토요일,강원도 원주시 판부면,경상사고,0,0,2,0,차대차 - 추돌,안전운전불이행,건조,맑음,단일로 - 기타,승용,남,69세,상해없음,승용,여,57세,경상
2016052200100049,2016년 5월 22일 02시,일요일,강원도 춘천시 석사동,부상신고사고,0,0,0,1,차대사람 - 기타,안전운전불이행,건조,맑음,단일로 - 기타,승용,남,23세,상해없음,보행자,남,61세,부상신고
2016052200100104,2016년 5월 22일 06시,일요일,강원도 춘천시 효자동,중상사고,0,1,0,0,차대사람 - 횡단중,안전운전불이행,건조,맑음,교차로 - 교차로부근,승용,여,24세,상해없음,보행자,여,74세,중상
2016052200100105,2016년 5월 22일 06시,일요일,강원도 강릉시 성산면,중상사고,0,1,0,0,차대차 - 측면충돌,중앙선침범,건조,맑음,단일로 - 기타,승용,남,30세,상해없음,승용,여,67세,중상
2016052200100106,2016년 5월 22일 06시,일요일,강원도 홍천군 두촌면,중상사고,0,1,1,0,차대차 - 추돌,안전운전불이행,건조,맑음,교차로 - 교차로부근,승용,남,33세,상해없음,승용,남,50세,경상
2016052200100115,2016년 5월 22일 07시,일요일,강원도 춘천시 온의동,경상사고,0,0,1,0,차대차 - 측면직각충돌,안전운전불이행,건조,맑음,단일로 - 기타,승용,남,38세,상해없음,이륜,여,53세,경상
2016052200100116,2016년 5월 22일 07시,일요일,강원도 양양군 현북면,중상사고,0,1,4,0,차대차 - 측면충돌,안전거리미확보,건조,맑음,교차로 - 교차로부근,승용,남,56세,상해없음,화물,남,42세,경상
2016052200100117,2016년 5월 22일 07시,일요일,강원도 횡성군 둔내면,중상사고,0,1,0,0,차대차 - 정면충돌,안전운전불이행,건조,맑음,교차로 - 교차로안,승용,남,23세,상해없음,승용,남,56세,상해없음
2016052200100154,2016년 5월 22일 09시,일요일,강원도 춘천시 퇴계동,경상사고,0,0,2,0,차대차 - 측면직각충돌,신호위반,건조,맑음,교차로 - 교차로안,승용,남,63세,상해없음,승용,남,75세,경상
2016052200100155,2016년 5월 22일 09시,일요일,강원도 화천군 화천읍,경상사고,0,0,2,0,차대차 - 추돌,안전운전불이행,건조,맑음,단일로 - 기타,자전거,남,28세,경상,자전거,남,27세,경상
2016052200100180,2016년 5월 22일 10시,일요일,강원도 춘천시 신북읍,경상사고,0,0,1,0,차대차 - 측면충돌,직진우회전진행방해,건조,맑음,교차로 - 교차로안,승용,남,82세,상해없음,승용,여,46세,경상
2016052200100181,2016년 5월 22일 10시,일요일,강원도 속초시 설악동,중상사고,0,1,0,0,차대차 - 측면직각충돌,안전운전불이행,건조,맑음,단일로 - 기타,승합,남,58세,상해없음,자전거,여,63세,중상
2016052200100182,2016년 5월 22일 10시,일요일,강원도 원주시 부론면,중상사고,0,5,5,1,차대차 - 추돌,안전거리미확보,건조,맑음,단일로 - 기타,승용,남,34세,중상,승용,남,34세,중상
2016052200100183,2016년 5월 22일 10시,일요일,강원도 원주시 소초면,경상사고,0,0,3,0,차대차 - 추돌,안전거리미확보,건조,맑음,단일로 - 기타,승합,남,43세,상해없음,승용,남,26세,경상
2016052200100241,2016년 5월 22일 12시,일요일,강원도 원주시 무실동,경상사고,0,0,2,0,차대차 - 측면충돌,안전거리미확보,건조,맑음,단일로 - 기타,승용,남,53세,상해없음,승용,남,54세,경상
2016052200100242,2016년 5월 22일 12시,일요일,강원도 원주시 소초면,중상사고,0,1,0,0,차대차 - 정면충돌,중앙선침범,건조,맑음,단일로 - 기타,승용,남,47세,상해없음,이륜,남,40세,중상
2016052200100272,2016년 5월 22일 13시,일요일,강원도 삼척시 정상동,중상사고,0,1,2,0,차대차 - 추돌,안전운전불이행,건조,맑음,교차로 - 교차로안,승용,여,58세,상해없음,승용,남,62세,경상
2016052200100296,2016년 5월 22일 14시,일요일,강원도 춘천시 석사동,경상사고,0,0,1,0,차대차 - 추돌,안전운전불이행,건조,맑음,교차로 - 교차로부근,승용,남,53세,상해없음,승용,남,63세,경상
2016052200100430,2016년 5월 22일 18시,일요일,강원도 정선군 고한읍,경상사고,0,0,2,0,차대차 - 측면충돌,중앙선침범,건조,맑음,단일로 - 기타,승용,남,35세,상해없음,승용,여,35세,경상
2016052200100464,2016년 5월 22일 19시,일요일,강원도 홍천군 화촌면,중상사고,0,1,0,0,차대차 - 추돌,안전운전불이행,건조,흐림,단일로 - 기타,승용,남,60세,상해없음,농기계,남,55세,중상
2016052200100491,2016년 5월 22일 20시,일요일,강원도 원주시 개운동,중상사고,0,1,0,0,차대차 - 측면충돌,안전운전불이행,건조,맑음,교차로 - 교차로부근,이륜,남,21세,중상,승용,남,49세,상해없음
2016052300100030,2016년 5월 23일 03시,월요일,강원도 강릉시 홍제동,중상사고,0,1,0,0,차량단독 - 전도전복,안전운전불이행,건조,맑음,교차로 - 교차로안,승용,남,30세,상해없음,,,,
2016052300100034,2016년 5월 23일 04시,월요일,강원도 정선군 사북읍,중상사고,0,1,0,0,차대차 - 측면충돌,직진우회전진행방해,건조,맑음,교차로 - 교차로안,승용,남,55세,상해없음,승용,남,57세,중상
2016052300100047,2016년 5월 23일 05시,월요일,강원도 원주시 단계동,중상사고,0,1,0,0,차대차 - 측면충돌,신호위반,건조,맑음,교차로 - 교차로안,승용,남,38세,상해없음,승용,남,39세,중상
2016052300100048,2016년 5월 23일 05시,월요일,강원도 원주시 지정면,중상사고,0,1,0,0,차량단독 - 전도전복,안전운전불이행,건조,맑음,교차로 - 교차로부근,이륜,남,75세,중상,,,,
2016052300100119,2016년 5월 23일 08시,월요일,강원도 속초시 노학동,사망사고,1,0,0,0,차대차 - 측면충돌,안전운전불이행,건조,맑음,교차로 - 교차로부근,자전거,남,84세,사망,화물,남,51세,상해없음
2016052300100167,2016년 5월 23일 09시,월요일,강원도 홍천군 북방면,중상사고,0,2,0,0,차대차 - 기타,과속,건조,맑음,단일로 - 기타,승용,남,53세,중상,화물,남,61세,중상
2016052300100194,2016년 5월 23일 10시,월요일,강원도 춘천시 신동,중상사고,0,1,0,0,차대차 - 측면충돌,교차로운행방법위반,건조,맑음,교차로 - 교차로안,건설기계,남,45세,상해없음,승합,남,61세,중상
2016052300100220,2016년 5월 23일 11시,월요일,강원도 춘천시 신동면,부상신고사고,0,0,0,1,차량단독 - 전도전복,안전운전불이행,건조,맑음,단일로 - 기타,이륜,남,83세,부상신고,,,,
2016052300100221,2016년 5월 23일 11시,월요일,강원도 원주시 일산동,중상사고,0,1,0,0,차대차 - 정면충돌,안전운전불이행,건조,맑음,단일로 - 기타,승용,여,55세,상해없음,이륜,남,61세,중상
2016052300100222,2016년 5월 23일 11시,월요일,강원도 삼척시 원덕읍임원출장,중상사고,0,1,0,0,차대차 - 추돌,안전운전불이행,건조,맑음,단일로 - 기타,특수,남,41세,상해없음,화물,남,69세,중상
2016052300100283,2016년 5월 23일 13시,월요일,강원도 원주시 단구동,경상사고,0,0,2,0,차대차 - 측면충돌,안전운전불이행,건조,맑음,교차로 - 교차로안,승용,남,42세,상해없음,승합,남,48세,경상
2016052300100284,2016년 5월 23일 13시,월요일,강원도 원주시 명륜동,경상사고,0,0,1,0,차대사람 - 기타,안전운전불이행,건조,맑음,단일로 - 기타,승용,남,73세,상해없음,보행자,여,70세,경상
2016052300100285,2016년 5월 23일 13시,월요일,강원도 원주시 일산동,중상사고,0,2,0,0,차대차 - 기타,안전운전불이행,건조,맑음,단일로 - 기타,승용,남,61세,상해없음,승용,남,33세,중상
2016052300100286,2016년 5월 23일 13시,월요일,강원도 속초시 중앙동,경상사고,0,0,1,0,차대사람 - 기타,안전운전불이행,건조,맑음,단일로 - 기타,승용,여,56세,상해없음,보행자,남,44세,경상
2016052300100319,2016년 5월 23일 14시,월요일,강원도 춘천시 봉의동,경상사고,0,0,1,0,차대차 - 정면충돌,안전운전불이행,건조,맑음,단일로 - 기타,승용,남,72세,상해없음,승용,여,36세,경상
2016052300100320,2016년 5월 23일 14시,월요일,강원도 강릉시 강동면,중상사고,0,1,0,0,차대차 - 정면충돌,안전운전불이행,건조,맑음,교차로 - 교차로안,건설기계,남,49세,상해없음,이륜,남,51세,중상
2016052300100353,2016년 5월 23일 15시,월요일,강원도 영월군 영월읍,경상사고,0,0,1,0,차대차 - 측면직각충돌,교차로운행방법위반,건조,맑음,교차로 - 교차로안,승용,남,61세,상해없음,자전거,남,33세,경상
2016052300100354,2016년 5월 23일 15시,월요일,강원도 화천군 간동면,경상사고,0,0,1,0,차대차 - 측면충돌,중앙선침범,건조,맑음,단일로 - 기타,화물,남,73세,상해없음,승용,여,68세,경상
2016052300100438,2016년 5월 23일 17시,월요일,강원도 속초시 동명동,경상사고,0,0,1,1,차대차 - 추돌,안전운전불이행,건조,맑음,단일로 - 기타,승합,남,23세,상해없음,승용,남,51세,경상
2016052300100477,2016년 5월 23일 18시,월요일,강원도 횡성군 공근면,경상사고,0,0,1,0,차대차 - 정면충돌,중앙선침범,건조,맑음,단일로 - 기타,화물,남,64세,상해없음,화물,남,19세,경상
2016052300100520,2016년 5월 23일 19시,월요일,강원도 춘천시 석사동,경상사고,0,0,1,0,차대차 - 측면직각충돌,안전운전불이행,건조,맑음,교차로 - 교차로안,화물,남,60세,상해없음,자전거,남,12세,경상
2016052300100521,2016년 5월 23일 19시,월요일,강원도 춘천시 효자동,중상사고,0,1,0,0,차대사람 - 횡단중,안전운전불이행,건조,맑음,교차로 - 교차로부근,승용,여,52세,상해없음,보행자,남,17세,중상
2016052300100522,2016년 5월 23일 19시,월요일,강원도 속초시 청호동,경상사고,0,0,6,0,차대차 - 측면직각충돌,안전운전불이행,건조,맑음,교차로 - 교차로부근,승용,남,26세,상해없음,승용,여,44세,경상
2016052300100545,2016년 5월 23일 20시,월요일,강원도 원주시 단계동,중상사고,0,1,3,0,차대차 - 추돌,안전거리미확보,건조,맑음,단일로 - 기타,승용,남,30세,상해없음,승용,여,43세,경상
2016052300100546,2016년 5월 23일 20시,월요일,강원도 영월군 영월읍,부상신고사고,0,0,0,1,차대차 - 측면직각충돌,교차로운행방법위반,건조,맑음,교차로 - 교차로안,화물,남,57세,상해없음,승용,남,75세,부상신고
2016052300100602,2016년 5월 23일 22시,월요일,강원도 속초시 조양동,중상사고,0,1,1,0,차대차 - 추돌,안전운전불이행,건조,맑음,교차로 - 교차로부근,승용,여,22세,상해없음,승용,남,25세,중상
2016052400100012,2016년 5월 24일 00시,화요일,강원도 춘천시 효자동,경상사고,0,0,1,1,차대사람 - 기타,안전운전불이행,건조,맑음,단일로 - 기타,승용,남,48세,상해없음,보행자,남,21세,경상
2016052400100013,2016년 5월 24일 00시,화요일,강원도 동해시 망상동,경상사고,0,0,1,0,차대차 - 기타,안전운전불이행,건조,맑음,단일로 - 기타,승용,남,24세,상해없음,화물,남,68세,경상
2016052400100043,2016년 5월 24일 02시,화요일,강원도 양양군 강현면,중상사고,0,1,0,0,차량단독 - 공작물충돌,안전운전불이행,건조,맑음,교차로 - 교차로부근,승용,남,56세,상해없음,,,,
2016052400100065,2016년 5월 24일 04시,화요일,강원도 강릉시 노암동,경상사고,0,0,1,0,차량단독 - 전도전복,안전운전불이행,건조,맑음,단일로 - 기타,이륜,남,18세,상해없음,,,,
2016052400100075,2016년 5월 24일 05시,화요일,강원도 원주시 봉산동,경상사고,0,0,1,0,차대차 - 측면직각충돌,교차로운행방법위반,습기,비,교차로 - 교차로안,화물,남,74세,상해없음,승용,남,60세,경상