사고번호,사고일시,요일,시군구,사고내용,사망자수,중상자수,경상자수,부상신고자수,사고유형,법규위반,노면상태,기상상태,도로형태,가해운전자 차종,가해운전자 성별,가해운전자 연령,가해운전자 상해정도,피해운전자 차종,피해운전자 성별,피해운전자 연령,피해운전자 상해정도
2016052400100090,2016년 5월 24일 06시,화요일,강원도 정선군 고한읍,경상사고,0,0,1,0,차대차 - 정면충돌,안전운전불이행,건조,맑음,단일로 - 기타,승용,여,51세,상해없음,승용,남,47세,경상
2016052400100134,2016년 5월 24일 08시,화요일,강원도 원주시 흥업면,경상사고,0,0,1,0,차량단독 - 전도전복,안전운전불이행,습기,비,기타 - 기타,승용,남,27세,경상,,,,
2016052400100176,2016년 5월 24일 09시,화요일,강원도 춘천시 신북읍,경상사고,0,0,1,0,차대사람 - 기타,안전운전불이행,습기,비,단일로 - 기타,승합,남,49세,상해없음,보행자,여,76세,경상
2016052400100177,2016년 5월 24일 09시,화요일,강원도 춘천시 후평동,경상사고,0,0,1,0,차대차 - 추돌,기타,건조,맑음,단일로 - 기타,화물,남,56세,상해없음,승용,남,52세,경상
2016052400100178,2016년 5월 24일 09시,화요일,강원도 강릉시 노암동,경상사고,0,0,1,0,차대차 - 추돌,안전운전불이행,건조,맑음,교차로 - 교차로안,이륜,남,22세,상해없음,승용,남,59세,경상
2016052400100179,2016년 5월 24일 09시,화요일,강원도 홍천군 북방면,중상사고,0,1,0,0,차량단독 - 전도전복,안전운전불이행,습기,비,단일로 - 기타,화물,남,50세,상해없음,,,,
2016052400100226,2016년 5월 24일 10시,화요일,강원도 원주시 문막읍,경상사고,0,0,1,0,차대차 - 정면충돌,중앙선침범,건조,맑음,단일로 - 기타,승용,남,53세,상해없음,승용,남,60세,경상
2016052400100250,2016년 5월 24일 11시,화요일,강원도 원주시 소초면,경상사고,0,0,2,0,차대차 - 정면충돌,안전운전불이행,습기,흐림,교차로 - 교차로부근,특수,남,38세,상해없음,승용,남,39세,경상
2016052400100251,2016년 5월 24일 11시,화요일,강원도 원주시 태장동,중상사고,0,1,0,1,차대차 - 정면충돌,안전거리미확보,건조,맑음,단일로 - 기타,화물,남,44세,상해없음,승용,여,32세,중상
2016052400100252,2016년 5월 24일 11시,화요일,강원도 인제군 인제읍,중상사고,0,1,0,1,차대차 - 추돌,안전운전불이행,습기,비,단일로 - 터널,승용,남,36세,부상신고,건설기계,남,50세,중상
2016052400100280,2016년 5월 24일 12시,화요일,강원도 원주시 문막읍,경상사고,0,0,1,0,차대차 - 측면충돌,교차로운행방법위반,습기,비,교차로 - 교차로안,화물,남,64세,기타불명,승합,남,43세,경상
2016052400100281,2016년 5월 24일 12시,화요일,강원도 홍천군 홍천읍,경상사고,0,0,2,0,차대차 - 측면직각충돌,직진우회전진행방해,습기,비,교차로 - 교차로안,화물,남,58세,상해없음,승용,남,48세,경상
2016052400100318,2016년 5월 24일 13시,화요일,강원도 양양군 손양면,중상사고,0,4,0,0,차대차 - 측면충돌,안전운전불이행,건조,맑음,단일로 - 기타,승용,남,25세,상해없음,승용,남,45세,중상
2016052400100319,2016년 5월 24일 13시,화요일,강원도 태백시 화전동,중상사고,0,1,1,0,차량단독 - 전도전복,안전운전불이행,습기,비,단일로 - 기타,승용,여,53세,경상,,,,
2016052400100347,2016년 5월 24일 14시,화요일,강원도 강릉시 강동면,경상사고,0,0,1,0,차대차 - 측면충돌,안전운전불이행,건조,맑음,교차로 - 교차로안,화물,남,59세,상해없음,승용,여,50세,경상
2016052400100383,2016년 5월 24일 15시,화요일,강원도 원주시 단계동,중상사고,0,1,2,0,차대차 - 기타,안전운전불이행,건조,맑음,교차로 - 교차로부근,승용,여,28세,상해없음,승합,남,38세,상해없음
2016052400100412,2016년 5월 24일 16시,화요일,강원도 춘천시 동면,중상사고,0,1,1,0,차대차 - 정면충돌,중앙선침범,건조,맑음,단일로 - 기타,승용,남,58세,상해없음,화물,남,38세,중상
2016052400100413,2016년 5월 24일 16시,화요일,강원도 평창군 평창읍,중상사고,0,1,0,0,차대차 - 측면직각충돌,안전운전불이행,건조,흐림,교차로 - 교차로안,화물,남,66세,상해없음,이륜,남,42세,중상
2016052400100414,2016년 5월 24일 16시,화요일,강원도 태백시 화전동,중상사고,0,2,2,0,차대차 - 측면충돌,안전거리미확보,건조,맑음,단일로 - 기타,건설기계,남,51세,상해없음,승용,남,50세,중상
2016052400100446,2016년 5월 24일 17시,화요일,강원도 춘천시 후평동,중상사고,0,1,0,0,차대사람 - 횡단중,안전운전불이행,건조,맑음,단일로 - 기타,승합,남,47세,상해없음,보행자,남,78세,중상
2016052400100447,2016년 5월 24일 17시,화요일,강원도 횡성군 우천면,중상사고,0,1,1,0,차대차 - 측면직각충돌,안전운전불이행,건조,맑음,교차로 - 교차로안,승용,남,37세,상해없음,화물,남,49세,중상
2016052400100482,2016년 5월 24일 18시,화요일,강원도 원주시 우산동,경상사고,0,0,1,0,차대차 - 정면충돌,교차로운행방법위반,건조,맑음,교차로 - 교차로안,화물,남,54세,상해없음,승용,여,47세,경상
2016052400100518,2016년 5월 24일 19시,화요일,강원도 춘천시 퇴계동,경상사고,0,0,3,0,차대차 - 측면직각충돌,안전운전불이행,건조,맑음,단일로 - 기타,승용,남,61세,상해없음,승용,여,27세,경상
2016052400100519,2016년 5월 24일 19시,화요일,강원도 원주시 문막읍,경상사고,0,0,1,0,차대차 - 측면충돌,차로위반,건조,맑음,단일로 - 기타,승용,여,48세,상해없음,승합,남,65세,상해없음
2016052400100520,2016년 5월 24일 19시,화요일,강원도 속초시 대포동,경상사고,0,0,1,0,차대차 - 추돌,안전운전불이행,건조,맑음,교차로 - 교차로부근,승용,남,59세,상해없음,승용,남,33세,경상
2016052400100549,2016년 5월 24일 20시,화요일,강원도 춘천시 석사동,경상사고,0,0,1,0,차대차 - 정면충돌,안전운전불이행,건조,맑음,단일로 - 기타,승용,여,56세,상해없음,승용,남,45세,경상
2016052400100627,2016년 5월 24일 23시,화요일,강원도 원주시 일산동,경상사고,0,0,2,0,차대차 - 정면충돌,신호위반,건조,맑음,교차로 - 교차로안,승용,여,53세,상해없음,승용,남,50세,경상
2016052500100011,2016년 5월 25일 00시,수요일,강원도 강릉시 유천동,중상사고,0,1,0,0,차대사람 - 기타,안전운전불이행,건조,맑음,단일로 - 기타,화물,남,70세,상해없음,보행자,여,25세,중상
2016052500100035,2016년 5월 25일 03시,수요일,강원도 춘천시 운교동,경상사고,0,0,4,0,차대차 - 측면직각충돌,안전운전불이행,건조,맑음,교차로 - 교차로안,승용,남,29세,상해없음,승용,남,25세,경상
2016052500100058,2016년 5월 25일 06시,수요일,강원도 동해시 나안동,중상사고,0,1,0,0,차대차 - 측면직각충돌,안전운전불이행,건조,맑음,단일로 - 기타,화물,남,52세,상해없음,승용,남,58세,중상
2016052500100079,2016년 5월 25일 07시,수요일,강원도 원주시 단계동,경상사고,0,0,1,0,차대차 - 측면직각충돌,신호위반,건조,맑음,교차로 - 교차로안,승용,여,51세,상해없음,승용,여,28세,경상
2016052500100080,2016년 5월 25일 07시,수요일,강원도 삼척시 근덕면,사망사고,1,0,0,0,차량단독 - 전도전복,안전운전불이행,건조,맑음,단일로 - 기타,승용,남,30세,사망,,,,
2016052500100105,2016년 5월 25일 08시,수요일,강원도 춘천시 석사동,경상사고,0,0,1,0,차대차 - 측면충돌,신호위반,건조,맑음,교차로 - 교차로안,승용,여,37세,상해없음,승용,남,29세,경상
2016052500100106,2016년 5월 25일 08시,수요일,강원도 고성군 죽왕면,경상사고,0,0,1,0,차대차 - 추돌,안전운전불이행,건조,맑음,기타 - 기타,승용,여,26세,상해없음,승용,여,45세,경상
2016052500100144,2016년 5월 25일 09시,수요일,강원도 원주시 단계동,경상사고,0,0,1,0,차대사람 - 기타,안전운전불이행,건조,맑음,단일로 - 기타,기타불명,기타불명,기타불명,기타불명,보행자,남,17세,경상
2016052500100180,2016년 5월 25일 10시,수요일,강원도 삼척시 읍중동,중상사고,0,1,5,0,차대차 - 정면충돌,중앙선침범,건조,맑음,교차로 - 교차로부근,승용,남,55세,상해없음,승용,여,47세,경상
2016052500100249,2016년 5월 25일 12시,수요일,강원도 강릉시 주문진읍,중상사고,0,1,1,0,차대차 - 정면충돌,안전운전불이행,건조,맑음,교차로 - 교차로안,승합,남,30세,상해없음,승용,남,36세,중상
2016052500100272,2016년 5월 25일 13시,수요일,강원도 철원군 근남면,중상사고,0,1,0,0,차대차 - 정면충돌,안전운전불이행,건조,맑음,기타 - 기타,건설기계,남,57세,상해없음,화물,남,70세,중상
2016052500100273,2016년 5월 25일 13시,수요일,강원도 동해시 구호동,중상사고,0,1,6,0,차대차 - 측면직각충돌,신호위반,건조,맑음,교차로 - 교차로안,승합,남,66세,중상,건설기계,남,51세,경상
2016052500100310,2016년 5월 25일 14시,수요일,강원도 원주시 호저면,경상사고,0,0,2,0,차대차 - 정면충돌,중앙선침범,건조,맑음,단일로 - 기타,승용,여,64세,기타불명,승용,여,58세,경상
2016052500100311,2016년 5월 25일 14시,수요일,강원도 삼척시 하장면,중상사고,0,1,0,0,차대차 - 추돌,안전운전불이행,건조,맑음,단일로 - 기타,승합,남,65세,상해없음,이륜,남,77세,중상
2016052500100312,2016년 5월 25일 14시,수요일,강원도 고성군 토성면,경상사고,0,0,1,0,차대차 - 추돌,과속,건조,맑음,단일로 - 기타,승용,남,45세,상해없음,화물,남,40세,경상
2016052500100466,2016년 5월 25일 18시,수요일,강원도 원주시 단계동,경상사고,0,0,3,0,차대차 - 추돌,안전거리미확보,건조,맑음,교차로 - 교차로안,승용,여,33세,상해없음,승용,여,29세,경상
2016052500100467,2016년 5월 25일 18시,수요일,강원도 원주시 태장동,부상신고사고,0,0,0,1,차대차 - 측면직각충돌,안전운전불이행,건조,맑음,단일로 - 기타,승용,남,36세,상해없음,자전거,남,16세,부상신고
2016052500100505,2016년 5월 25일 19시,수요일,강원도 동해시 동회동,경상사고,0,0,1,0,차대차 - 측면직각충돌,직진우회전진행방해,건조,맑음,교차로 - 교차로안,승용,여,33세,상해없음,원동기,남,16세,경상
2016052500100535,2016년 5월 25일 20시,수요일,강원도 원주시 중앙동,경상사고,0,0,1,0,차대사람 - 길가장자리구역통행중,안전운전불이행,건조,맑음,단일로 - 기타,승용,여,44세,상해없음,보행자,여,20세,경상
2016052500100559,2016년 5월 25일 21시,수요일,강원도 춘천시 퇴계동,중상사고,0,2,0,0,차대차 - 측면직각충돌,신호위반,건조,맑음,교차로 - 교차로안,승용,남,53세,중상,승용,여,41세,중상
2016052500100560,2016년 5월 25일 21시,수요일,강원도 동해시 천곡동,경상사고,0,0,2,0,차대차 - 측면직각충돌,직진우회전진행방해,건조,맑음,교차로 - 교차로안,승용,여,59세,상해없음,승용,남,30세,경상
2016052500100594,2016년 5월 25일 22시,수요일,강원도 원주시 중앙동,경상사고,0,0,1,0,차대사람 - 횡단중,안전운전불이행,건조,맑음,교차로 - 교차로안,승용,남,67세,상해없음,보행자,남,48세,경상
2016052500100595,2016년 5월 25일 22시,수요일,강원도 평창군 방림면,경상사고,0,0,1,0,차대차 - 측면직각충돌,안전운전불이행,건조,맑음,교차로 - 교차로안,승용,여,55세,상해없음,승용,남,46세,경상
2016052600100054,2016년 5월 26일 05시,목요일,강원도 강릉시 교동,중상사고,0,1,2,0,차대차 - 측면직각충돌,신호위반,건조,맑음,교차로 - 교차로안,승용,남,67세,상해없음,승용,남,19세,경상
2016052600100111,2016년 5월 26일 08시,목요일,강원도 원주시 단구동,경상사고,0,0,2,0,차대차 - 기타,직진우회전진행방해,건조,맑음,교차로 - 교차로안,승용,남,47세,상해없음,승용,여,41세,경상
2016052600100112,2016년 5월 26일 08시,목요일,강원도 삼척시 남양동,경상사고,0,0,1,0,차대차 - 추돌,안전거리미확보,건조,맑음,단일로 - 횡단보도부근,승용,남,71세,상해없음,승용,여,27세,경상
2016052600100152,2016년 5월 26일 09시,목요일,강원도 원주시 단계동,경상사고,0,0,2,0,차대차 - 측면충돌,차로위반,건조,맑음,단일로 - 기타,승용,남,74세,상해없음,승용,남,52세,경상
2016052600100153,2016년 5월 26일 09시,목요일,강원도 홍천군 홍천읍,경상사고,0,0,2,0,차대차 - 추돌,안전운전불이행,건조,맑음,교차로 - 교차로부근,건설기계,남,42세,상해없음,승용,남,53세,경상
2016052600100154,2016년 5월 26일 09시,목요일,강원도 정선군 북평면,경상사고,0,0,1,0,차량단독 - 전도전복,안전운전불이행,건조,맑음,단일로 - 기타,승용,여,58세,경상,,,,
2016052600100211,2016년 5월 26일 11시,목요일,강원도 원주시 학성동,경상사고,0,0,1,0,차대차 - 측면충돌,안전운전불이행,건조,맑음,단일로 - 기타,이륜,여,35세,경상,승용,남,59세,상해없음
2016052600100232,2016년 5월 26일 12시,목요일,강원도 춘천시 석사동,경상사고,0,0,1,0,차대사람 - 횡단중,보행자보호의무위반,건조,맑음,교차로 - 교차로안,원동기,남,32세,상해없음,보행자,여,52세,경상
2016052600100258,2016년 5월 26일 13시,목요일,강원도 춘천시 후평동,경상사고,0,0,1,0,차대차 - 측면직각충돌,직진우회전진행방해,건조,맑음,교차로 - 교차로안,승용,여,53세,상해없음,승용,여,53세,경상
2016052600100259,2016년 5월 26일 13시,목요일,강원도 고성군 죽왕면,중상사고,0,1,0,0,차대차 - 측면충돌,교차로운행방법위반,건조,맑음,교차로 - 교차로안,건설기계,남,48세,상해없음,화물,남,66세,중상
2016052600100294,2016년 5월 26일 14시,목요일,강원도 평창군 진부면,경상사고,0,0,2,0,차대차 - 측면충돌,안전운전불이행,건조,맑음,단일로 - 기타,화물,남,51세,상해없음,승용,남,58세,경상
2016052600100316,2016년 5월 26일 15시,목요일,강원도 춘천시 동면,중상사고,0,1,0,0,차대차 - 측면직각충돌,안전운전불이행,건조,맑음,교차로 - 교차로안,화물,남,58세,상해없음,화물,남,62세,중상
2016052600100317,2016년 5월 26일 15시,목요일,강원도 원주시 무실동,경상사고,0,0,3,0,차대차 - 측면충돌,교차로운행방법위반,건조,맑음,교차로 - 교차로안,화물,남,48세,상해없음,승용,남,43세,경상
2016052600100318,2016년 5월 26일 15시,목요일,강원도 횡성군 우천면,경상사고,0,0,2,0,차대차 - 측면직각충돌,중앙선침범,건조,맑음,단일로 - 기타,화물,남,54세,상해없음,화물,남,51세,경상
2016052600100401,2016년 5월 26일 17시,목요일,강원도 춘천시 우두동,경상사고,0,0,1,0,차대차 - 기타,안전운전불이행,건조,맑음,단일로 - 기타,화물,남,56세,상해없음,승합,남,46세,경상
2016052600100446,2016년 5월 26일 18시,목요일,강원도 원주시 단구동,경상사고,0,0,1,0,차대차 - 정면충돌,교차로운행방법위반,건조,맑음,교차로 - 교차로안,승용,남,44세,상해없음,자전거,남,7세,경상
2016052600100447,2016년 5월 26일 18시,목요일,강원도 양구군 양구읍,중상사고,0,1,0,0,차대차 - 측면직각충돌,신호위반,습기,흐림,교차로 - 교차로부근,승용,남,42세,상해없음,자전거,남,17세,중상
2016052700100022,2016년 5월 27일 02시,금요일,강원도 고성군 토성면,경상사고,0,0,1,0,차대사람 - 횡단중,안전운전불이행,건조,맑음,기타 - 기타,승용,남,31세,상해없음,보행자,남,23세,경상
2016052700100104,2016년 5월 27일 08시,금요일,강원도 춘천시 온의동,중상사고,0,1,0,0,차대차 - 측면직각충돌,교차로운행방법위반,건조,맑음,교차로 - 교차로안,승용,남,51세,상해없음,원동기,여,76세,중상
2016052700100140,2016년 5월 27일 09시,금요일,강원도 춘천시 석사동,경상사고,0,0,2,0,차대차 - 추돌,안전거리미확보,건조,맑음,단일로 - 기타,승합,여,40세,상해없음,승용,여,42세,경상
2016052700100141,2016년 5월 27일 09시,금요일,강원도 홍천군 홍천읍,경상사고,0,0,1,0,차대차 - 기타,안전운전불이행,건조,맑음,단일로 - 기타,승용,남,64세,상해없음,원동기,여,48세,경상
2016052700100174,2016년 5월 27일 10시,금요일,강원도 강릉시 주문진읍,중상사고,0,1,0,0,차대사람 - 기타,안전운전불이행,건조,맑음,단일로 - 기타,승용,남,60세,상해없음,보행자,여,81세,중상
2016052700100175,2016년 5월 27일 10시,금요일,강원도 원주시 지정면,중상사고,0,1,1,0,차대차 - 정면충돌,안전운전불이행,건조,맑음,교차로 - 교차로안,화물,남,61세,중상,화물,남,67세,경상
2016052700100193,2016년 5월 27일 11시,금요일,강원도 홍천군 북방면,경상사고,0,0,2,0,차대차 - 측면직각충돌,직진우회전진행방해,건조,맑음,교차로 - 교차로안,승용,여,59세,경상,화물,남,65세,경상
2016052700100194,2016년 5월 27일 11시,금요일,강원도 정선군 남면,경상사고,0,0,2,0,차대차 - 추돌,안전운전불이행,건조,맑음,단일로 - 터널,승합,남,73세,상해없음,승용,여,58세,경상
2016052700100195,2016년 5월 27일 11시,금요일,강원도 고성군 죽왕면,중상사고,0,1,4,0,차대차 - 측면충돌,직진우회전진행방해,건조,흐림,교차로 - 교차로안,화물,남,75세,상해없음,승용,남,50세,경상
2016052700100223,2016년 5월 27일 12시,금요일,강원도 원주시 무실동,경상사고,0,0,2,0,차대차 - 추돌,안전운전불이행,건조,맑음,기타 - 기타,화물,남,63세,상해없음,승용,여,38세,경상
2016052700100224,2016년 5월 27일 12시,금요일,강원도 정선군 임계면,경상사고,0,0,3,0,차대차 - 측면직각충돌,안전운전불이행,건조,맑음,교차로 - 교차로안,화물,남,52세,경상,화물,남,57세,경상
2016052700100225,2016년 5월 27일 12시,금요일,강원도 인제군 인제읍,중상사고,0,1,2,0,차대차 - 추돌,안전운전불이행,건조,맑음,교차로 - 교차로부근,화물,남,63세,상해없음,승용,남,40세,경상
2016052700100226,2016년 5월 27일 12시,금요일,강원도 동해시 천곡동,경상사고,0,0,1,0,차대사람 - 보도통행중,안전운전불이행,건조,맑음,단일로 - 기타,승용,남,63세,상해없음,보행자,여,29세,경상
2016052700100258,2016년 5월 27일 13시,금요일,강원도 원주시 무실동,중상사고,0,1,1,0,차대차 - 측면충돌,신호위반,건조,맑음,교차로 - 교차로안,승용,남,45세,상해없음,승용,남,33세,중상
2016052700100302,2016년 5월 27일 14시,금요일,강원도 춘천시 동면,경상사고,0,0,2,0,차대차 - 추돌,안전운전불이행,건조,맑음,단일로 - 기타,이륜,남,34세,기타불명,승용,남,43세,경상
2016052700100303,2016년 5월 27일 14시,금요일,강원도 삼척시 근덕면,경상사고,0,0,1,0,차량단독 - 공작물충돌,안전운전불이행,건조,맑음,단일로 - 기타,승용,여,50세,경상,,,,
2016052700100304,2016년 5월 27일 14시,금요일,강원도 홍천군 홍천읍,경상사고,0,0,1,0,차대차 - 측면직각충돌,안전운전불이행,건조,맑음,교차로 - 교차로부근,승용,남,53세,상해없음,자전거,남,21세,경상
2016052700100305,2016년 5월 27일 14시,금요일,강원도 동해시 발한동,중상사고,0,1,0,0,차대사람 - 길가장자리구역통행중,안전운전불이행,건조,맑음,단일로 - 기타,승합,남,40세,상해없음,보행자,여,72세,중상
2016052700100387,2016년 5월 27일 16시,금요일,강원도 원주시 소초면,중상사고,0,1,1,0,차대차 - 정면충돌,안전운전불이행,건조,맑음,교차로 - 교차로안,승용,남,58세,상해없음,승용,여,41세,중상
2016052700100388,2016년 5월 27일 16시,금요일,강원도 동해시 부곡동,경상사고,0,0,2,0,차대차 - 추돌,안전운전불이행,건조,맑음,교차로 - 교차로부근,화물,남,45세,상해없음,승용,남,55세,경상
2016052700100432,2016년 5월 27일 17시,금요일,강원도 동해시 묵호진동,경상사고,0,0,1,0,차대차 - 추돌,안전운전불이행,건조,맑음,단일로 - 기타,승용,여,56세,상해없음,원동기,남,70세,경상
2016052700100472,2016년 5월 27일 18시,금요일,강원도 양양군 강현면,경상사고,0,0,1,0,차대차 - 측면직각충돌,안전거리미확보,건조,맑음,단일로 - 기타,승용,남,39세,상해없음,승용,남,18세,경상
2016052700100573,2016년 5월 27일 21시,금요일,강원도 춘천시 온의동,경상사고,0,0,1,0,차대차 - 측면충돌,안전거리미확보,건조,맑음,교차로 - 교차로안,승용,남,24세,상해없음,승용,여,59세,경상
2016052700100574,2016년 5월 27일 21시,금요일,강원도 강릉시 강문동,경상사고,0,0,1,0,차대차 - 측면충돌,안전운전불이행,건조,맑음,교차로 - 교차로부근,특수,남,43세,기타불명,승용,여,54세,경상
2016052700100575,2016년 5월 27일 21시,금요일,강원도 속초시 교동,경상사고,0,0,2,0,차대차 - 측면직각충돌,안전운전불이행,건조,맑음,단일로 - 기타,승용,남,57세,상해없음,승용,여,29세,경상
2016052700100607,2016년 5월 27일 22시,금요일,강원도 평창군 진부면,경상사고,0,0,7,0,차대차 - 추돌,안전운전불이행,건조,맑음,단일로 - 기타,승용,남,44세,경상,승용,남,41세,상해없음
2016052700100608,2016년 5월 27일 22시,금요일,강원도 평창군 진부면,경상사고,0,0,1,0,차대차 - 추돌,안전운전불이행,건조,맑음,단일로 - 기타,승용,남,29세,상해없음,특수,남,55세,상해없음
2016052700100637,2016년 5월 27일 23시,금요일,강원도 춘천시 신북읍,중상사고,0,1,0,0,차대사람 - 차도통행중,안전운전불이행,건조,맑음,단일로 - 기타,승용,남,65세,상해없음,보행자,남,67세,중상
2016052800100082,2016년 5월 28일 05시,토요일,강원도 춘천시 석사동,중상사고,0,2,0,1,차대차 - 측면충돌,안전운전불이행,건조,맑음,교차로 - 교차로안,승용,남,30세,상해없음,승용,남,64세,중상
2016052800100127,2016년 5월 28일 08시,토요일,강원도 횡성군 횡성읍,중상사고,0,1,4,0,차대차 - 추돌,안전운전불이행,건조,맑음,단일로 - 기타,건설기계,남,35세,상해없음,승용,여,74세,중상
2016052800100156,2016년 5월 28일 09시,토요일,강원도 원주시 학성동,경상사고,0,0,5,0,차대차 - 측면충돌,신호위반,건조,맑음,교차로 - 교차로부근,승용,남,79세,상해없음,승용,남,59세,경상
2016052800100157,2016년 5월 28일 09시,토요일,강원도 원주시 우산동,경상사고,0,0,2,0,차대차 - 기타,안전운전불이행,건조,맑음,단일로 - 기타,승용,남,37세,상해없음,승용,여,47세,경상
2016052800100158,2016년 5월 28일 09시,토요일,강원도 철원군 김화읍,경상사고,0,0,2,0,차대차 - 측면직각충돌,신호위반,건조,맑음,교차로 - 교차로안,승용,남,80세,경상,화물,남,21세,경상
2016052800100186,2016년 5월 28일 10시,토요일,강원도 횡성군 횡성읍,경상사고,0,0,1,0,차대차 - 측면충돌,안전운전불이행,건조,맑음,교차로 - 교차로안,승용,남,35세,상해없음,원동기,남,56세,경상
2016052800100228,2016년 5월 28일 11시,토요일,강원도 원주시 귀래면,경상사고,0,0,2,0,차대차 - 정면충돌,안전거리미확보,건조,맑음,단일로 - 기타,특수,남,62세,상해없음,화물,남,50세,경상
2016052800100258,2016년 5월 28일 12시,토요일,강원도 춘천시 후평동,경상사고,0,0,1,0,차대차 - 추돌,안전운전불이행,건조,맑음,단일로 - 기타,승용,남,55세,상해없음,승용,남,64세,경상
2016052800100259,2016년 5월 28일 12시,토요일,강원도 횡성군 청일면,경상사고,0,0,1,0,차대차 - 측면직각충돌,안전운전불이행,건조,맑음,교차로 - 교차로안,승용,남,40세,상해없음,자전거,남,33세,경상
2016052800100260,2016년 5월 28일 12시,토요일,강원도 강릉시 교동,경상사고,0,0,2,0,차대차 - 측면충돌,차로위반,건조,맑음,단일로 - 기타,승용,남,24세,상해없음,승용,남,53세,경상
2016052800100298,2016년 5월 28일 13시,토요일,강원도 강릉시 구정면,중상사고,0,1,0,0,차대차 - 기타,차로위반,건조,맑음,단일로 - 기타,기타불명,기타불명,기타불명,기타불명,승용,남,35세,중상
2016052800100340,2016년 5월 28일 14시,토요일,강원도 춘천시 동내면,경상사고,0,0,1,0,차대차 - 측면직각충돌,안전거리미확보,건조,맑음,단일로 - 기타,건설기계,남,46세,상해없음,승용,여,45세,경상
2016052800100341,2016년 5월 28일 14시,토요일,강원도 강릉시 교동,경상사고,0,0,1,0,차대차 - 측면직각충돌,안전운전불이행,건조,맑음,교차로 - 교차로안,승용,여,60세,상해없음,승용,여,53세,경상
2016052800100342,2016년 5월 28일 14시,토요일,강원도 횡성군 횡성읍,경상사고,0,0,4,0,차대차 - 측면충돌,안전운전불이행,건조,맑음,교차로 - 교차로안,승용,남,50세,경상,승용,남,57세,경상
2016052800100385,2016년 5월 28일 15시,토요일,강원도 춘천시 사북면,부상신고사고,0,0,0,1,차량단독 - 기타,안전운전불이행,건조,맑음,단일로 - 기타,원동기,남,17세,상해없음,,,,
2016052800100386,2016년 5월 28일 15시,토요일,강원도 강릉시 강동면,부상신고사고,0,0,0,1,차량단독 - 전도전복,안전운전불이행,건조,맑음,교차로 - 교차로안,자전거,여,42세,부상신고,,,,
2016052800100387,2016년 5월 28일 15시,토요일,강원도 춘천시 동산면,중상사고,0,1,0,0,차량단독 - 전도전복,안전운전불이행,건조,맑음,단일로 - 기타,승용,남,22세,상해없음,,,,
2016052800100435,2016년 5월 28일 16시,토요일,강원도 원주시 관설동,경상사고,0,0,2,0,차대차 - 측면충돌,안전운전불이행,건조,맑음,단일로 - 기타,승용,남,54세,상해없음,승용,여,25세,경상
2016052800100436,2016년 5월 28일 16시,토요일,강원도 삼척시 근덕면,경상사고,0,0,1,0,차대차 - 정면충돌,안전운전불이행,건조,맑음,단일로 - 기타,승용,여,32세,상해없음,자전거,남,45세,경상
2016052800100479,2016년 5월 28일 17시,토요일,강원도 영월군 영월읍,중상사고,0,1,0,0,차대차 - 기타,교차로운행방법위반,건조,맑음,교차로 - 교차로안,승용,여,57세,상해없음,이륜,남,50세,중상
2016052800100547,2016년 5월 28일 19시,토요일,강원도 영월군 김삿갓면,부상신고사고,0,0,0,1,차량단독 - 전도전복,안전운전불이행,건조,맑음,단일로 - 기타,화물,남,37세,부상신고,,,,
2016052800100548,2016년 5월 28일 19시,토요일,강원도 인제군 인제읍,경상사고,0,0,1,0,차대차 - 측면충돌,중앙선침범,건조,맑음,단일로 - 기타,승용,여,58세,상해없음,승용,남,23세,경상
2016052800100613,2016년 5월 28일 21시,토요일,강원도 춘천시 석사동,경상사고,0,0,1,0,차대차 - 측면충돌,신호위반,건조,맑음,교차로 - 교차로안,승합,남,62세,상해없음,승용,남,25세,경상
2016052800100614,2016년 5월 28일 21시,토요일,강원도 춘천시 석사동,경상사고,0,0,1,0,차대차 - 기타,차로위반,건조,맑음,교차로 - 교차로부근,승합,남,60세,상해없음,이륜,남,26세,경상
2016052800100655,2016년 5월 28일 22시,토요일,강원도 홍천군 홍천읍,경상사고,0,0,1,0,차대사람 - 차도통행중,기타,건조,흐림,단일로 - 기타,승합,남,54세,상해없음,보행자,여,58세,경상
2016052800100679,2016년 5월 28일 23시,토요일,강원도 춘천시 근화동,경상사고,0,0,1,0,차대차 - 측면충돌,중앙선침범,건조,맑음,단일로 - 기타,원동기,남,29세,상해없음,승용,남,50세,경상
2016052900100059,2016년 5월 29일 03시,일요일,강원도 원주시 단구동,경상사고,0,0,1,0,차대차 - 측면충돌,신호위반,건조,맑음,교차로 - 교차로안,화물,남,43세,상해없음,승용,남,60세,경상
2016052900100092,2016년 5월 29일 06시,일요일,강원도 횡성군 둔내면,경상사고,0,0,1,0,차대차 - 정면충돌,안전운전불이행,기타,맑음,단일로 - 기타,화물,남,60세,상해없음,승용,남,43세,경상
2016052900100118,2016년 5월 29일 08시,일요일,강원도 화천군 화천읍,경상사고,0,0,1,0,차대차 - 측면충돌,중앙선침범,건조,맑음,단일로 - 기타,승용,남,59세,상해없음,승용,남,60세,경상
2016052900100134,2016년 5월 29일 09시,일요일,강원도 삼척시 도계읍,경상사고,0,0,3,0,차대차 - 정면충돌,중앙선침범,건조,맑음,단일로 - 교량,승합,남,52세,상해없음,승용,여,43세,경상