사고번호,사고일시,요일,시군구,사고내용,사망자수,중상자수,경상자수,부상신고자수,사고유형,법규위반,노면상태,기상상태,도로형태,가해운전자 차종,가해운전자 성별,가해운전자 연령,가해운전자 상해정도,피해운전자 차종,피해운전자 성별,피해운전자 연령,피해운전자 상해정도
2016060300100447,2016년 6월 3일 17시,금요일,강원도 원주시 지정면,중상사고,0,1,1,0,차대차 - 측면충돌,교차로운행방법위반,건조,맑음,교차로 - 교차로안,승용,남,60세,상해없음,승용,남,40세,중상
2016060300100449,2016년 6월 3일 17시,금요일,강원도 평창군 방림면,중상사고,0,1,0,0,차대사람 - 횡단중,안전운전불이행,건조,맑음,단일로 - 기타,승용,여,29세,상해없음,보행자,여,64세,중상
2016060300100450,2016년 6월 3일 17시,금요일,강원도 정선군 정선읍,중상사고,0,1,1,0,차대차 - 정면충돌,중앙선침범,건조,맑음,교차로 - 교차로안,승용,남,61세,상해없음,승용,남,39세,상해없음
2016060300100495,2016년 6월 3일 18시,금요일,강원도 원주시 단계동,경상사고,0,0,1,0,차량단독 - 전도전복,안전운전불이행,건조,맑음,단일로 - 기타,승용,남,69세,상해없음,,,,
2016060300100496,2016년 6월 3일 18시,금요일,강원도 속초시 청호동,중상사고,0,2,0,0,차대차 - 측면직각충돌,교차로운행방법위반,건조,맑음,교차로 - 교차로안,승용,남,53세,상해없음,승합,남,57세,상해없음
2016060300100497,2016년 6월 3일 18시,금요일,강원도 양구군 양구읍,경상사고,0,0,2,0,차대차 - 측면충돌,안전운전불이행,건조,맑음,단일로 - 기타,화물,남,55세,상해없음,승용,여,53세,경상
2016060300100675,2016년 6월 3일 22시,금요일,강원도 강릉시 교동,경상사고,0,0,4,0,차대차 - 추돌,안전운전불이행,건조,맑음,단일로 - 기타,승용,남,23세,상해없음,승용,여,30세,경상
2016060300100704,2016년 6월 3일 23시,금요일,강원도 평창군 대화면,중상사고,0,1,0,0,차량단독 - 공작물충돌,안전운전불이행,건조,맑음,단일로 - 기타,승합,남,45세,상해없음,,,,
2016060400100015,2016년 6월 4일 00시,토요일,강원도 원주시 가현동,중상사고,0,1,0,0,차대차 - 측면충돌,교차로운행방법위반,건조,맑음,교차로 - 교차로안,화물,남,60세,상해없음,승용,남,57세,중상
2016060400100079,2016년 6월 4일 04시,토요일,강원도 동해시 평릉동,경상사고,0,0,1,0,차대차 - 측면직각충돌,신호위반,건조,맑음,교차로 - 교차로안,승용,남,60세,상해없음,승용,남,71세,경상
2016060400100102,2016년 6월 4일 06시,토요일,강원도 강릉시 성내동,중상사고,0,1,1,0,차대차 - 측면충돌,신호위반,건조,맑음,교차로 - 교차로안,승용,남,67세,상해없음,승용,남,47세,경상
2016060400100116,2016년 6월 4일 07시,토요일,강원도 정선군 북평면,중상사고,0,2,0,0,차대차 - 정면충돌,안전운전불이행,건조,맑음,단일로 - 기타,승용,남,54세,상해없음,승용,남,54세,중상
2016060400100139,2016년 6월 4일 08시,토요일,강원도 횡성군 안흥면,경상사고,0,0,1,0,차대차 - 측면직각충돌,안전운전불이행,건조,맑음,단일로 - 기타,승합,남,51세,상해없음,승용,남,36세,상해없음
2016060400100164,2016년 6월 4일 09시,토요일,강원도 춘천시 신북읍,경상사고,0,0,3,0,차대차 - 측면직각충돌,중앙선침범,건조,맑음,단일로 - 기타,승용,여,38세,상해없음,승용,남,58세,경상
2016060400100198,2016년 6월 4일 10시,토요일,강원도 춘천시 소양로1가,경상사고,0,0,1,0,차대차 - 추돌,안전운전불이행,건조,맑음,교차로 - 교차로부근,승합,남,63세,상해없음,승용,여,67세,경상
2016060400100199,2016년 6월 4일 10시,토요일,강원도 원주시 단계동,경상사고,0,0,2,0,차대차 - 정면충돌,안전운전불이행,건조,맑음,단일로 - 기타,승용,여,68세,상해없음,승용,남,50세,경상
2016060400100200,2016년 6월 4일 10시,토요일,강원도 양양군 현북면,경상사고,0,0,1,0,차대차 - 측면충돌,안전운전불이행,건조,맑음,교차로 - 교차로부근,승용,여,57세,상해없음,승용,남,55세,상해없음
2016060400100201,2016년 6월 4일 10시,토요일,강원도 영월군 주천면,중상사고,0,1,0,0,차대사람 - 차도통행중,교차로운행방법위반,습기,맑음,교차로 - 교차로안,특수,남,40세,상해없음,보행자,여,78세,중상
2016060400100202,2016년 6월 4일 10시,토요일,강원도 원주시 태장동,중상사고,0,1,1,0,차대차 - 추돌,안전거리미확보,건조,맑음,단일로 - 기타,승용,남,44세,상해없음,승용,여,35세,상해없음
2016060400100269,2016년 6월 4일 12시,토요일,강원도 원주시 행구동,중상사고,0,1,0,0,차대차 - 측면직각충돌,안전운전불이행,건조,맑음,교차로 - 교차로안,승용,남,45세,상해없음,승용,남,36세,중상
2016060400100270,2016년 6월 4일 12시,토요일,강원도 양양군 강현면,경상사고,0,0,1,0,차대차 - 추돌,안전운전불이행,건조,맑음,교차로 - 교차로부근,승용,남,27세,상해없음,승용,여,41세,상해없음
2016060400100318,2016년 6월 4일 13시,토요일,강원도 양양군 손양면,사망사고,1,2,0,0,차대차 - 정면충돌,중앙선침범,건조,맑음,교차로 - 교차로부근,승용,여,49세,사망,승용,남,62세,중상
2016060400100319,2016년 6월 4일 13시,토요일,강원도 철원군 동송읍,중상사고,0,1,0,0,차대차 - 측면직각충돌,안전운전불이행,건조,맑음,단일로 - 기타,승용,남,80세,상해없음,화물,기타불명,기타불명,기타불명
2016060400100361,2016년 6월 4일 14시,토요일,강원도 춘천시 동면,중상사고,0,1,2,0,차대차 - 정면충돌,교차로운행방법위반,건조,맑음,교차로 - 교차로안,승용,남,51세,상해없음,승용,남,55세,경상
2016060400100362,2016년 6월 4일 14시,토요일,강원도 춘천시 후평동,경상사고,0,0,2,0,차대차 - 추돌,안전운전불이행,건조,맑음,단일로 - 기타,승용,남,24세,상해없음,승용,여,55세,경상
2016060400100363,2016년 6월 4일 14시,토요일,강원도 인제군 인제읍,중상사고,0,2,0,0,차대차 - 기타,신호위반,건조,맑음,교차로 - 교차로부근,화물,남,60세,기타불명,이륜,남,45세,중상
2016060400100364,2016년 6월 4일 14시,토요일,강원도 동해시 묵호진동,경상사고,0,0,2,0,차대차 - 측면직각충돌,교차로운행방법위반,건조,맑음,교차로 - 교차로안,승용,여,63세,경상,승합,남,50세,경상
2016060400100408,2016년 6월 4일 15시,토요일,강원도 삼척시 도계읍,경상사고,0,0,4,1,차대차 - 측면충돌,중앙선침범,건조,맑음,단일로 - 기타,승용,여,62세,부상신고,승용,남,34세,경상
2016060400100445,2016년 6월 4일 16시,토요일,강원도 강릉시 주문진읍,경상사고,0,0,1,0,차대사람 - 횡단중,안전운전불이행,건조,맑음,단일로 - 기타,승용,남,67세,상해없음,보행자,남,58세,경상
2016060400100446,2016년 6월 4일 16시,토요일,강원도 원주시 단계동,경상사고,0,0,4,0,차대차 - 측면충돌,안전거리미확보,건조,맑음,교차로 - 교차로안,승용,남,56세,상해없음,승용,남,19세,경상
2016060400100447,2016년 6월 4일 16시,토요일,강원도 양양군 강현면,경상사고,0,0,3,0,차대차 - 기타,안전거리미확보,건조,맑음,단일로 - 기타,승용,남,32세,상해없음,승용,남,44세,경상
2016060400100448,2016년 6월 4일 16시,토요일,강원도 속초시 청호동,중상사고,0,2,4,0,차대차 - 측면충돌,직진우회전진행방해,건조,맑음,교차로 - 교차로안,승용,남,31세,상해없음,승용,여,40세,중상
2016060400100449,2016년 6월 4일 16시,토요일,강원도 삼척시 정하동,경상사고,0,0,1,0,차대사람 - 기타,안전운전불이행,건조,맑음,교차로 - 교차로안,화물,남,73세,상해없음,보행자,남,35세,경상
2016060400100450,2016년 6월 4일 16시,토요일,강원도 고성군 토성면,중상사고,0,1,0,0,차대차 - 측면충돌,중앙선침범,건조,맑음,단일로 - 기타,승용,남,43세,상해없음,자전거,남,54세,중상
2016060400100515,2016년 6월 4일 18시,토요일,강원도 양구군 방산면,경상사고,0,0,1,0,차대차 - 측면직각충돌,안전운전불이행,건조,맑음,단일로 - 기타,농기계,남,61세,상해없음,승합,남,42세,경상
2016060400100581,2016년 6월 4일 20시,토요일,강원도 속초시 교동,중상사고,0,1,0,0,차대사람 - 횡단중,보행자보호의무위반,건조,맑음,단일로 - 횡단보도상,승용,여,40세,상해없음,보행자,여,39세,중상
2016060400100582,2016년 6월 4일 20시,토요일,강원도 양양군 양양읍,경상사고,0,0,3,0,차대차 - 측면직각충돌,교차로운행방법위반,건조,맑음,교차로 - 교차로안,승용,남,38세,상해없음,승용,여,25세,경상
2016060400100611,2016년 6월 4일 21시,토요일,강원도 속초시 청호동,경상사고,0,0,1,0,차대사람 - 횡단중,안전운전불이행,건조,맑음,단일로 - 기타,승용,남,49세,상해없음,보행자,남,31세,경상
2016060500100042,2016년 6월 5일 03시,일요일,강원도 춘천시 퇴계동,경상사고,0,0,1,0,차대차 - 측면직각충돌,안전운전불이행,건조,맑음,단일로 - 기타,승용,남,28세,상해없음,승용,여,32세,기타불명
2016060500100077,2016년 6월 5일 06시,일요일,강원도 정선군 사북읍,경상사고,0,0,1,0,차대사람 - 기타,기타,건조,맑음,단일로 - 기타,승용,남,38세,상해없음,보행자,남,55세,경상
2016060500100097,2016년 6월 5일 08시,일요일,강원도 강릉시 저동,경상사고,0,0,2,0,차대차 - 추돌,안전운전불이행,건조,맑음,교차로 - 교차로안,승용,여,52세,상해없음,승용,여,54세,경상
2016060500100098,2016년 6월 5일 08시,일요일,강원도 영월군 김삿갓면,부상신고사고,0,0,0,1,차대차 - 측면충돌,교차로운행방법위반,건조,맑음,교차로 - 교차로안,승용,여,52세,상해없음,자전거,남,8세,부상신고
2016060500100111,2016년 6월 5일 09시,일요일,강원도 원주시 개운동,경상사고,0,0,1,0,차대차 - 정면충돌,안전운전불이행,건조,맑음,단일로 - 기타,승용,남,77세,상해없음,자전거,남,46세,경상
2016060500100112,2016년 6월 5일 09시,일요일,강원도 평창군 평창읍,경상사고,0,0,1,0,차대차 - 측면직각충돌,안전운전불이행,건조,맑음,교차로 - 교차로안,승합,남,54세,상해없음,화물,여,40세,경상
2016060500100113,2016년 6월 5일 09시,일요일,강원도 동해시 천곡동,경상사고,0,0,1,0,차대차 - 측면직각충돌,안전운전불이행,건조,맑음,교차로 - 교차로안,승용,남,48세,상해없음,승용,여,63세,경상
2016060500100138,2016년 6월 5일 10시,일요일,강원도 원주시 태장동,경상사고,0,0,6,0,차대차 - 정면충돌,안전운전불이행,건조,맑음,기타 - 기타,화물,남,57세,상해없음,승용,남,20세,경상
2016060500100196,2016년 6월 5일 12시,일요일,강원도 춘천시 동산면,중상사고,0,1,0,0,차대차 - 측면충돌,안전운전불이행,건조,맑음,단일로 - 기타,승용,남,37세,상해없음,승용,여,54세,중상
2016060500100197,2016년 6월 5일 12시,일요일,강원도 양양군 양양읍,경상사고,0,0,1,0,차대차 - 측면충돌,중앙선침범,건조,맑음,단일로 - 기타,승용,남,40세,상해없음,승용,남,62세,상해없음
2016060500100198,2016년 6월 5일 12시,일요일,강원도 춘천시 남면,중상사고,0,2,1,0,차대차 - 추돌,안전거리미확보,건조,맑음,단일로 - 기타,승용,남,48세,상해없음,승용,여,44세,중상
2016060500100223,2016년 6월 5일 13시,일요일,강원도 춘천시 효자동,경상사고,0,0,2,0,차대차 - 측면직각충돌,교차로운행방법위반,건조,맑음,교차로 - 교차로안,승용,남,74세,상해없음,승용,남,37세,경상
2016060500100224,2016년 6월 5일 13시,일요일,강원도 춘천시 후평동,경상사고,0,0,1,0,차대차 - 추돌,안전거리미확보,건조,맑음,단일로 - 기타,승용,남,56세,상해없음,승용,남,39세,경상
2016060500100225,2016년 6월 5일 13시,일요일,강원도 원주시 태장동,경상사고,0,0,1,0,차대차 - 정면충돌,교차로운행방법위반,건조,맑음,교차로 - 교차로안,승용,남,57세,상해없음,이륜,남,34세,경상
2016060500100226,2016년 6월 5일 13시,일요일,강원도 횡성군 횡성읍,경상사고,0,0,3,0,차대차 - 측면직각충돌,안전운전불이행,건조,맑음,교차로 - 교차로안,승용,여,53세,상해없음,승용,남,36세,경상
2016060500100263,2016년 6월 5일 14시,일요일,강원도 원주시 문막읍,경상사고,0,0,1,0,차대차 - 정면충돌,안전운전불이행,건조,맑음,단일로 - 기타,승용,여,53세,상해없음,자전거,남,9세,경상
2016060500100264,2016년 6월 5일 14시,일요일,강원도 양양군 강현면,경상사고,0,0,3,0,차대차 - 추돌,중앙선침범,건조,맑음,교차로 - 교차로부근,승용,여,38세,상해없음,승용,남,43세,경상
2016060500100299,2016년 6월 5일 15시,일요일,강원도 양양군 강현면,경상사고,0,0,3,0,차대차 - 측면충돌,교차로운행방법위반,건조,맑음,교차로 - 교차로부근,승용,남,44세,경상,승용,남,65세,경상
2016060500100300,2016년 6월 5일 15시,일요일,강원도 춘천시 남산면,경상사고,0,0,2,0,차대차 - 추돌,안전거리미확보,건조,맑음,단일로 - 기타,승용,남,27세,상해없음,승용,남,36세,경상
2016060500100333,2016년 6월 5일 16시,일요일,강원도 춘천시 남산면,경상사고,0,0,1,0,차대차 - 측면충돌,안전운전불이행,건조,맑음,단일로 - 기타,승용,남,74세,상해없음,승용,남,35세,상해없음
2016060500100334,2016년 6월 5일 16시,일요일,강원도 춘천시 남산면,경상사고,0,0,3,0,차대차 - 정면충돌,중앙선침범,건조,맑음,단일로 - 기타,승용,남,66세,상해없음,승용,남,31세,경상
2016060500100335,2016년 6월 5일 16시,일요일,강원도 춘천시 남산면,중상사고,0,1,0,0,차대차 - 정면충돌,안전운전불이행,건조,맑음,단일로 - 기타,이륜,여,23세,상해없음,이륜,남,48세,중상
2016060500100379,2016년 6월 5일 17시,일요일,강원도 춘천시 온의동,부상신고사고,0,0,0,1,차대사람 - 기타,안전운전불이행,건조,맑음,단일로 - 기타,승합,남,55세,상해없음,보행자,여,13세,부상신고
2016060500100380,2016년 6월 5일 17시,일요일,강원도 강릉시 죽헌동,중상사고,0,1,0,0,차대차 - 측면충돌,안전운전불이행,건조,맑음,교차로 - 교차로안,화물,남,51세,상해없음,이륜,남,78세,중상
2016060500100381,2016년 6월 5일 17시,일요일,강원도 원주시 행구동,중상사고,0,1,1,0,차대차 - 측면충돌,교차로운행방법위반,건조,맑음,교차로 - 교차로안,승용,여,54세,상해없음,승용,남,47세,경상
2016060500100382,2016년 6월 5일 17시,일요일,강원도 삼척시 신기면,경상사고,0,0,1,0,차대차 - 측면충돌,안전운전불이행,건조,맑음,교차로 - 교차로안,화물,남,55세,상해없음,승용,남,39세,상해없음
2016060500100383,2016년 6월 5일 17시,일요일,강원도 화천군 사내면,중상사고,0,1,3,0,차대차 - 정면충돌,직진우회전진행방해,건조,맑음,교차로 - 교차로안,승용,남,26세,상해없음,승용,남,31세,경상
2016060500100413,2016년 6월 5일 18시,일요일,강원도 춘천시 석사동,중상사고,0,3,1,0,차대차 - 측면직각충돌,차로위반,건조,맑음,교차로 - 교차로부근,승용,남,22세,상해없음,승합,남,27세,중상
2016060500100414,2016년 6월 5일 18시,일요일,강원도 춘천시 근화동,경상사고,0,0,1,0,차대차 - 측면직각충돌,교차로운행방법위반,건조,맑음,교차로 - 교차로안,승용,남,48세,기타불명,승용,남,52세,경상
2016060500100415,2016년 6월 5일 18시,일요일,강원도 강릉시 교동,경상사고,0,0,1,0,차대차 - 측면직각충돌,안전운전불이행,건조,맑음,단일로 - 기타,승용,여,56세,상해없음,승용,여,50세,경상
2016060500100416,2016년 6월 5일 18시,일요일,강원도 속초시 중앙동,경상사고,0,0,3,0,차대차 - 추돌,안전운전불이행,건조,맑음,교차로 - 교차로부근,이륜,남,21세,상해없음,승용,남,40세,경상
2016060500100417,2016년 6월 5일 18시,일요일,강원도 영월군 영월읍,중상사고,0,1,0,0,차대차 - 측면직각충돌,중앙선침범,건조,맑음,단일로 - 기타,이륜,남,55세,중상,승용,남,65세,상해없음
2016060500100418,2016년 6월 5일 18시,일요일,강원도 화천군 사내면,경상사고,0,0,5,0,차대차 - 측면충돌,안전운전불이행,건조,맑음,단일로 - 기타,승용,남,37세,상해없음,승용,남,50세,경상
2016060500100419,2016년 6월 5일 18시,일요일,강원도 정선군 정선읍,경상사고,0,0,1,0,차대사람 - 기타,안전운전불이행,건조,맑음,단일로 - 기타,화물,남,19세,상해없음,보행자,남,29세,경상
2016060500100494,2016년 6월 5일 20시,일요일,강원도 춘천시 중앙로1가,경상사고,0,0,1,0,차대차 - 정면충돌,교차로운행방법위반,건조,맑음,교차로 - 교차로안,원동기,남,23세,상해없음,이륜,남,54세,경상
2016060500100495,2016년 6월 5일 20시,일요일,강원도 정선군 정선읍,경상사고,0,0,6,0,차대차 - 추돌,안전운전불이행,건조,맑음,단일로 - 교량,승용,남,55세,상해없음,승용,남,41세,경상
2016060500100522,2016년 6월 5일 21시,일요일,강원도 춘천시 석사동,경상사고,0,0,2,0,차대차 - 측면직각충돌,안전운전불이행,건조,맑음,교차로 - 교차로안,승용,남,28세,상해없음,승용,남,47세,경상
2016060500100523,2016년 6월 5일 21시,일요일,강원도 강릉시 안현동,중상사고,0,1,0,0,차대차 - 측면충돌,기타,건조,맑음,교차로 - 교차로부근,승용,남,66세,상해없음,자전거,남,38세,중상
2016060500100524,2016년 6월 5일 21시,일요일,강원도 원주시 태장동,중상사고,0,3,0,0,차대차 - 측면충돌,교차로운행방법위반,건조,맑음,교차로 - 교차로안,승용,남,48세,상해없음,승용,남,18세,중상
2016060500100525,2016년 6월 5일 21시,일요일,강원도 인제군 북면,경상사고,0,0,2,0,차대차 - 추돌,안전운전불이행,건조,맑음,단일로 - 터널,승용,남,25세,상해없음,승용,남,30세,경상
2016060600100047,2016년 6월 6일 03시,월요일,강원도 원주시 학성동,경상사고,0,0,1,0,차대차 - 정면충돌,안전거리미확보,건조,기타,단일로 - 기타,승용,남,37세,상해없음,승용,남,21세,경상
2016060600100063,2016년 6월 6일 05시,월요일,강원도 횡성군 둔내면,중상사고,0,1,0,0,차대차 - 정면충돌,중앙선침범,건조,맑음,단일로 - 기타,승용,남,54세,상해없음,승용,남,46세,중상
2016060600100157,2016년 6월 6일 11시,월요일,강원도 영월군 주천면,중상사고,0,1,2,0,차대차 - 측면직각충돌,교차로운행방법위반,건조,맑음,교차로 - 교차로안,승용,남,30세,상해없음,승용,남,39세,경상
2016060600100178,2016년 6월 6일 12시,월요일,강원도 강릉시 사천면,경상사고,0,0,3,0,차대차 - 측면충돌,안전운전불이행,건조,맑음,교차로 - 교차로안,승용,남,47세,상해없음,승용,남,40세,경상
2016060600100179,2016년 6월 6일 12시,월요일,강원도 원주시 무실동,경상사고,0,0,1,0,차대차 - 측면충돌,신호위반,건조,맑음,교차로 - 교차로안,승용,남,57세,기타불명,승용,남,31세,상해없음
2016060600100199,2016년 6월 6일 13시,월요일,강원도 인제군 기린면,경상사고,0,0,1,0,차대사람 - 기타,안전운전불이행,건조,맑음,단일로 - 기타,승용,남,69세,상해없음,보행자,남,9세,경상
2016060600100200,2016년 6월 6일 13시,월요일,강원도 홍천군 홍천읍,경상사고,0,0,3,0,차대차 - 측면직각충돌,신호위반,건조,맑음,교차로 - 교차로안,승용,여,56세,상해없음,승용,남,39세,경상
2016060600100240,2016년 6월 6일 14시,월요일,강원도 춘천시 소양로1가,경상사고,0,0,1,0,차대사람 - 횡단중,안전운전불이행,건조,맑음,단일로 - 기타,기타불명,기타불명,기타불명,기타불명,보행자,여,72세,경상
2016060600100282,2016년 6월 6일 15시,월요일,강원도 춘천시 사북면,중상사고,0,1,3,0,차대차 - 측면직각충돌,중앙선침범,건조,맑음,단일로 - 기타,승용,남,66세,경상,특수,남,68세,상해없음
2016060600100283,2016년 6월 6일 15시,월요일,강원도 원주시 판부면,경상사고,0,0,1,0,차대사람 - 횡단중,안전운전불이행,건조,맑음,단일로 - 기타,승용,남,38세,상해없음,보행자,남,7세,경상
2016060600100311,2016년 6월 6일 16시,월요일,강원도 원주시 단계동,경상사고,0,0,1,0,차대차 - 측면충돌,차로위반,건조,맑음,단일로 - 기타,승용,남,76세,상해없음,승용,남,37세,경상
2016060600100312,2016년 6월 6일 16시,월요일,강원도 춘천시 남면,경상사고,0,0,2,0,차대차 - 추돌,안전거리미확보,건조,맑음,단일로 - 기타,승용,남,33세,상해없음,승용,남,56세,경상
2016060600100340,2016년 6월 6일 17시,월요일,강원도 원주시 중앙동,경상사고,0,0,1,0,차대차 - 정면충돌,안전운전불이행,건조,맑음,교차로 - 교차로부근,승용,남,21세,상해없음,자전거,남,59세,경상
2016060600100370,2016년 6월 6일 18시,월요일,강원도 춘천시 소양로2가,경상사고,0,0,1,0,차대차 - 측면직각충돌,안전거리미확보,건조,맑음,단일로 - 기타,승용,남,29세,상해없음,원동기,남,27세,경상
2016060600100431,2016년 6월 6일 21시,월요일,강원도 원주시 단계동,중상사고,0,1,0,0,차대차 - 정면충돌,교차로운행방법위반,건조,맑음,교차로 - 교차로안,승용,남,46세,상해없음,이륜,남,19세,중상
2016060700100025,2016년 6월 7일 03시,화요일,강원도 춘천시 퇴계동,경상사고,0,0,3,0,차대차 - 측면충돌,신호위반,건조,맑음,교차로 - 교차로안,승용,남,59세,상해없음,승용,남,52세,경상
2016060700100049,2016년 6월 7일 06시,화요일,강원도 원주시 단구동,중상사고,0,1,0,0,차대차 - 정면충돌,신호위반,건조,맑음,교차로 - 교차로안,승용,남,70세,기타불명,승용,남,62세,중상
2016060700100201,2016년 6월 7일 11시,화요일,강원도 횡성군 갑천면,사망사고,1,2,3,0,차대차 - 정면충돌,중앙선침범,건조,맑음,단일로 - 기타,승용,여,38세,사망,승합,남,51세,경상
2016060700100269,2016년 6월 7일 13시,화요일,강원도 춘천시 동면,경상사고,0,0,1,0,차대차 - 측면충돌,안전운전불이행,건조,맑음,단일로 - 기타,승용,여,34세,경상,승용,남,59세,상해없음
2016060700100270,2016년 6월 7일 13시,화요일,강원도 춘천시 남산면,경상사고,0,0,1,0,차대차 - 기타,안전운전불이행,건조,맑음,단일로 - 기타,이륜,남,14세,상해없음,이륜,남,23세,경상
2016060700100271,2016년 6월 7일 13시,화요일,강원도 화천군 화천읍,경상사고,0,0,1,1,차대차 - 정면충돌,중앙선침범,건조,맑음,교차로 - 교차로부근,승용,남,73세,부상신고,승용,남,36세,경상
2016060700100298,2016년 6월 7일 14시,화요일,강원도 춘천시 중앙로3가,경상사고,0,0,1,0,차대차 - 측면직각충돌,교차로운행방법위반,건조,맑음,교차로 - 교차로안,승용,여,50세,상해없음,승용,남,39세,경상
2016060700100299,2016년 6월 7일 14시,화요일,강원도 강릉시 교동,경상사고,0,0,2,0,차대차 - 측면직각충돌,안전운전불이행,건조,맑음,교차로 - 교차로안,승용,여,21세,상해없음,승용,남,54세,경상
2016060700100334,2016년 6월 7일 15시,화요일,강원도 원주시 일산동,중상사고,0,1,0,0,차대차 - 측면충돌,기타,건조,맑음,단일로 - 기타,승용,남,54세,상해없음,이륜,남,41세,중상
2016060700100335,2016년 6월 7일 15시,화요일,강원도 삼척시 근덕면,부상신고사고,0,0,0,1,차대차 - 측면직각충돌,안전운전불이행,건조,맑음,단일로 - 기타,건설기계,남,61세,상해없음,자전거,남,58세,부상신고
2016060700100368,2016년 6월 7일 16시,화요일,강원도 홍천군 동면,중상사고,0,1,0,0,차대차 - 정면충돌,중앙선침범,건조,맑음,단일로 - 기타,자전거,남,15세,중상,건설기계,남,58세,상해없음
2016060700100369,2016년 6월 7일 16시,화요일,강원도 홍천군 홍천읍,경상사고,0,0,1,0,차대차 - 측면충돌,안전운전불이행,건조,맑음,교차로 - 교차로부근,승용,여,51세,상해없음,자전거,남,10세,경상
2016060700100411,2016년 6월 7일 17시,화요일,강원도 춘천시 석사동,중상사고,0,1,0,0,차대차 - 측면직각충돌,신호위반,건조,맑음,단일로 - 기타,건설기계,남,48세,상해없음,자전거,여,59세,중상
2016060700100412,2016년 6월 7일 17시,화요일,강원도 삼척시 남양동,경상사고,0,0,3,0,차대차 - 측면직각충돌,안전운전불이행,건조,맑음,교차로 - 교차로안,승용,남,72세,경상,승용,남,61세,상해없음
2016060700100451,2016년 6월 7일 18시,화요일,강원도 화천군 화천읍,경상사고,0,0,1,0,차대차 - 측면충돌,안전운전불이행,건조,맑음,교차로 - 교차로안,승용,남,24세,상해없음,승용,남,68세,경상
2016060800100027,2016년 6월 8일 03시,수요일,강원도 철원군 갈말읍,중상사고,0,6,0,0,차대차 - 추돌,중앙선침범,건조,맑음,단일로 - 기타,승용,남,44세,중상,화물,남,20세,중상
2016060800100045,2016년 6월 8일 05시,수요일,강원도 춘천시 운교동,중상사고,0,1,0,0,차대차 - 추돌,기타,건조,맑음,단일로 - 기타,승용,남,29세,상해없음,이륜,남,29세,중상
2016060800100051,2016년 6월 8일 06시,수요일,강원도 강릉시 포남동,경상사고,0,0,1,0,차대차 - 추돌,안전운전불이행,건조,맑음,단일로 - 기타,승용,남,52세,상해없음,승용,여,32세,경상
2016060800100099,2016년 6월 8일 08시,수요일,강원도 춘천시 석사동,경상사고,0,0,1,0,차대차 - 추돌,안전거리미확보,건조,맑음,교차로 - 교차로안,승용,남,30세,상해없음,승용,여,37세,경상
2016060800100100,2016년 6월 8일 08시,수요일,강원도 춘천시 석사동,경상사고,0,0,1,0,차대차 - 추돌,안전운전불이행,건조,맑음,교차로 - 교차로부근,원동기,여,24세,상해없음,승용,여,27세,경상
2016060800100147,2016년 6월 8일 09시,수요일,강원도 춘천시 근화동,중상사고,0,1,0,0,차대차 - 측면직각충돌,안전운전불이행,건조,맑음,단일로 - 기타,자전거,남,43세,기타불명,자전거,남,83세,중상
2016060800100148,2016년 6월 8일 09시,수요일,강원도 삼척시 도계읍,경상사고,0,0,2,0,차대차 - 정면충돌,안전운전불이행,건조,흐림,단일로 - 기타,화물,남,55세,상해없음,승용,남,65세,경상
2016060800100202,2016년 6월 8일 11시,수요일,강원도 원주시 학성동,경상사고,0,0,2,0,차대차 - 정면충돌,중앙선침범,건조,맑음,단일로 - 기타,승용,남,69세,상해없음,승용,여,59세,경상
2016060800100219,2016년 6월 8일 12시,수요일,강원도 강릉시 교동,사망사고,1,0,0,0,차대차 - 측면직각충돌,신호위반,건조,맑음,교차로 - 교차로안,화물,남,42세,상해없음,원동기,남,20세,사망
2016060800100220,2016년 6월 8일 12시,수요일,강원도 인제군 남면,중상사고,0,1,0,0,차대차 - 추돌,안전운전불이행,건조,맑음,교차로 - 교차로부근,승용,남,52세,상해없음,승용,여,47세,중상
2016060800100221,2016년 6월 8일 12시,수요일,강원도 인제군 인제읍,경상사고,0,0,1,0,차대차 - 측면충돌,중앙선침범,건조,맑음,단일로 - 기타,승용,남,48세,상해없음,이륜,남,73세,경상
2016060800100276,2016년 6월 8일 14시,수요일,강원도 춘천시 온의동,경상사고,0,0,2,0,차대차 - 기타,안전운전불이행,건조,맑음,교차로 - 교차로부근,승용,여,53세,상해없음,이륜,남,39세,경상
2016060800100306,2016년 6월 8일 15시,수요일,강원도 강릉시 남문동,경상사고,0,0,3,0,차대차 - 추돌,안전거리미확보,건조,맑음,교차로 - 교차로부근,화물,남,65세,상해없음,승용,여,42세,경상
2016060800100343,2016년 6월 8일 16시,수요일,강원도 원주시 단구동,경상사고,0,0,1,0,차대차 - 기타,안전운전불이행,건조,맑음,교차로 - 교차로안,승용,여,48세,상해없음,자전거,남,10세,경상
2016060800100484,2016년 6월 8일 20시,수요일,강원도 원주시 단구동,경상사고,0,0,1,0,차대차 - 측면직각충돌,안전운전불이행,건조,맑음,교차로 - 교차로안,승용,여,28세,상해없음,승용,남,54세,경상
2016060800100515,2016년 6월 8일 21시,수요일,강원도 속초시 교동,경상사고,0,0,1,0,차대차 - 측면직각충돌,안전운전불이행,습기,비,단일로 - 기타,승용,남,53세,상해없음,이륜,남,28세,경상
2016060800100562,2016년 6월 8일 23시,수요일,강원도 원주시 단계동,경상사고,0,0,2,0,차대차 - 정면충돌,차로위반,건조,맑음,교차로 - 교차로부근,승용,남,29세,상해없음,승용,남,66세,경상