사고번호,사고일시,요일,시군구,사고내용,사망자수,중상자수,경상자수,부상신고자수,사고유형,법규위반,노면상태,기상상태,도로형태,가해운전자 차종,가해운전자 성별,가해운전자 연령,가해운전자 상해정도,피해운전자 차종,피해운전자 성별,피해운전자 연령,피해운전자 상해정도
2016061900100167,2016년 6월 19일 10시,일요일,강원도 홍천군 서면,경상사고,0,0,2,0,차대차 - 측면충돌,안전운전불이행,건조,맑음,단일로 - 기타,승용,남,39세,상해없음,농기계,남,56세,경상
2016061900100168,2016년 6월 19일 10시,일요일,강원도 화천군 화천읍,경상사고,0,0,2,0,차대차 - 추돌,안전거리미확보,건조,맑음,단일로 - 기타,승용,남,38세,상해없음,승용,남,36세,경상
2016061900100206,2016년 6월 19일 12시,일요일,강원도 원주시 관설동,중상사고,0,3,3,0,차대차 - 측면충돌,직진우회전진행방해,건조,맑음,교차로 - 교차로안,승용,남,33세,경상,승용,남,41세,경상
2016061900100247,2016년 6월 19일 14시,일요일,강원도 춘천시 중앙로3가,중상사고,0,1,1,0,차대차 - 측면직각충돌,안전운전불이행,건조,맑음,교차로 - 교차로안,승용,여,37세,상해없음,승용,여,46세,경상
2016061900100248,2016년 6월 19일 14시,일요일,강원도 춘천시 우두동,경상사고,0,0,1,0,차대차 - 기타,안전운전불이행,건조,맑음,교차로 - 교차로안,승용,남,34세,상해없음,승용,남,35세,경상
2016061900100249,2016년 6월 19일 14시,일요일,강원도 원주시 명륜동,중상사고,0,1,0,0,차대차 - 기타,안전운전불이행,건조,맑음,기타 - 기타,승용,남,26세,상해없음,자전거,남,5세,중상
2016061900100250,2016년 6월 19일 14시,일요일,강원도 홍천군 홍천읍,중상사고,0,1,0,0,차대차 - 측면충돌,안전운전불이행,건조,맑음,단일로 - 기타,승용,남,60세,상해없음,자전거,남,78세,중상
2016061900100278,2016년 6월 19일 15시,일요일,강원도 원주시 일산동,경상사고,0,0,1,0,차대사람 - 횡단중,보행자보호의무위반,건조,맑음,단일로 - 기타,승용,남,49세,상해없음,보행자,남,50세,경상
2016061900100279,2016년 6월 19일 15시,일요일,강원도 평창군 평창읍,중상사고,0,4,5,0,차대차 - 정면충돌,중앙선침범,건조,맑음,단일로 - 기타,승용,남,33세,중상,승용,여,25세,중상
2016061900100381,2016년 6월 19일 18시,일요일,강원도 원주시 관설동,경상사고,0,0,1,0,차대차 - 측면직각충돌,직진우회전진행방해,건조,맑음,교차로 - 교차로부근,승용,여,44세,상해없음,자전거,남,12세,경상
2016061900100382,2016년 6월 19일 18시,일요일,강원도 속초시 노학동,중상사고,0,1,1,3,차대차 - 측면충돌,직진우회전진행방해,건조,맑음,교차로 - 교차로안,승용,여,53세,중상,승용,남,58세,부상신고
2016061900100383,2016년 6월 19일 18시,일요일,강원도 태백시 황지동,부상신고사고,0,0,0,2,차대차 - 측면충돌,교차로운행방법위반,건조,맑음,교차로 - 교차로안,승용,여,51세,상해없음,승용,남,29세,부상신고
2016061900100407,2016년 6월 19일 19시,일요일,강원도 동해시 심곡동,중상사고,0,1,0,0,차량단독 - 전도전복,안전운전불이행,건조,맑음,단일로 - 기타,농기계,남,61세,중상,,,,
2016061900100434,2016년 6월 19일 20시,일요일,강원도 강릉시 내곡동,경상사고,0,0,1,0,차대차 - 측면충돌,안전운전불이행,건조,맑음,교차로 - 교차로안,승용,남,19세,상해없음,이륜,남,53세,경상
2016061900100435,2016년 6월 19일 20시,일요일,강원도 원주시 단구동,중상사고,0,2,2,0,차대차 - 측면충돌,신호위반,건조,맑음,교차로 - 교차로안,이륜,남,58세,중상,승용,남,38세,중상
2016061900100436,2016년 6월 19일 20시,일요일,강원도 속초시 조양동,경상사고,0,0,1,0,차대차 - 기타,안전운전불이행,건조,맑음,단일로 - 기타,승용,여,32세,상해없음,이륜,남,30세,경상
2016061900100489,2016년 6월 19일 22시,일요일,강원도 원주시 행구동,경상사고,0,0,1,0,차대차 - 추돌,안전운전불이행,건조,맑음,교차로 - 교차로안,승용,여,57세,상해없음,자전거,남,37세,경상
2016061900100490,2016년 6월 19일 22시,일요일,강원도 원주시 단구동,경상사고,0,0,1,0,차대차 - 측면충돌,안전운전불이행,건조,맑음,교차로 - 교차로안,승용,여,31세,상해없음,승용,남,52세,경상
2016062000100015,2016년 6월 20일 01시,월요일,강원도 속초시 교동,중상사고,0,1,0,0,차대사람 - 횡단중,안전운전불이행,건조,맑음,교차로 - 교차로부근,승용,남,22세,기타불명,보행자,남,52세,중상
2016062000100071,2016년 6월 20일 07시,월요일,강원도 양양군 현북면,경상사고,0,0,1,0,차대차 - 측면직각충돌,중앙선침범,건조,맑음,단일로 - 기타,화물,남,46세,상해없음,화물,여,49세,경상
2016062000100122,2016년 6월 20일 08시,월요일,강원도 정선군 정선읍,중상사고,0,1,1,0,차대차 - 측면충돌,직진우회전진행방해,건조,맑음,교차로 - 교차로안,승용,남,45세,상해없음,화물,남,36세,경상
2016062000100123,2016년 6월 20일 08시,월요일,강원도 동해시 천곡동,경상사고,0,0,3,0,차대차 - 기타,안전운전불이행,건조,맑음,교차로 - 교차로부근,승용,여,43세,상해없음,승용,여,61세,경상
2016062000100152,2016년 6월 20일 09시,월요일,강원도 강릉시 주문진읍,중상사고,0,1,0,0,차대차 - 추돌,안전운전불이행,건조,맑음,교차로 - 교차로안,화물,남,63세,상해없음,자전거,여,72세,중상
2016062000100183,2016년 6월 20일 10시,월요일,강원도 원주시 단구동,경상사고,0,0,1,0,차대차 - 정면충돌,교차로운행방법위반,건조,맑음,교차로 - 교차로안,승용,남,32세,상해없음,승용,여,43세,경상
2016062000100216,2016년 6월 20일 11시,월요일,강원도 원주시 중앙동,경상사고,0,0,1,0,차대사람 - 기타,안전운전불이행,건조,맑음,단일로 - 기타,승용,남,57세,상해없음,보행자,남,16세,경상
2016062000100252,2016년 6월 20일 12시,월요일,강원도 강릉시 옥계면,경상사고,0,0,1,0,차량단독 - 전도전복,안전운전불이행,건조,맑음,단일로 - 기타,승용,남,67세,경상,,,,
2016062000100253,2016년 6월 20일 12시,월요일,강원도 인제군 인제읍,중상사고,0,1,0,0,차대차 - 기타,안전운전불이행,건조,맑음,단일로 - 기타,승용,남,70세,기타불명,승용,남,22세,상해없음
2016062000100291,2016년 6월 20일 13시,월요일,강원도 춘천시 근화동,경상사고,0,0,1,0,차대사람 - 횡단중,안전운전불이행,건조,맑음,단일로 - 기타,승합,남,56세,상해없음,보행자,여,81세,경상
2016062000100341,2016년 6월 20일 14시,월요일,강원도 춘천시 효자동,경상사고,0,0,1,0,차대사람 - 기타,안전운전불이행,건조,맑음,단일로 - 기타,승용,여,22세,상해없음,보행자,여,39세,경상
2016062000100381,2016년 6월 20일 15시,월요일,강원도 원주시 문막읍,경상사고,0,0,2,0,차대차 - 기타,신호위반,건조,맑음,교차로 - 교차로안,승용,여,23세,상해없음,승용,여,38세,경상
2016062000100382,2016년 6월 20일 15시,월요일,강원도 홍천군 서면,중상사고,0,1,0,0,차대사람 - 횡단중,안전운전불이행,건조,맑음,단일로 - 기타,승용,여,68세,상해없음,보행자,남,71세,중상
2016062000100383,2016년 6월 20일 15시,월요일,강원도 고성군 현내면,중상사고,0,1,1,0,차대차 - 측면충돌,직진우회전진행방해,건조,맑음,교차로 - 교차로안,승합,남,71세,상해없음,특수,남,45세,경상
2016062000100420,2016년 6월 20일 16시,월요일,강원도 춘천시 동산면,중상사고,0,2,4,0,차대차 - 추돌,안전운전불이행,건조,맑음,교차로 - 교차로부근,건설기계,남,49세,상해없음,승합,남,43세,중상
2016062000100421,2016년 6월 20일 16시,월요일,강원도 홍천군 홍천읍,경상사고,0,0,1,0,차량단독 - 전도전복,안전운전불이행,건조,맑음,교차로 - 교차로안,이륜,남,46세,경상,,,,
2016062000100469,2016년 6월 20일 17시,월요일,강원도 강릉시 주문진읍,경상사고,0,0,1,0,차대차 - 추돌,안전운전불이행,건조,맑음,단일로 - 기타,승용,남,34세,상해없음,자전거,여,66세,경상
2016062000100470,2016년 6월 20일 17시,월요일,강원도 원주시 단구동,경상사고,0,0,2,0,차대차 - 추돌,안전운전불이행,건조,맑음,단일로 - 기타,승용,남,51세,상해없음,승용,여,46세,경상
2016062000100514,2016년 6월 20일 18시,월요일,강원도 강릉시 내곡동,경상사고,0,0,1,0,차대차 - 측면충돌,안전운전불이행,건조,맑음,교차로 - 교차로안,승용,남,26세,상해없음,화물,남,56세,경상
2016062000100632,2016년 6월 20일 22시,월요일,강원도 횡성군 둔내면,중상사고,0,1,1,0,차대차 - 추돌,차로위반,건조,맑음,단일로 - 터널,승용,남,20세,상해없음,화물,남,32세,중상
2016062100100033,2016년 6월 21일 02시,화요일,강원도 원주시 태장동,중상사고,0,1,1,0,차대차 - 추돌,안전운전불이행,건조,맑음,교차로 - 교차로안,기타불명,기타불명,기타불명,기타불명,승용,남,46세,중상
2016062100100039,2016년 6월 21일 03시,화요일,강원도 원주시 무실동,부상신고사고,0,0,0,1,차대사람 - 횡단중,안전운전불이행,건조,맑음,교차로 - 교차로부근,기타불명,기타불명,기타불명,기타불명,보행자,여,23세,부상신고
2016062100100110,2016년 6월 21일 08시,화요일,강원도 삼척시 정상동,경상사고,0,0,1,0,차대차 - 측면직각충돌,안전운전불이행,건조,맑음,단일로 - 기타,승용,여,47세,상해없음,승용,남,56세,경상
2016062100100111,2016년 6월 21일 08시,화요일,강원도 영월군 영월읍,경상사고,0,0,1,0,차대차 - 추돌,안전운전불이행,건조,맑음,기타 - 기타,승용,남,67세,상해없음,승용,남,35세,경상
2016062100100158,2016년 6월 21일 09시,화요일,강원도 태백시 황지동,중상사고,0,1,0,0,차대차 - 정면충돌,교차로운행방법위반,건조,맑음,교차로 - 교차로안,승용,남,61세,상해없음,승용,여,55세,중상
2016062100100193,2016년 6월 21일 10시,화요일,강원도 원주시 봉산동,경상사고,0,0,1,0,차대차 - 정면충돌,신호위반,건조,맑음,교차로 - 교차로안,승용,여,54세,상해없음,승합,남,55세,경상
2016062100100228,2016년 6월 21일 11시,화요일,강원도 영월군 주천면,부상신고사고,0,0,0,1,차량단독 - 기타,안전운전불이행,건조,맑음,단일로 - 기타,원동기,남,27세,부상신고,,,,
2016062100100262,2016년 6월 21일 12시,화요일,강원도 춘천시 석사동,경상사고,0,0,1,0,차대차 - 추돌,안전거리미확보,건조,맑음,교차로 - 교차로부근,승용,여,51세,상해없음,승용,여,39세,경상
2016062100100263,2016년 6월 21일 12시,화요일,강원도 강릉시 옥계면,경상사고,0,0,2,0,차대차 - 측면충돌,안전운전불이행,건조,맑음,교차로 - 교차로안,승용,남,68세,상해없음,화물,남,63세,경상
2016062100100264,2016년 6월 21일 12시,화요일,강원도 원주시 단구동,경상사고,0,0,1,0,차대사람 - 길가장자리구역통행중,안전운전불이행,건조,맑음,단일로 - 기타,승용,여,26세,상해없음,보행자,여,69세,경상
2016062100100317,2016년 6월 21일 14시,화요일,강원도 춘천시 온의동,경상사고,0,0,1,0,차대차 - 측면충돌,안전거리미확보,건조,맑음,교차로 - 교차로부근,승용,여,45세,상해없음,승용,남,71세,경상
2016062100100355,2016년 6월 21일 15시,화요일,강원도 원주시 학성동,경상사고,0,0,1,0,차대차 - 측면충돌,신호위반,건조,맑음,교차로 - 교차로안,승용,여,48세,상해없음,승용,남,64세,경상
2016062100100356,2016년 6월 21일 15시,화요일,강원도 철원군 동송읍,중상사고,0,4,0,0,차대차 - 측면직각충돌,교차로운행방법위반,건조,맑음,교차로 - 교차로안,승용,남,73세,중상,승용,남,53세,중상
2016062100100387,2016년 6월 21일 16시,화요일,강원도 원주시 개운동,경상사고,0,0,1,0,차대사람 - 기타,보행자보호의무위반,건조,맑음,단일로 - 횡단보도상,원동기,남,19세,상해없음,보행자,남,9세,경상
2016062100100388,2016년 6월 21일 16시,화요일,강원도 원주시 개운동,경상사고,0,0,1,0,차대사람 - 기타,보행자보호의무위반,건조,맑음,단일로 - 기타,승용,여,57세,상해없음,보행자,여,13세,경상
2016062100100389,2016년 6월 21일 16시,화요일,강원도 횡성군 안흥면,사망사고,1,0,0,0,차량단독 - 전도전복,안전운전불이행,건조,맑음,단일로 - 기타,농기계,남,75세,사망,,,,
2016062100100474,2016년 6월 21일 18시,화요일,강원도 춘천시 옥천동,경상사고,0,0,1,0,차대차 - 추돌,기타,건조,맑음,단일로 - 기타,승용,남,59세,상해없음,이륜,남,54세,경상
2016062100100475,2016년 6월 21일 18시,화요일,강원도 원주시 단계동,중상사고,0,1,0,0,차대차 - 측면충돌,신호위반,건조,맑음,교차로 - 교차로안,승용,남,61세,기타불명,승용,남,41세,중상
2016062100100507,2016년 6월 21일 19시,화요일,강원도 원주시 문막읍,경상사고,0,0,1,0,차대차 - 정면충돌,안전운전불이행,건조,맑음,교차로 - 교차로안,화물,남,63세,상해없음,승용,남,35세,경상
2016062100100508,2016년 6월 21일 19시,화요일,강원도 원주시 부론면,중상사고,0,1,2,0,차대차 - 기타,안전운전불이행,건조,맑음,교차로 - 교차로안,승용,여,60세,상해없음,화물,남,48세,경상
2016062100100544,2016년 6월 21일 20시,화요일,강원도 강릉시 성남동,경상사고,0,0,1,0,차대차 - 측면충돌,안전운전불이행,건조,맑음,단일로 - 기타,승용,남,40세,상해없음,자전거,남,56세,경상
2016062100100545,2016년 6월 21일 20시,화요일,강원도 강릉시 포남동,경상사고,0,0,1,0,차대사람 - 횡단중,안전운전불이행,건조,맑음,단일로 - 기타,승용,여,53세,상해없음,보행자,남,53세,경상
2016062100100546,2016년 6월 21일 20시,화요일,강원도 태백시 통동,중상사고,0,1,0,0,차대차 - 기타,교차로운행방법위반,건조,맑음,교차로 - 교차로안,승용,남,57세,상해없음,승용,남,57세,상해없음
2016062100100606,2016년 6월 21일 22시,화요일,강원도 원주시 학성동,사망사고,1,0,0,0,차대사람 - 횡단중,보행자보호의무위반,건조,맑음,교차로 - 교차로안,승용,여,62세,상해없음,보행자,여,53세,사망
2016062200100105,2016년 6월 22일 08시,수요일,강원도 춘천시 후평동,중상사고,0,1,0,0,차대사람 - 횡단중,보행자보호의무위반,건조,맑음,단일로 - 횡단보도상,자전거,남,16세,상해없음,보행자,여,55세,중상
2016062200100106,2016년 6월 22일 08시,수요일,강원도 춘천시 후평동,중상사고,0,1,0,0,차대차 - 정면충돌,교차로운행방법위반,건조,맑음,교차로 - 교차로안,승용,남,55세,상해없음,승용,여,44세,중상
2016062200100107,2016년 6월 22일 08시,수요일,강원도 영월군 영월읍,부상신고사고,0,0,0,1,차대차 - 측면직각충돌,신호위반,건조,맑음,교차로 - 교차로안,원동기,여,62세,부상신고,승용,남,39세,상해없음
2016062200100174,2016년 6월 22일 11시,수요일,강원도 원주시 명륜동,경상사고,0,0,3,0,차대차 - 추돌,안전운전불이행,건조,맑음,교차로 - 교차로부근,승용,여,36세,상해없음,승용,남,33세,경상
2016062200100175,2016년 6월 22일 11시,수요일,강원도 삼척시 근덕면,부상신고사고,0,0,0,1,차량단독 - 전도전복,안전운전불이행,건조,맑음,단일로 - 기타,건설기계,남,40세,부상신고,,,,
2016062200100176,2016년 6월 22일 11시,수요일,강원도 동해시 천곡동,경상사고,0,0,3,0,차대차 - 기타,안전운전불이행,건조,맑음,교차로 - 교차로안,승용,여,43세,경상,승용,남,71세,경상
2016062200100207,2016년 6월 22일 12시,수요일,강원도 춘천시 동산면,경상사고,0,0,1,2,차대차 - 정면충돌,중앙선침범,건조,맑음,단일로 - 기타,승용,여,43세,상해없음,승용,남,60세,부상신고
2016062200100208,2016년 6월 22일 12시,수요일,강원도 양양군 서면,경상사고,0,0,1,0,차량단독 - 공작물충돌,과속,습기,흐림,단일로 - 기타,승용,남,29세,상해없음,,,,
2016062200100239,2016년 6월 22일 13시,수요일,강원도 원주시 태장동,경상사고,0,0,2,0,차량단독 - 기타,안전운전불이행,건조,맑음,단일로 - 기타,승용,여,31세,경상,,,,
2016062200100316,2016년 6월 22일 15시,수요일,강원도 강릉시 홍제동,경상사고,0,0,1,0,차대차 - 추돌,안전운전불이행,습기,비,교차로 - 교차로부근,승합,남,48세,상해없음,승용,남,47세,경상
2016062200100317,2016년 6월 22일 15시,수요일,강원도 인제군 북면,중상사고,0,1,0,0,차대사람 - 횡단중,보행자보호의무위반,습기,비,단일로 - 횡단보도상,승용,남,21세,상해없음,보행자,여,6세,중상
2016062200100318,2016년 6월 22일 15시,수요일,강원도 평창군 용평면,경상사고,0,0,2,0,차대차 - 추돌,안전거리미확보,건조,맑음,단일로 - 기타,승합,남,57세,상해없음,화물,남,35세,경상
2016062200100350,2016년 6월 22일 16시,수요일,강원도 강릉시 죽헌동,중상사고,0,1,1,0,차대차 - 측면직각충돌,신호위반,습기,비,교차로 - 교차로안,승용,남,63세,상해없음,승용,남,32세,중상
2016062200100352,2016년 6월 22일 16시,수요일,강원도 고성군 간성읍,경상사고,0,0,2,0,차대차 - 측면충돌,직진우회전진행방해,건조,맑음,교차로 - 교차로안,승용,남,59세,상해없음,승합,남,47세,경상
2016062200100353,2016년 6월 22일 16시,수요일,강원도 강릉시 교동,중상사고,0,1,3,0,차대차 - 측면충돌,안전운전불이행,습기,비,단일로 - 기타,승용,남,34세,경상,승합,남,58세,경상
2016062200100471,2016년 6월 22일 19시,수요일,강원도 강릉시 입암동,중상사고,0,1,0,0,차대사람 - 횡단중,안전운전불이행,건조,맑음,단일로 - 기타,승용,여,43세,상해없음,보행자,여,71세,중상
2016062200100472,2016년 6월 22일 19시,수요일,강원도 원주시 단계동,경상사고,0,0,1,0,차대차 - 정면충돌,안전운전불이행,습기,비,단일로 - 기타,승합,남,63세,상해없음,승용,여,24세,경상
2016062200100529,2016년 6월 22일 21시,수요일,강원도 원주시 무실동,경상사고,0,0,1,0,차대차 - 정면충돌,신호위반,건조,맑음,교차로 - 교차로안,승합,여,38세,상해없음,승용,여,48세,경상
2016062200100552,2016년 6월 22일 22시,수요일,강원도 원주시 우산동,경상사고,0,0,1,0,차대차 - 추돌,안전운전불이행,건조,맑음,교차로 - 교차로부근,화물,남,53세,상해없음,승용,남,25세,경상
2016062200100553,2016년 6월 22일 22시,수요일,강원도 속초시 교동,경상사고,0,0,4,0,차대차 - 정면충돌,안전운전불이행,습기,비,단일로 - 기타,승용,남,51세,상해없음,승합,남,46세,경상
2016062300100013,2016년 6월 23일 00시,목요일,강원도 강릉시 주문진읍,경상사고,0,0,1,0,차대사람 - 기타,안전운전불이행,건조,맑음,단일로 - 기타,승용,남,45세,상해없음,보행자,남,42세,경상
2016062300100051,2016년 6월 23일 04시,목요일,강원도 속초시 조양동,경상사고,0,0,2,0,차대차 - 측면직각충돌,안전운전불이행,건조,맑음,단일로 - 기타,승용,남,48세,상해없음,승용,남,23세,경상
2016062300100084,2016년 6월 23일 07시,목요일,강원도 원주시 명륜동,경상사고,0,0,1,0,차대차 - 측면충돌,직진우회전진행방해,건조,맑음,교차로 - 교차로안,승용,남,39세,상해없음,승용,남,56세,경상
2016062300100119,2016년 6월 23일 08시,목요일,강원도 원주시 관설동,경상사고,0,0,3,0,차대차 - 추돌,안전거리미확보,건조,맑음,단일로 - 기타,승용,여,30세,상해없음,승용,남,40세,경상
2016062300100120,2016년 6월 23일 08시,목요일,강원도 원주시 무실동,경상사고,0,0,1,0,차대차 - 측면충돌,교차로운행방법위반,건조,맑음,교차로 - 교차로안,승용,남,42세,상해없음,승용,여,41세,경상
2016062300100121,2016년 6월 23일 08시,목요일,강원도 속초시 대포동,경상사고,0,0,10,1,차대차 - 추돌,안전운전불이행,건조,맑음,교차로 - 교차로부근,화물,남,59세,상해없음,승합,남,46세,경상
2016062300100122,2016년 6월 23일 08시,목요일,강원도 횡성군 횡성읍,경상사고,0,0,2,0,차대차 - 추돌,안전운전불이행,건조,맑음,교차로 - 교차로안,승용,여,57세,상해없음,원동기,여,49세,경상
2016062300100162,2016년 6월 23일 09시,목요일,강원도 강릉시 교동,경상사고,0,0,1,0,차대차 - 측면직각충돌,신호위반,건조,맑음,교차로 - 교차로안,승용,남,76세,상해없음,승용,여,23세,경상
2016062300100163,2016년 6월 23일 09시,목요일,강원도 동해시 효가동,경상사고,0,0,1,0,차대차 - 측면직각충돌,안전운전불이행,건조,맑음,교차로 - 교차로안,화물,남,60세,상해없음,승용,여,34세,경상
2016062300100190,2016년 6월 23일 10시,목요일,강원도 강릉시 교동,중상사고,0,1,0,0,차대사람 - 기타,안전운전불이행,건조,맑음,단일로 - 기타,승용,남,74세,상해없음,보행자,여,72세,중상
2016062300100191,2016년 6월 23일 10시,목요일,강원도 원주시 문막읍,중상사고,0,3,0,0,차대차 - 기타,안전운전불이행,건조,맑음,단일로 - 기타,승합,남,53세,상해없음,승용,기타불명,기타불명,기타불명
2016062300100192,2016년 6월 23일 10시,목요일,강원도 철원군 철원읍,부상신고사고,0,0,0,1,차대사람 - 기타,안전운전불이행,건조,맑음,단일로 - 기타,승용,남,63세,상해없음,보행자,남,19세,부상신고
2016062300100236,2016년 6월 23일 12시,목요일,강원도 강릉시 포남동,경상사고,0,0,1,0,차대차 - 측면충돌,안전운전불이행,건조,맑음,교차로 - 교차로안,승용,남,76세,상해없음,승용,여,51세,경상
2016062300100237,2016년 6월 23일 12시,목요일,강원도 횡성군 횡성읍,중상사고,0,1,0,0,차량단독 - 전도전복,안전운전불이행,건조,맑음,단일로 - 기타,이륜,여,57세,중상,,,,
2016062300100291,2016년 6월 23일 14시,목요일,강원도 원주시 단구동,경상사고,0,0,1,1,차대차 - 측면충돌,차로위반,건조,맑음,단일로 - 기타,이륜,남,72세,부상신고,승용,여,27세,경상
2016062300100325,2016년 6월 23일 15시,목요일,강원도 원주시 흥업면,중상사고,0,1,1,0,차대차 - 추돌,안전거리미확보,건조,맑음,교차로 - 교차로부근,건설기계,남,44세,상해없음,화물,남,77세,중상
2016062300100392,2016년 6월 23일 17시,목요일,강원도 춘천시 소양로1가,경상사고,0,0,1,0,차대차 - 측면직각충돌,기타,건조,맑음,단일로 - 기타,특수,남,58세,상해없음,승용,남,77세,경상
2016062300100393,2016년 6월 23일 17시,목요일,강원도 속초시 영랑동,중상사고,0,1,1,0,차대차 - 추돌,기타,건조,맑음,단일로 - 기타,승용,남,54세,상해없음,승용,여,53세,상해없음
2016062300100433,2016년 6월 23일 18시,목요일,강원도 속초시 교동,중상사고,0,1,0,0,차대사람 - 기타,안전운전불이행,건조,흐림,단일로 - 기타,원동기,남,23세,상해없음,보행자,여,64세,중상
2016062300100434,2016년 6월 23일 18시,목요일,강원도 태백시 황지동,경상사고,0,0,1,0,차대차 - 측면충돌,교차로운행방법위반,건조,맑음,교차로 - 교차로안,화물,남,44세,상해없음,승용,남,40세,경상
2016062300100486,2016년 6월 23일 20시,목요일,강원도 평창군 방림면,사망사고,1,2,0,0,차대차 - 추돌,과속,건조,흐림,단일로 - 기타,승용,남,55세,중상,농기계,남,70세,사망
2016062300100487,2016년 6월 23일 20시,목요일,강원도 인제군 남면,경상사고,0,0,2,0,차대차 - 측면충돌,안전운전불이행,건조,맑음,단일로 - 기타,승용,남,19세,상해없음,승합,남,56세,경상
2016062300100549,2016년 6월 23일 22시,목요일,강원도 원주시 단구동,부상신고사고,0,0,0,1,차대차 - 정면충돌,안전운전불이행,건조,맑음,교차로 - 교차로안,이륜,남,16세,부상신고,승용,남,46세,상해없음
2016062300100550,2016년 6월 23일 22시,목요일,강원도 동해시 동회동,경상사고,0,0,2,0,차대차 - 측면충돌,안전운전불이행,건조,맑음,교차로 - 교차로부근,승용,여,32세,상해없음,화물,남,64세,경상
2016062300100587,2016년 6월 23일 23시,목요일,강원도 춘천시 효자동,경상사고,0,0,1,1,차대차 - 추돌,안전거리미확보,습기,비,교차로 - 교차로안,화물,남,59세,상해없음,승용,여,26세,부상신고
2016062400100010,2016년 6월 24일 00시,금요일,강원도 원주시 단구동,중상사고,0,1,0,0,차대차 - 측면충돌,안전운전불이행,습기,비,단일로 - 기타,승용,남,44세,상해없음,이륜,남,15세,중상
2016062400100030,2016년 6월 24일 01시,금요일,강원도 속초시 동명동,중상사고,0,1,0,0,차대사람 - 횡단중,안전운전불이행,습기,비,단일로 - 기타,승용,남,48세,상해없음,보행자,남,62세,중상
2016062400100031,2016년 6월 24일 01시,금요일,강원도 횡성군 횡성읍,중상사고,0,2,0,0,차대차 - 정면충돌,중앙선침범,습기,비,교차로 - 교차로부근,승용,남,29세,상해없음,화물,남,45세,중상
2016062400100109,2016년 6월 24일 07시,금요일,강원도 화천군 하남면,경상사고,0,0,3,0,차대차 - 기타,중앙선침범,건조,맑음,단일로 - 기타,기타불명,남,21세,상해없음,화물,남,50세,경상
2016062400100147,2016년 6월 24일 08시,금요일,강원도 원주시 단구동,경상사고,0,0,1,0,차대사람 - 횡단중,보행자보호의무위반,건조,맑음,단일로 - 횡단보도상,승용,남,34세,상해없음,보행자,남,12세,경상
2016062400100148,2016년 6월 24일 08시,금요일,강원도 태백시 황지동,경상사고,0,0,3,0,차대차 - 추돌,안전거리미확보,습기,비,교차로 - 교차로부근,화물,남,41세,상해없음,승용,여,44세,경상
2016062400100201,2016년 6월 24일 09시,금요일,강원도 강릉시 포남동,경상사고,0,0,1,0,차대사람 - 횡단중,보행자보호의무위반,습기,비,교차로 - 교차로안,승용,여,49세,상해없음,보행자,여,38세,경상
2016062400100231,2016년 6월 24일 10시,금요일,강원도 춘천시 효자동,경상사고,0,0,3,0,차대차 - 측면직각충돌,교차로운행방법위반,건조,맑음,교차로 - 교차로안,승용,여,47세,기타불명,승용,남,54세,경상
2016062400100232,2016년 6월 24일 10시,금요일,강원도 태백시 통동,경상사고,0,0,4,0,차량단독 - 기타,안전운전불이행,습기,비,단일로 - 기타,화물,남,39세,상해없음,,,,
2016062400100262,2016년 6월 24일 11시,금요일,강원도 원주시 태장동,중상사고,0,3,5,0,차대차 - 측면충돌,안전거리미확보,습기,비,단일로 - 기타,화물,남,64세,상해없음,화물,남,59세,상해없음
2016062400100263,2016년 6월 24일 11시,금요일,강원도 삼척시 신기면,경상사고,0,0,1,0,차대차 - 측면충돌,중앙선침범,습기,비,단일로 - 기타,화물,남,45세,상해없음,승용,남,46세,경상
2016062400100286,2016년 6월 24일 12시,금요일,강원도 삼척시 근덕면,부상신고사고,0,0,0,1,차량단독 - 전도전복,안전운전불이행,습기,비,단일로 - 기타,승용,남,34세,부상신고,,,,
2016062400100320,2016년 6월 24일 13시,금요일,강원도 강릉시 임당동,경상사고,0,0,1,0,차대차 - 추돌,안전운전불이행,습기,비,교차로 - 교차로안,승용,여,53세,상해없음,승용,여,39세,경상
2016062400100321,2016년 6월 24일 13시,금요일,강원도 원주시 명륜동,경상사고,0,0,1,0,차대차 - 측면직각충돌,안전운전불이행,건조,맑음,교차로 - 교차로안,승용,여,56세,상해없음,승용,여,26세,경상
2016062400100322,2016년 6월 24일 13시,금요일,강원도 삼척시 도계읍,중상사고,0,1,2,0,차대차 - 정면충돌,중앙선침범,습기,비,단일로 - 기타,승용,남,37세,상해없음,승용,남,41세,경상
2016062400100347,2016년 6월 24일 14시,금요일,강원도 춘천시 효자동,중상사고,0,1,0,0,차대차 - 측면충돌,안전운전불이행,건조,맑음,교차로 - 교차로안,화물,남,47세,상해없음,이륜,남,33세,중상
2016062400100452,2016년 6월 24일 17시,금요일,강원도 원주시 문막읍,경상사고,0,0,1,0,차대차 - 측면직각충돌,안전운전불이행,건조,맑음,교차로 - 교차로안,승용,여,47세,상해없음,승용,남,36세,경상
2016062400100453,2016년 6월 24일 17시,금요일,강원도 화천군 사내면,경상사고,0,0,2,0,차대차 - 측면직각충돌,안전운전불이행,건조,맑음,교차로 - 교차로부근,화물,남,47세,상해없음,기타불명,남,19세,경상