사고번호,사고일시,요일,시군구,사고내용,사망자수,중상자수,경상자수,부상신고자수,사고유형,법규위반,노면상태,기상상태,도로형태,가해운전자 차종,가해운전자 성별,가해운전자 연령,가해운전자 상해정도,피해운전자 차종,피해운전자 성별,피해운전자 연령,피해운전자 상해정도
2016062400100485,2016년 6월 24일 18시,금요일,강원도 원주시 단계동,중상사고,0,2,2,0,차대차 - 정면충돌,교차로운행방법위반,건조,맑음,교차로 - 교차로안,승용,남,71세,경상,승용,남,23세,중상
2016062400100518,2016년 6월 24일 19시,금요일,강원도 원주시 일산동,경상사고,0,0,2,0,차대차 - 측면직각충돌,안전운전불이행,건조,맑음,교차로 - 교차로안,승용,남,65세,상해없음,승용,남,31세,경상
2016062400100519,2016년 6월 24일 19시,금요일,강원도 속초시 금호동,경상사고,0,0,5,0,차대차 - 추돌,안전운전불이행,습기,흐림,교차로 - 교차로안,승용,남,42세,상해없음,승합,여,36세,상해없음
2016062400100549,2016년 6월 24일 20시,금요일,강원도 춘천시 후평동,중상사고,0,1,0,0,차대사람 - 횡단중,보행자보호의무위반,건조,맑음,단일로 - 횡단보도상,승용,여,36세,상해없음,보행자,여,71세,중상
2016062400100550,2016년 6월 24일 20시,금요일,강원도 속초시 조양동,부상신고사고,0,0,0,1,차대차 - 기타,안전운전불이행,습기,비,교차로 - 교차로안,기타불명,기타불명,기타불명,기타불명,원동기,남,17세,부상신고
2016062400100582,2016년 6월 24일 21시,금요일,강원도 강릉시 연곡면,사망사고,1,0,0,0,차대사람 - 횡단중,안전운전불이행,건조,맑음,단일로 - 기타,화물,남,62세,상해없음,보행자,남,61세,사망
2016062400100610,2016년 6월 24일 22시,금요일,강원도 원주시 무실동,중상사고,0,1,0,0,차대차 - 정면충돌,신호위반,건조,맑음,교차로 - 교차로안,승용,여,46세,상해없음,승용,여,25세,중상
2016062400100611,2016년 6월 24일 22시,금요일,강원도 태백시 황지동,경상사고,0,0,1,0,차대사람 - 횡단중,안전운전불이행,건조,맑음,단일로 - 기타,승용,남,60세,상해없음,보행자,남,34세,경상
2016062400100637,2016년 6월 24일 23시,금요일,강원도 강릉시 교동,경상사고,0,0,2,1,차대차 - 정면충돌,신호위반,건조,맑음,교차로 - 교차로안,승용,남,27세,상해없음,승용,남,23세,경상
2016062500100080,2016년 6월 25일 04시,토요일,강원도 원주시 평원동,경상사고,0,0,1,0,차대사람 - 기타,안전운전불이행,건조,맑음,교차로 - 교차로부근,승용,남,50세,상해없음,보행자,남,55세,경상
2016062500100111,2016년 6월 25일 06시,토요일,강원도 강릉시 초당동,경상사고,0,0,1,0,차대차 - 측면충돌,안전운전불이행,건조,맑음,교차로 - 교차로안,승용,남,71세,상해없음,자전거,남,59세,경상
2016062500100112,2016년 6월 25일 06시,토요일,강원도 영월군 영월읍,경상사고,0,0,2,1,차대차 - 측면직각충돌,교차로운행방법위반,건조,맑음,교차로 - 교차로안,승용,여,57세,상해없음,승용,남,45세,경상
2016062500100113,2016년 6월 25일 06시,토요일,강원도 횡성군 갑천면,경상사고,0,0,1,0,차대차 - 측면직각충돌,기타,건조,맑음,교차로 - 교차로안,건설기계,남,66세,상해없음,승용,여,55세,경상
2016062500100125,2016년 6월 25일 07시,토요일,강원도 춘천시 서면,중상사고,0,1,1,0,차대차 - 정면충돌,안전운전불이행,건조,흐림,단일로 - 기타,승용,남,80세,상해없음,원동기,남,84세,경상
2016062500100126,2016년 6월 25일 07시,토요일,강원도 원주시 지정면,중상사고,0,1,0,0,차량단독 - 전도전복,안전운전불이행,건조,맑음,단일로 - 기타,화물,남,48세,상해없음,,,,
2016062500100127,2016년 6월 25일 07시,토요일,강원도 영월군 영월읍,중상사고,0,2,3,0,차대차 - 추돌,안전거리미확보,건조,맑음,단일로 - 기타,화물,남,33세,상해없음,승용,남,49세,중상
2016062500100149,2016년 6월 25일 08시,토요일,강원도 태백시 황지동,부상신고사고,0,0,0,1,차대차 - 추돌,안전거리미확보,건조,맑음,교차로 - 교차로안,승용,여,59세,상해없음,승용,여,33세,부상신고
2016062500100175,2016년 6월 25일 09시,토요일,강원도 춘천시 신동,부상신고사고,0,0,0,1,차대차 - 측면충돌,안전운전불이행,건조,맑음,단일로 - 기타,승용,남,71세,부상신고,승용,남,63세,상해없음
2016062500100209,2016년 6월 25일 10시,토요일,강원도 고성군 죽왕면,경상사고,0,0,1,0,차대차 - 측면충돌,안전운전불이행,건조,맑음,단일로 - 기타,승용,남,47세,상해없음,자전거,남,46세,경상
2016062500100279,2016년 6월 25일 12시,토요일,강원도 강릉시 주문진읍,경상사고,0,0,1,0,차대차 - 측면충돌,안전운전불이행,건조,맑음,단일로 - 기타,승용,남,66세,상해없음,자전거,여,51세,경상
2016062500100320,2016년 6월 25일 13시,토요일,강원도 춘천시 사농동,경상사고,0,0,1,0,차대차 - 추돌,안전운전불이행,건조,맑음,단일로 - 기타,승용,남,37세,상해없음,승합,남,47세,상해없음
2016062500100321,2016년 6월 25일 13시,토요일,강원도 춘천시 퇴계동,경상사고,0,0,5,0,차대차 - 추돌,안전운전불이행,건조,맑음,교차로 - 교차로안,승용,남,69세,상해없음,승용,여,42세,경상
2016062500100356,2016년 6월 25일 14시,토요일,강원도 횡성군 서원면,중상사고,0,1,0,0,차대차 - 추돌,안전운전불이행,건조,맑음,단일로 - 기타,이륜,남,45세,상해없음,자전거,남,34세,중상
2016062500100357,2016년 6월 25일 14시,토요일,강원도 횡성군 횡성읍,경상사고,0,0,2,0,차대차 - 측면직각충돌,안전거리미확보,건조,맑음,단일로 - 기타,승용,남,25세,상해없음,화물,남,58세,경상
2016062500100407,2016년 6월 25일 15시,토요일,강원도 원주시 명륜동,경상사고,0,0,1,0,차대차 - 정면충돌,안전운전불이행,건조,맑음,기타 - 기타,이륜,남,57세,상해없음,승합,남,52세,상해없음
2016062500100487,2016년 6월 25일 17시,토요일,강원도 원주시 흥업면,경상사고,0,0,3,0,차대차 - 측면충돌,교차로운행방법위반,건조,맑음,교차로 - 교차로안,화물,남,76세,상해없음,승용,남,60세,경상
2016062500100488,2016년 6월 25일 17시,토요일,강원도 원주시 일산동,경상사고,0,0,3,0,차대차 - 정면충돌,안전운전불이행,건조,맑음,단일로 - 기타,승용,남,58세,상해없음,승용,여,47세,경상
2016062500100489,2016년 6월 25일 17시,토요일,강원도 속초시 교동,중상사고,0,1,1,0,차대차 - 측면직각충돌,안전거리미확보,건조,맑음,단일로 - 기타,승용,남,27세,상해없음,승용,여,53세,경상
2016062500100527,2016년 6월 25일 18시,토요일,강원도 강릉시 노암동,경상사고,0,0,1,0,차대차 - 측면직각충돌,안전운전불이행,건조,맑음,교차로 - 교차로안,승용,남,37세,상해없음,이륜,남,18세,경상
2016062500100528,2016년 6월 25일 18시,토요일,강원도 홍천군 북방면,경상사고,0,0,1,0,차대차 - 정면충돌,안전운전불이행,건조,맑음,단일로 - 기타,승용,여,55세,상해없음,승용,여,35세,경상
2016062500100567,2016년 6월 25일 19시,토요일,강원도 인제군 남면,경상사고,0,0,2,0,차대차 - 기타,안전운전불이행,건조,맑음,교차로 - 교차로부근,승용,남,21세,상해없음,승합,남,55세,상해없음
2016062600100010,2016년 6월 26일 00시,일요일,강원도 원주시 반곡동,경상사고,0,0,3,0,차대차 - 측면직각충돌,신호위반,건조,맑음,교차로 - 교차로안,승용,남,63세,상해없음,화물,남,47세,상해없음
2016062600100058,2016년 6월 26일 04시,일요일,강원도 춘천시 효자동,경상사고,0,0,1,0,차대차 - 측면직각충돌,안전운전불이행,건조,맑음,교차로 - 교차로안,승용,남,36세,상해없음,승용,여,57세,상해없음
2016062600100096,2016년 6월 26일 07시,일요일,강원도 평창군 방림면,경상사고,0,0,1,0,차대차 - 측면직각충돌,안전운전불이행,건조,맑음,단일로 - 기타,화물,남,56세,상해없음,승용,남,56세,경상
2016062600100097,2016년 6월 26일 07시,일요일,강원도 정선군 정선읍,중상사고,0,1,0,0,차량단독 - 공작물충돌,안전운전불이행,건조,맑음,단일로 - 기타,화물,남,47세,중상,,,,
2016062600100134,2016년 6월 26일 09시,일요일,강원도 속초시 청호동,경상사고,0,0,3,0,차대차 - 측면직각충돌,직진우회전진행방해,건조,맑음,교차로 - 교차로안,이륜,남,22세,상해없음,승용,남,39세,경상
2016062600100135,2016년 6월 26일 09시,일요일,강원도 홍천군 북방면,경상사고,0,0,1,0,차대차 - 기타,교차로운행방법위반,건조,맑음,교차로 - 교차로안,승용,여,66세,상해없음,승용,남,27세,경상
2016062600100150,2016년 6월 26일 10시,일요일,강원도 춘천시 동면,중상사고,0,3,1,0,차대차 - 정면충돌,직진우회전진행방해,건조,맑음,교차로 - 교차로안,승용,남,43세,상해없음,화물,남,60세,중상
2016062600100151,2016년 6월 26일 10시,일요일,강원도 원주시 명륜동,중상사고,0,1,0,0,차대사람 - 횡단중,신호위반,건조,맑음,교차로 - 교차로부근,승용,남,37세,상해없음,보행자,여,61세,중상
2016062600100152,2016년 6월 26일 10시,일요일,강원도 동해시 쇄운동,경상사고,0,0,2,0,차대차 - 측면직각충돌,안전운전불이행,건조,맑음,단일로 - 기타,승용,남,75세,상해없음,승용,여,35세,상해없음
2016062600100195,2016년 6월 26일 12시,일요일,강원도 철원군 갈말읍,중상사고,0,1,0,1,차대차 - 측면직각충돌,안전거리미확보,건조,맑음,단일로 - 기타,승용,남,58세,상해없음,승용,남,23세,중상
2016062600100228,2016년 6월 26일 13시,일요일,강원도 강릉시 성산면,중상사고,0,1,2,0,차대차 - 측면충돌,안전운전불이행,건조,맑음,교차로 - 교차로안,화물,남,76세,상해없음,승합,여,61세,중상
2016062600100229,2016년 6월 26일 13시,일요일,강원도 홍천군 홍천읍,경상사고,0,0,1,0,차대차 - 측면충돌,안전운전불이행,건조,맑음,단일로 - 기타,이륜,남,16세,상해없음,승용,남,27세,경상
2016062600100273,2016년 6월 26일 14시,일요일,강원도 원주시 귀래면,경상사고,0,0,1,0,차대차 - 측면충돌,안전운전불이행,건조,맑음,단일로 - 기타,승용,남,58세,상해없음,승용,남,73세,상해없음
2016062600100274,2016년 6월 26일 14시,일요일,강원도 원주시 태장동,경상사고,0,0,1,0,차대차 - 정면충돌,안전운전불이행,건조,맑음,단일로 - 기타,화물,남,38세,상해없음,승용,남,50세,경상
2016062600100275,2016년 6월 26일 14시,일요일,강원도 홍천군 홍천읍,부상신고사고,0,0,0,1,차대차 - 측면충돌,직진우회전진행방해,건조,맑음,교차로 - 교차로안,승용,여,54세,상해없음,승합,남,34세,부상신고
2016062600100276,2016년 6월 26일 14시,일요일,강원도 홍천군 서면,경상사고,0,0,1,0,차량단독 - 전도전복,안전운전불이행,건조,맑음,단일로 - 기타,이륜,남,17세,경상,,,,
2016062600100297,2016년 6월 26일 15시,일요일,강원도 춘천시 운교동,경상사고,0,0,1,0,차대사람 - 횡단중,보행자보호의무위반,건조,맑음,교차로 - 교차로부근,승합,남,63세,상해없음,보행자,남,16세,경상
2016062600100298,2016년 6월 26일 15시,일요일,강원도 원주시 소초면,경상사고,0,0,1,0,차대차 - 기타,차로위반,건조,맑음,단일로 - 기타,승용,남,67세,상해없음,화물,남,49세,경상
2016062600100320,2016년 6월 26일 16시,일요일,강원도 춘천시 후평동,경상사고,0,0,1,0,차대차 - 측면충돌,차로위반,건조,맑음,단일로 - 기타,승용,여,41세,기타불명,승용,남,28세,경상
2016062600100366,2016년 6월 26일 18시,일요일,강원도 홍천군 홍천읍,중상사고,0,1,0,0,차대사람 - 길가장자리구역통행중,안전운전불이행,건조,맑음,단일로 - 기타,승합,여,54세,상해없음,보행자,여,62세,중상
2016062600100367,2016년 6월 26일 18시,일요일,강원도 정선군 북평면,경상사고,0,0,2,0,차대차 - 측면충돌,중앙선침범,건조,맑음,단일로 - 기타,승용,여,60세,상해없음,승용,남,29세,경상
2016062600100397,2016년 6월 26일 19시,일요일,강원도 춘천시 석사동,경상사고,0,0,1,0,차대차 - 측면직각충돌,안전거리미확보,건조,맑음,단일로 - 기타,승용,남,63세,상해없음,원동기,남,53세,경상
2016062600100398,2016년 6월 26일 19시,일요일,강원도 원주시 문막읍,중상사고,0,1,0,0,차대차 - 측면충돌,신호위반,건조,맑음,단일로 - 횡단보도상,승용,여,33세,상해없음,자전거,남,15세,중상
2016062600100446,2016년 6월 26일 21시,일요일,강원도 양양군 강현면,경상사고,0,0,1,0,차대차 - 측면충돌,신호위반,건조,맑음,교차로 - 교차로안,승용,남,44세,상해없음,승용,여,55세,경상
2016062600100470,2016년 6월 26일 22시,일요일,강원도 춘천시 온의동,경상사고,0,0,1,0,차대차 - 측면직각충돌,직진우회전진행방해,건조,맑음,교차로 - 교차로안,승용,남,30세,상해없음,승용,남,69세,경상
2016062700100044,2016년 6월 27일 06시,월요일,강원도 삼척시 도계읍,경상사고,0,0,1,1,차대차 - 측면직각충돌,안전운전불이행,건조,맑음,교차로 - 교차로안,화물,남,46세,부상신고,승용,남,63세,경상
2016062700100064,2016년 6월 27일 07시,월요일,강원도 고성군 거진읍,경상사고,0,0,2,0,차대차 - 측면충돌,기타,건조,맑음,단일로 - 기타,화물,남,69세,상해없음,화물,남,60세,경상
2016062700100093,2016년 6월 27일 08시,월요일,강원도 원주시 단계동,경상사고,0,0,1,0,차대차 - 추돌,안전거리미확보,건조,맑음,기타 - 기타,승합,남,21세,상해없음,승용,남,37세,경상
2016062700100094,2016년 6월 27일 08시,월요일,강원도 원주시 호저면,경상사고,0,0,2,0,차대차 - 정면충돌,안전거리미확보,건조,맑음,교차로 - 교차로부근,승용,여,48세,상해없음,승용,남,42세,경상
2016062700100195,2016년 6월 27일 11시,월요일,강원도 동해시 구미동,중상사고,0,1,0,0,차대사람 - 횡단중,보행자보호의무위반,건조,맑음,교차로 - 교차로부근,승용,여,33세,상해없음,보행자,남,82세,중상
2016062700100228,2016년 6월 27일 12시,월요일,강원도 원주시 신림면,경상사고,0,0,2,0,차대차 - 추돌,안전거리미확보,건조,맑음,단일로 - 기타,승용,남,64세,상해없음,승용,남,72세,경상
2016062700100229,2016년 6월 27일 12시,월요일,강원도 철원군 김화읍,중상사고,0,1,2,0,차대차 - 측면직각충돌,교차로운행방법위반,건조,맑음,교차로 - 교차로안,승합,남,33세,상해없음,화물,남,63세,중상
2016062700100277,2016년 6월 27일 14시,월요일,강원도 춘천시 사농동,중상사고,0,1,0,0,차대차 - 측면직각충돌,직진우회전진행방해,건조,맑음,교차로 - 교차로안,승용,남,62세,상해없음,자전거,여,59세,중상
2016062700100278,2016년 6월 27일 14시,월요일,강원도 화천군 사내면,경상사고,0,0,1,0,차대차 - 측면충돌,안전운전불이행,건조,맑음,단일로 - 기타,승용,여,47세,상해없음,승용,남,29세,경상
2016062700100279,2016년 6월 27일 14시,월요일,강원도 인제군 북면,경상사고,0,0,1,0,차대차 - 측면충돌,신호위반,건조,맑음,교차로 - 교차로안,건설기계,남,60세,상해없음,화물,남,21세,경상
2016062700100323,2016년 6월 27일 15시,월요일,강원도 평창군 방림면,경상사고,0,0,1,0,차대차 - 기타,안전운전불이행,건조,맑음,단일로 - 기타,화물,남,60세,상해없음,화물,남,54세,경상
2016062700100324,2016년 6월 27일 15시,월요일,강원도 태백시 황지동,경상사고,0,0,1,0,차대차 - 측면충돌,교차로운행방법위반,건조,맑음,교차로 - 교차로부근,승용,남,81세,상해없음,승합,여,44세,경상
2016062700100354,2016년 6월 27일 16시,월요일,강원도 춘천시 퇴계동,경상사고,0,0,1,0,차대차 - 측면직각충돌,안전운전불이행,건조,맑음,단일로 - 기타,승합,여,47세,상해없음,자전거,남,13세,경상
2016062700100355,2016년 6월 27일 16시,월요일,강원도 삼척시 우지동,경상사고,0,0,1,0,차대차 - 추돌,안전운전불이행,건조,맑음,단일로 - 기타,건설기계,남,35세,상해없음,승용,남,31세,경상
2016062700100396,2016년 6월 27일 17시,월요일,강원도 강릉시 옥천동,경상사고,0,0,1,0,차대차 - 측면직각충돌,안전운전불이행,건조,맑음,단일로 - 기타,화물,남,18세,상해없음,화물,남,47세,경상
2016062700100397,2016년 6월 27일 17시,월요일,강원도 삼척시 정상동,경상사고,0,0,4,0,차대차 - 추돌,안전거리미확보,건조,맑음,교차로 - 교차로부근,승용,남,48세,상해없음,승용,남,37세,경상
2016062700100398,2016년 6월 27일 17시,월요일,강원도 동해시 효가동,경상사고,0,0,1,0,차대차 - 측면직각충돌,안전거리미확보,건조,맑음,단일로 - 기타,승용,남,50세,상해없음,화물,남,35세,경상
2016062700100438,2016년 6월 27일 18시,월요일,강원도 삼척시 교동,경상사고,0,0,1,0,차대차 - 측면충돌,안전운전불이행,건조,맑음,교차로 - 교차로안,승용,남,38세,경상,승합,남,36세,상해없음
2016062700100475,2016년 6월 27일 19시,월요일,강원도 삼척시 근덕면,경상사고,0,0,1,0,차대차 - 정면충돌,직진우회전진행방해,건조,맑음,교차로 - 교차로안,승용,남,59세,상해없음,이륜,남,71세,경상
2016062700100476,2016년 6월 27일 19시,월요일,강원도 홍천군 내촌면,중상사고,0,1,0,0,차대사람 - 횡단중,안전운전불이행,건조,맑음,단일로 - 기타,승용,남,45세,상해없음,보행자,남,75세,중상
2016062700100505,2016년 6월 27일 20시,월요일,강원도 춘천시 석사동,경상사고,0,0,1,0,차대차 - 측면직각충돌,안전운전불이행,건조,맑음,교차로 - 교차로안,승용,여,36세,상해없음,자전거,남,67세,경상
2016062700100562,2016년 6월 27일 22시,월요일,강원도 평창군 대화면,경상사고,0,0,1,0,차대차 - 측면직각충돌,안전운전불이행,건조,맑음,교차로 - 교차로안,화물,남,20세,상해없음,승용,남,41세,경상
2016062700100563,2016년 6월 27일 22시,월요일,강원도 동해시 평릉동,경상사고,0,0,1,0,차대사람 - 횡단중,안전운전불이행,건조,맑음,교차로 - 교차로부근,승용,여,43세,상해없음,보행자,남,49세,경상
2016062800100077,2016년 6월 28일 07시,화요일,강원도 원주시 봉산동,경상사고,0,0,1,0,차대차 - 추돌,안전운전불이행,건조,맑음,단일로 - 기타,승용,남,43세,경상,화물,남,51세,상해없음
2016062800100108,2016년 6월 28일 08시,화요일,강원도 삼척시 도계읍,경상사고,0,0,2,0,차대차 - 측면충돌,직진우회전진행방해,건조,맑음,교차로 - 교차로안,승용,남,52세,상해없음,승용,남,62세,경상
2016062800100138,2016년 6월 28일 09시,화요일,강원도 철원군 철원읍,중상사고,0,1,0,0,차대차 - 정면충돌,중앙선침범,건조,맑음,단일로 - 기타,화물,남,53세,상해없음,화물,남,72세,중상
2016062800100175,2016년 6월 28일 10시,화요일,강원도 태백시 황지동,경상사고,0,0,3,0,차대차 - 측면직각충돌,교차로운행방법위반,건조,맑음,교차로 - 교차로안,승용,남,60세,상해없음,승용,여,52세,경상
2016062800100199,2016년 6월 28일 11시,화요일,강원도 원주시 소초면,중상사고,0,2,1,0,차대차 - 측면충돌,안전운전불이행,건조,맑음,단일로 - 기타,화물,남,55세,상해없음,화물,남,33세,경상
2016062800100200,2016년 6월 28일 11시,화요일,강원도 횡성군 둔내면,중상사고,0,1,1,0,차대차 - 측면직각충돌,안전운전불이행,건조,맑음,단일로 - 기타,화물,남,56세,상해없음,화물,남,47세,경상
2016062800100226,2016년 6월 28일 12시,화요일,강원도 원주시 소초면,경상사고,0,0,1,0,차대차 - 측면충돌,안전거리미확보,건조,맑음,단일로 - 기타,승용,남,61세,상해없음,화물,남,43세,경상
2016062800100272,2016년 6월 28일 14시,화요일,강원도 강릉시 홍제동,중상사고,0,1,0,0,차대사람 - 횡단중,보행자보호의무위반,건조,맑음,교차로 - 교차로부근,승용,여,30세,상해없음,보행자,여,44세,중상
2016062800100273,2016년 6월 28일 14시,화요일,강원도 원주시 단구동,경상사고,0,0,1,0,차대차 - 측면충돌,안전운전불이행,건조,맑음,단일로 - 기타,승용,여,64세,상해없음,화물,남,37세,경상
2016062800100274,2016년 6월 28일 14시,화요일,강원도 양양군 양양읍,경상사고,0,0,3,0,차대차 - 측면직각충돌,직진우회전진행방해,건조,맑음,교차로 - 교차로안,승용,남,75세,상해없음,승합,남,49세,경상
2016062800100275,2016년 6월 28일 14시,화요일,강원도 동해시 부곡동,경상사고,0,0,3,0,차대차 - 측면충돌,교차로운행방법위반,건조,맑음,교차로 - 교차로안,승용,여,47세,상해없음,승용,남,66세,경상
2016062800100309,2016년 6월 28일 15시,화요일,강원도 강릉시 노암동,경상사고,0,0,1,0,차대차 - 측면충돌,안전운전불이행,건조,맑음,교차로 - 교차로안,화물,여,58세,상해없음,승용,여,67세,경상
2016062800100336,2016년 6월 28일 16시,화요일,강원도 원주시 부론면,경상사고,0,0,2,0,차대차 - 측면충돌,안전운전불이행,건조,맑음,단일로 - 기타,승용,남,47세,상해없음,화물,남,74세,경상
2016062800100379,2016년 6월 28일 17시,화요일,강원도 춘천시 칠전동,경상사고,0,0,3,0,차대차 - 추돌,안전거리미확보,건조,맑음,교차로 - 교차로부근,승용,남,58세,상해없음,승용,남,35세,경상
2016062800100421,2016년 6월 28일 18시,화요일,강원도 원주시 반곡동,중상사고,0,1,1,0,차대차 - 기타,교차로운행방법위반,건조,맑음,교차로 - 교차로안,승용,여,46세,경상,이륜,남,48세,중상
2016062800100454,2016년 6월 28일 19시,화요일,강원도 춘천시 후평동,경상사고,0,0,2,0,차대차 - 추돌,안전운전불이행,건조,맑음,단일로 - 기타,승합,남,71세,상해없음,화물,남,36세,경상
2016062800100518,2016년 6월 28일 21시,화요일,강원도 춘천시 후평동,경상사고,0,0,1,0,차대사람 - 기타,안전운전불이행,건조,맑음,단일로 - 기타,승용,남,49세,상해없음,보행자,남,35세,경상
2016062800100519,2016년 6월 28일 21시,화요일,강원도 강릉시 입암동,경상사고,0,0,1,0,차대차 - 기타,안전운전불이행,건조,맑음,교차로 - 교차로안,승용,남,43세,상해없음,원동기,남,19세,경상
2016062900100034,2016년 6월 29일 02시,수요일,강원도 원주시 명륜동,경상사고,0,0,1,0,차대차 - 정면충돌,안전운전불이행,건조,맑음,교차로 - 교차로부근,승용,여,32세,상해없음,승용,여,30세,경상
2016062900100060,2016년 6월 29일 06시,수요일,강원도 정선군 고한읍,경상사고,0,0,1,0,차대차 - 측면충돌,신호위반,건조,맑음,교차로 - 교차로안,건설기계,남,43세,상해없음,승용,여,41세,경상
2016062900100117,2016년 6월 29일 08시,수요일,강원도 원주시 단구동,경상사고,0,0,1,0,차대차 - 측면충돌,안전운전불이행,건조,맑음,교차로 - 교차로안,승용,남,34세,경상,승용,여,53세,상해없음
2016062900100118,2016년 6월 29일 08시,수요일,강원도 철원군 동송읍,중상사고,0,1,2,0,차대차 - 측면직각충돌,신호위반,건조,맑음,교차로 - 교차로안,승용,남,27세,상해없음,승합,남,61세,경상
2016062900100119,2016년 6월 29일 08시,수요일,강원도 양구군 양구읍,중상사고,0,1,0,0,차대차 - 측면직각충돌,직진우회전진행방해,건조,맑음,교차로 - 교차로안,승용,남,61세,상해없음,승용,남,65세,중상
2016062900100120,2016년 6월 29일 08시,수요일,강원도 동해시 이도동,경상사고,0,0,1,0,차대차 - 추돌,안전운전불이행,건조,맑음,교차로 - 교차로부근,자전거,남,12세,경상,승용,여,64세,상해없음
2016062900100159,2016년 6월 29일 09시,수요일,강원도 원주시 단구동,경상사고,0,0,1,0,차대차 - 정면충돌,안전운전불이행,건조,맑음,단일로 - 기타,승합,남,47세,상해없음,승용,남,49세,경상
2016062900100190,2016년 6월 29일 10시,수요일,강원도 춘천시 온의동,경상사고,0,0,1,0,차대차 - 측면직각충돌,직진우회전진행방해,건조,맑음,교차로 - 교차로안,승용,남,77세,상해없음,승용,남,72세,경상
2016062900100191,2016년 6월 29일 10시,수요일,강원도 양양군 양양읍,부상신고사고,0,0,0,1,차대차 - 측면충돌,안전운전불이행,건조,맑음,단일로 - 기타,승용,남,69세,상해없음,승용,남,56세,부상신고
2016062900100192,2016년 6월 29일 10시,수요일,강원도 삼척시 원덕읍,경상사고,0,0,1,0,차대차 - 추돌,안전거리미확보,건조,맑음,단일로 - 터널,승합,남,52세,상해없음,승용,남,90세 이상,상해없음
2016062900100193,2016년 6월 29일 10시,수요일,강원도 철원군 갈말읍,중상사고,0,1,0,0,차대차 - 측면직각충돌,차로위반,건조,맑음,교차로 - 교차로부근,승용,여,56세,상해없음,이륜,남,66세,중상
2016062900100222,2016년 6월 29일 11시,수요일,강원도 원주시 개운동,부상신고사고,0,0,0,1,차대차 - 측면충돌,신호위반,건조,맑음,교차로 - 교차로안,이륜,남,72세,부상신고,기타불명,기타불명,기타불명,기타불명
2016062900100247,2016년 6월 29일 12시,수요일,강원도 춘천시 석사동,경상사고,0,0,2,0,차대차 - 기타,안전운전불이행,건조,맑음,단일로 - 기타,이륜,남,42세,상해없음,승용,남,45세,경상
2016062900100248,2016년 6월 29일 12시,수요일,강원도 강릉시 교동,중상사고,0,1,2,0,차대차 - 추돌,신호위반,건조,맑음,교차로 - 교차로안,승용,남,56세,상해없음,승용,남,48세,경상
2016062900100249,2016년 6월 29일 12시,수요일,강원도 홍천군 홍천읍,경상사고,0,0,2,0,차대차 - 측면충돌,교차로운행방법위반,건조,맑음,교차로 - 교차로안,승용,남,49세,상해없음,승용,남,70세,경상
2016062900100250,2016년 6월 29일 12시,수요일,강원도 화천군 간동면,사망사고,1,0,0,0,차량단독 - 전도전복,안전운전불이행,건조,맑음,단일로 - 기타,농기계,남,77세,사망,,,,
2016062900100307,2016년 6월 29일 14시,수요일,강원도 원주시 흥업면,중상사고,0,2,1,1,차대차 - 측면충돌,안전거리미확보,건조,맑음,단일로 - 기타,승용,남,60세,상해없음,승용,여,26세,중상
2016062900100308,2016년 6월 29일 14시,수요일,강원도 속초시 조양동,경상사고,0,0,1,0,차대차 - 측면충돌,안전운전불이행,건조,맑음,단일로 - 기타,화물,남,52세,상해없음,승용,남,55세,경상
2016062900100378,2016년 6월 29일 16시,수요일,강원도 홍천군 홍천읍,경상사고,0,0,2,0,차대차 - 추돌,안전거리미확보,건조,맑음,교차로 - 교차로부근,화물,남,28세,상해없음,승용,여,56세,경상
2016062900100412,2016년 6월 29일 17시,수요일,강원도 동해시 부곡동,경상사고,0,0,2,0,차대차 - 측면직각충돌,안전운전불이행,건조,맑음,단일로 - 기타,이륜,남,16세,경상,승용,여,36세,경상
2016062900100460,2016년 6월 29일 18시,수요일,강원도 춘천시 남산면,경상사고,0,0,1,0,차대차 - 측면직각충돌,중앙선침범,건조,맑음,단일로 - 기타,승용,여,31세,기타불명,승용,여,30세,경상
2016063000100061,2016년 6월 30일 06시,목요일,강원도 원주시 무실동,중상사고,0,1,0,0,차대사람 - 횡단중,보행자보호의무위반,건조,맑음,교차로 - 교차로안,승용,남,57세,상해없음,보행자,여,72세,중상
2016063000100062,2016년 6월 30일 06시,목요일,강원도 원주시 부론면,중상사고,0,1,0,0,차량단독 - 전도전복,안전운전불이행,건조,맑음,단일로 - 기타,화물,남,56세,중상,,,,
2016063000100079,2016년 6월 30일 07시,목요일,강원도 강릉시 남항진동,경상사고,0,0,1,0,차대차 - 추돌,안전운전불이행,건조,맑음,단일로 - 기타,승용,여,42세,상해없음,자전거,여,53세,경상
2016063000100080,2016년 6월 30일 07시,목요일,강원도 강릉시 주문진읍,중상사고,0,1,0,0,차대차 - 기타,중앙선침범,건조,기타,단일로 - 기타,이륜,기타불명,기타불명,기타불명,승용,남,35세,중상
2016063000100081,2016년 6월 30일 07시,목요일,강원도 양구군 동면,중상사고,0,1,1,0,차량단독 - 도로외이탈 - 기타,안전운전불이행,건조,맑음,단일로 - 기타,승용,남,70세,경상,,,,
2016063000100108,2016년 6월 30일 08시,목요일,강원도 원주시 단계동,경상사고,0,0,12,0,차대차 - 정면충돌,교차로운행방법위반,건조,맑음,교차로 - 교차로안,승합,남,51세,경상,승용,남,34세,경상