사고번호,사고일시,요일,시군구,사고내용,사망자수,중상자수,경상자수,부상신고자수,사고유형,법규위반,노면상태,기상상태,도로형태,가해운전자 차종,가해운전자 성별,가해운전자 연령,가해운전자 상해정도,피해운전자 차종,피해운전자 성별,피해운전자 연령,피해운전자 상해정도
2016063000100137,2016년 6월 30일 09시,목요일,강원도 횡성군 공근면,경상사고,0,0,1,0,차대차 - 추돌,안전운전불이행,건조,맑음,단일로 - 기타,화물,남,23세,상해없음,건설기계,남,40세,경상
2016063000100161,2016년 6월 30일 10시,목요일,강원도 동해시 천곡동,경상사고,0,0,1,0,차대사람 - 기타,안전운전불이행,건조,맑음,단일로 - 기타,승용,여,37세,상해없음,보행자,여,48세,경상
2016063000100188,2016년 6월 30일 11시,목요일,강원도 영월군 영월읍,사망사고,1,0,0,0,차량단독 - 기타,안전운전불이행,건조,맑음,단일로 - 기타,농기계,남,77세,사망,,,,
2016063000100213,2016년 6월 30일 12시,목요일,강원도 춘천시 동면,경상사고,0,0,1,0,차대차 - 기타,직진우회전진행방해,건조,맑음,교차로 - 교차로안,기타불명,기타불명,기타불명,기타불명,승용,남,46세,상해없음
2016063000100245,2016년 6월 30일 13시,목요일,강원도 양양군 양양읍,경상사고,0,0,1,2,차대차 - 측면직각충돌,신호위반,건조,맑음,교차로 - 교차로부근,승용,여,61세,상해없음,화물,남,40세,부상신고
2016063000100246,2016년 6월 30일 13시,목요일,강원도 인제군 북면,중상사고,0,1,1,0,차대차 - 추돌,안전운전불이행,건조,맑음,교차로 - 교차로부근,승용,남,69세,상해없음,이륜,남,39세,경상
2016063000100269,2016년 6월 30일 14시,목요일,강원도 춘천시 서면,경상사고,0,0,3,0,차대차 - 추돌,안전거리미확보,건조,맑음,단일로 - 횡단보도상,승용,여,43세,상해없음,승용,남,63세,경상
2016063000100270,2016년 6월 30일 14시,목요일,강원도 원주시 중앙동,중상사고,0,1,0,0,차대차 - 측면충돌,안전운전불이행,건조,맑음,단일로 - 기타,승용,여,57세,상해없음,화물,남,59세,중상
2016063000100271,2016년 6월 30일 14시,목요일,강원도 고성군 현내면,경상사고,0,0,1,0,차대차 - 측면충돌,직진우회전진행방해,건조,맑음,교차로 - 교차로안,승용,여,42세,상해없음,승용,남,76세,경상
2016063000100335,2016년 6월 30일 16시,목요일,강원도 속초시 중앙동,중상사고,0,1,0,0,차대사람 - 횡단중,보행자보호의무위반,습기,비,단일로 - 횡단보도상,승용,남,71세,상해없음,보행자,여,62세,중상
2016063000100371,2016년 6월 30일 17시,목요일,강원도 평창군 미탄면,경상사고,0,0,1,0,차량단독 - 전도전복,안전운전불이행,건조,맑음,단일로 - 기타,승용,남,44세,경상,,,,
2016063000100408,2016년 6월 30일 18시,목요일,강원도 속초시 대포동,경상사고,0,0,1,0,차대차 - 추돌,안전운전불이행,건조,맑음,교차로 - 교차로부근,승용,여,24세,상해없음,승용,남,43세,경상
2016063000100409,2016년 6월 30일 18시,목요일,강원도 양양군 현북면,중상사고,0,1,0,0,차대사람 - 횡단중,신호위반,건조,맑음,단일로 - 기타,승용,여,59세,상해없음,보행자,남,57세,중상
2016070100100030,2016년 7월 1일 01시,금요일,강원도 춘천시 후평동,경상사고,0,0,1,0,차대차 - 측면직각충돌,직진우회전진행방해,건조,맑음,교차로 - 교차로안,승용,남,25세,상해없음,원동기,남,19세,경상
2016070100100067,2016년 7월 1일 06시,금요일,강원도 원주시 무실동,경상사고,0,0,6,0,차대차 - 기타,신호위반,건조,맑음,교차로 - 교차로안,승용,여,44세,경상,승용,남,54세,경상
2016070100100095,2016년 7월 1일 08시,금요일,강원도 평창군 평창읍,중상사고,0,1,0,0,차대차 - 측면직각충돌,안전운전불이행,건조,맑음,단일로 - 기타,화물,남,71세,상해없음,자전거,남,69세,중상
2016070100100126,2016년 7월 1일 09시,금요일,강원도 삼척시 원덕읍임원출장,부상신고사고,0,0,0,1,차량단독 - 전도전복,안전운전불이행,건조,맑음,단일로 - 기타,승용,여,68세,부상신고,,,,
2016070100100148,2016년 7월 1일 10시,금요일,강원도 태백시 화전동,경상사고,0,0,2,0,차대차 - 추돌,안전거리미확보,건조,맑음,교차로 - 교차로부근,화물,남,40세,상해없음,승용,남,70세,경상
2016070100100149,2016년 7월 1일 10시,금요일,강원도 인제군 인제읍,중상사고,0,1,0,0,차대사람 - 차도통행중,안전운전불이행,건조,맑음,교차로 - 교차로부근,승용,여,29세,상해없음,보행자,여,73세,중상
2016070100100181,2016년 7월 1일 11시,금요일,강원도 철원군 철원읍,경상사고,0,0,1,0,차대차 - 측면직각충돌,교차로운행방법위반,건조,맑음,교차로 - 교차로부근,승용,남,77세,상해없음,화물,남,28세,경상
2016070100100214,2016년 7월 1일 12시,금요일,강원도 춘천시 효자동,경상사고,0,0,2,0,차대차 - 측면직각충돌,교차로운행방법위반,건조,맑음,교차로 - 교차로안,승용,여,44세,상해없음,승용,여,73세,경상
2016070100100215,2016년 7월 1일 12시,금요일,강원도 원주시 우산동,경상사고,0,0,1,0,차대차 - 측면충돌,신호위반,건조,맑음,교차로 - 교차로안,화물,남,60세,상해없음,승용,남,22세,경상
2016070100100216,2016년 7월 1일 12시,금요일,강원도 원주시 태장동,경상사고,0,0,1,0,차대사람 - 횡단중,안전운전불이행,건조,맑음,교차로 - 교차로부근,승용,남,45세,상해없음,보행자,남,13세,경상
2016070100100262,2016년 7월 1일 13시,금요일,강원도 원주시 개운동,경상사고,0,0,1,0,차대사람 - 횡단중,안전운전불이행,건조,맑음,단일로 - 기타,승합,남,56세,기타불명,보행자,여,60세,경상
2016070100100263,2016년 7월 1일 13시,금요일,강원도 횡성군 둔내면,경상사고,0,0,2,1,차대차 - 추돌,차로위반,습기,비,단일로 - 기타,화물,남,53세,상해없음,승용,남,31세,경상
2016070100100308,2016년 7월 1일 14시,금요일,강원도 춘천시 동면,경상사고,0,0,2,0,차대차 - 추돌,안전운전불이행,습기,비,단일로 - 기타,화물,남,49세,상해없음,승용,여,52세,경상
2016070100100309,2016년 7월 1일 14시,금요일,강원도 홍천군 홍천읍,경상사고,0,0,1,0,차대차 - 측면충돌,직진우회전진행방해,습기,비,교차로 - 교차로안,승용,남,61세,상해없음,승용,남,23세,경상
2016070100100361,2016년 7월 1일 15시,금요일,강원도 춘천시 동산면,경상사고,0,0,4,0,차량단독 - 공작물충돌,안전운전불이행,습기,비,단일로 - 기타,승합,남,71세,상해없음,,,,
2016070100100362,2016년 7월 1일 15시,금요일,강원도 삼척시 원덕읍,중상사고,0,1,0,0,차량단독 - 공작물충돌,안전운전불이행,습기,비,단일로 - 교량,승용,남,51세,상해없음,,,,
2016070100100363,2016년 7월 1일 15시,금요일,강원도 홍천군 내면,경상사고,0,0,2,0,차대차 - 추돌,안전거리미확보,습기,비,단일로 - 기타,승용,남,48세,상해없음,승용,남,21세,경상
2016070100100411,2016년 7월 1일 16시,금요일,강원도 춘천시 중앙로3가,중상사고,0,1,0,0,차대사람 - 횡단중,신호위반,습기,비,교차로 - 교차로부근,승용,여,22세,상해없음,보행자,여,81세,중상
2016070100100412,2016년 7월 1일 16시,금요일,강원도 원주시 소초면,경상사고,0,0,2,0,차대차 - 추돌,안전거리미확보,습기,비,단일로 - 기타,승용,여,34세,상해없음,승용,여,52세,경상
2016070100100413,2016년 7월 1일 16시,금요일,강원도 횡성군 공근면,중상사고,0,1,0,0,차량단독 - 전도전복,안전운전불이행,습기,비,교차로 - 교차로부근,화물,남,36세,상해없음,,,,
2016070100100414,2016년 7월 1일 16시,금요일,강원도 원주시 소초면,경상사고,0,0,9,0,차대차 - 추돌,안전운전불이행,습기,비,단일로 - 기타,승합,남,54세,상해없음,승용,남,24세,경상
2016070100100471,2016년 7월 1일 17시,금요일,강원도 강릉시 내곡동,경상사고,0,0,1,0,차대차 - 추돌,안전운전불이행,습기,비,교차로 - 교차로안,승용,남,64세,상해없음,승용,여,40세,경상
2016070100100472,2016년 7월 1일 17시,금요일,강원도 원주시 명륜동,경상사고,0,0,2,0,차대차 - 추돌,안전거리미확보,건조,맑음,단일로 - 기타,화물,남,39세,기타불명,승용,남,29세,경상
2016070100100473,2016년 7월 1일 17시,금요일,강원도 속초시 교동,경상사고,0,0,1,0,차대사람 - 횡단중,안전운전불이행,습기,비,교차로 - 교차로안,승합,남,42세,상해없음,보행자,남,51세,경상
2016070100100474,2016년 7월 1일 17시,금요일,강원도 동해시 평릉동,경상사고,0,0,2,0,차대차 - 기타,직진우회전진행방해,건조,맑음,교차로 - 교차로안,승용,남,34세,상해없음,승용,남,57세,경상
2016070100100510,2016년 7월 1일 18시,금요일,강원도 삼척시 하장면,경상사고,0,0,1,0,차대차 - 정면충돌,중앙선침범,습기,비,단일로 - 기타,승용,남,66세,상해없음,승용,남,56세,경상
2016070100100511,2016년 7월 1일 18시,금요일,강원도 인제군 북면,경상사고,0,0,2,0,차대차 - 측면충돌,안전운전불이행,습기,비,교차로 - 교차로안,화물,남,55세,상해없음,승용,남,58세,경상
2016070100100512,2016년 7월 1일 18시,금요일,강원도 동해시 천곡동,경상사고,0,0,1,0,차대차 - 측면직각충돌,안전운전불이행,건조,맑음,단일로 - 기타,승용,남,53세,상해없음,승합,여,38세,경상
2016070100100563,2016년 7월 1일 19시,금요일,강원도 양양군 양양읍,중상사고,0,1,2,0,차대차 - 측면충돌,직진우회전진행방해,습기,비,교차로 - 교차로부근,승용,남,59세,상해없음,승용,남,55세,경상
2016070100100564,2016년 7월 1일 19시,금요일,강원도 홍천군 서석면,경상사고,0,0,1,0,차량단독 - 전도전복,안전운전불이행,습기,비,단일로 - 기타,화물,남,54세,경상,,,,
2016070100100565,2016년 7월 1일 19시,금요일,강원도 홍천군 북방면,경상사고,0,0,1,0,차대사람 - 횡단중,신호위반,습기,비,교차로 - 교차로안,승용,남,49세,상해없음,보행자,여,64세,경상
2016070100100626,2016년 7월 1일 20시,금요일,강원도 원주시 단구동,중상사고,0,2,1,0,차대차 - 측면충돌,신호위반,습기,비,교차로 - 교차로안,승용,남,61세,상해없음,승용,남,32세,중상
2016070100100627,2016년 7월 1일 20시,금요일,강원도 삼척시 남양동,경상사고,0,0,1,0,차대사람 - 기타,안전운전불이행,건조,맑음,단일로 - 기타,승용,남,45세,상해없음,보행자,남,60세,경상
2016070100100628,2016년 7월 1일 20시,금요일,강원도 철원군 동송읍,중상사고,0,1,0,0,차대사람 - 횡단중,안전운전불이행,습기,비,단일로 - 기타,승용,여,55세,상해없음,보행자,남,41세,중상
2016070100100681,2016년 7월 1일 21시,금요일,강원도 원주시 개운동,경상사고,0,0,1,0,차대사람 - 횡단중,안전운전불이행,건조,맑음,교차로 - 교차로안,승용,여,43세,상해없음,보행자,남,63세,경상
2016070100100682,2016년 7월 1일 21시,금요일,강원도 화천군 화천읍,경상사고,0,0,1,0,차량단독 - 전도전복,안전운전불이행,습기,비,단일로 - 터널,승용,남,62세,경상,,,,
2016070100100720,2016년 7월 1일 22시,금요일,강원도 원주시 우산동,경상사고,0,0,3,0,차대차 - 추돌,안전운전불이행,건조,맑음,교차로 - 교차로부근,승용,남,42세,상해없음,승용,남,37세,경상
2016070100100721,2016년 7월 1일 22시,금요일,강원도 속초시 교동,경상사고,0,0,1,0,차대차 - 측면직각충돌,교차로운행방법위반,습기,비,교차로 - 교차로부근,승용,남,43세,상해없음,승용,남,31세,경상
2016070100100722,2016년 7월 1일 22시,금요일,강원도 원주시 신림면,중상사고,0,1,0,0,차대차 - 추돌,안전운전불이행,습기,비,단일로 - 기타,승용,남,29세,상해없음,승용,남,54세,중상
2016070100100770,2016년 7월 1일 23시,금요일,강원도 원주시 단구동,중상사고,0,1,0,0,차대차 - 측면충돌,불법유턴,습기,비,단일로 - 기타,승용,남,43세,상해없음,이륜,남,18세,중상
2016070200100019,2016년 7월 2일 00시,토요일,강원도 철원군 동송읍,중상사고,0,1,1,0,차대차 - 기타,안전운전불이행,습기,비,교차로 - 교차로안,승용,여,36세,상해없음,승용,남,63세,경상
2016070200100075,2016년 7월 2일 02시,토요일,강원도 정선군 사북읍,경상사고,0,0,1,0,차대차 - 측면충돌,직진우회전진행방해,습기,비,교차로 - 교차로안,승용,남,63세,상해없음,승용,남,38세,경상
2016070200100115,2016년 7월 2일 04시,토요일,강원도 원주시 문막읍,중상사고,0,2,1,0,차대차 - 추돌,신호위반,습기,비,교차로 - 교차로안,승용,여,59세,상해없음,승합,남,60세,경상
2016070200100141,2016년 7월 2일 06시,토요일,강원도 원주시 호저면,사망사고,1,2,0,0,차대차 - 정면충돌,중앙선침범,건조,맑음,단일로 - 기타,화물,남,25세,사망,화물,남,71세,중상
2016070200100212,2016년 7월 2일 10시,토요일,강원도 춘천시 동산면,경상사고,0,0,2,0,차대차 - 추돌,안전운전불이행,건조,맑음,단일로 - 기타,화물,남,73세,상해없음,화물,남,62세,상해없음
2016070200100213,2016년 7월 2일 10시,토요일,강원도 춘천시 퇴계동,경상사고,0,0,1,0,차대차 - 기타,안전운전불이행,건조,맑음,교차로 - 교차로안,승용,여,63세,상해없음,승합,남,56세,경상
2016070200100240,2016년 7월 2일 11시,토요일,강원도 춘천시 남산면,경상사고,0,0,1,0,차대차 - 측면직각충돌,교차로운행방법위반,건조,맑음,교차로 - 교차로안,승용,남,50세,상해없음,승용,남,39세,경상
2016070200100241,2016년 7월 2일 11시,토요일,강원도 춘천시 교동,경상사고,0,0,1,0,차대사람 - 횡단중,보행자보호의무위반,건조,맑음,단일로 - 횡단보도상,승용,여,60세,상해없음,보행자,여,55세,경상
2016070200100242,2016년 7월 2일 11시,토요일,강원도 강릉시 옥계면,중상사고,0,1,1,0,차대차 - 측면직각충돌,신호위반,건조,맑음,교차로 - 교차로안,화물,남,54세,상해없음,승용,남,50세,경상
2016070200100243,2016년 7월 2일 11시,토요일,강원도 화천군 하남면,중상사고,0,1,0,0,차량단독 - 공작물충돌,안전운전불이행,건조,맑음,단일로 - 기타,이륜,남,22세,중상,,,,
2016070200100277,2016년 7월 2일 12시,토요일,강원도 홍천군 홍천읍,경상사고,0,0,2,0,차대차 - 측면충돌,안전운전불이행,건조,맑음,단일로 - 기타,승용,남,54세,상해없음,승용,남,66세,경상
2016070200100302,2016년 7월 2일 13시,토요일,강원도 정선군 남면,중상사고,0,1,1,0,차대차 - 정면충돌,중앙선침범,건조,맑음,단일로 - 기타,이륜,남,46세,중상,승용,남,41세,경상
2016070200100347,2016년 7월 2일 14시,토요일,강원도 홍천군 동면,경상사고,0,0,1,0,차량단독 - 전도전복,안전운전불이행,건조,맑음,단일로 - 기타,농기계,남,76세,경상,,,,
2016070200100380,2016년 7월 2일 15시,토요일,강원도 삼척시 등봉동,사망사고,1,3,5,0,차대차 - 추돌,과속,건조,맑음,단일로 - 기타,승용,남,71세,중상,승용,남,52세,경상
2016070200100420,2016년 7월 2일 16시,토요일,강원도 원주시 명륜동,경상사고,0,0,1,0,차대사람 - 횡단중,보행자보호의무위반,건조,맑음,단일로 - 기타,승용,여,48세,상해없음,보행자,남,8세,경상
2016070200100421,2016년 7월 2일 16시,토요일,강원도 양양군 강현면,중상사고,0,1,0,0,차대차 - 추돌,안전운전불이행,건조,맑음,교차로 - 교차로부근,승용,남,29세,상해없음,승용,남,55세,중상
2016070200100452,2016년 7월 2일 17시,토요일,강원도 춘천시 후평동,중상사고,0,1,1,0,차량단독 - 기타,기타,건조,맑음,단일로 - 기타,승합,남,58세,상해없음,,,,
2016070200100453,2016년 7월 2일 17시,토요일,강원도 평창군 봉평면,중상사고,0,3,0,0,차대차 - 정면충돌,중앙선침범,건조,흐림,단일로 - 기타,승용,남,41세,중상,승용,남,23세,중상
2016070200100454,2016년 7월 2일 17시,토요일,강원도 화천군 화천읍,경상사고,0,0,1,0,차대차 - 측면충돌,안전운전불이행,건조,맑음,교차로 - 교차로부근,승용,남,61세,상해없음,승용,여,64세,경상
2016070200100475,2016년 7월 2일 18시,토요일,강원도 춘천시 동산면,중상사고,0,1,4,0,차대차 - 측면충돌,차로위반,건조,맑음,단일로 - 기타,승용,여,55세,경상,승용,남,40세,경상
2016070200100507,2016년 7월 2일 19시,토요일,강원도 원주시 판부면,경상사고,0,0,1,0,차대차 - 측면직각충돌,교차로운행방법위반,건조,맑음,교차로 - 교차로안,승합,남,42세,상해없음,이륜,남,19세,경상
2016070200100527,2016년 7월 2일 20시,토요일,강원도 강릉시 성남동,경상사고,0,0,1,0,차대사람 - 횡단중,보행자보호의무위반,건조,맑음,단일로 - 기타,승용,남,54세,상해없음,보행자,여,32세,경상
2016070200100528,2016년 7월 2일 20시,토요일,강원도 강릉시 연곡면,중상사고,0,1,0,0,차대사람 - 횡단중,신호위반,건조,맑음,단일로 - 기타,이륜,남,17세,상해없음,보행자,여,56세,중상
2016070200100529,2016년 7월 2일 20시,토요일,강원도 동해시 망상동,경상사고,0,0,2,0,차대차 - 측면직각충돌,안전운전불이행,건조,맑음,단일로 - 기타,승용,여,38세,상해없음,승용,남,51세,경상
2016070200100585,2016년 7월 2일 22시,토요일,강원도 속초시 조양동,경상사고,0,0,2,0,차대차 - 측면직각충돌,안전운전불이행,건조,맑음,단일로 - 기타,승용,여,19세,상해없음,승용,남,45세,경상
2016070200100608,2016년 7월 2일 23시,토요일,강원도 원주시 태장동,경상사고,0,0,1,0,차대차 - 측면충돌,신호위반,건조,맑음,교차로 - 교차로안,승용,남,57세,상해없음,승용,여,54세,경상
2016070300100076,2016년 7월 3일 07시,일요일,강원도 강릉시 교동,경상사고,0,0,1,0,차대차 - 추돌,안전운전불이행,건조,맑음,교차로 - 교차로부근,승용,여,34세,기타불명,승용,남,56세,경상
2016070300100089,2016년 7월 3일 08시,일요일,강원도 횡성군 횡성읍,경상사고,0,0,1,0,차대차 - 측면직각충돌,안전운전불이행,건조,맑음,교차로 - 교차로안,승용,여,45세,상해없음,화물,남,62세,경상
2016070300100138,2016년 7월 3일 11시,일요일,강원도 춘천시 남산면,경상사고,0,0,5,0,차대차 - 측면직각충돌,중앙선침범,건조,맑음,단일로 - 기타,승용,남,22세,상해없음,승용,여,22세,경상
2016070300100187,2016년 7월 3일 13시,일요일,강원도 횡성군 서원면,경상사고,0,0,7,0,차대차 - 정면충돌,중앙선침범,건조,맑음,단일로 - 교량,화물,남,67세,상해없음,승합,남,29세,경상
2016070300100216,2016년 7월 3일 14시,일요일,강원도 평창군 평창읍,경상사고,0,0,1,0,차대차 - 추돌,안전운전불이행,건조,흐림,단일로 - 기타,화물,남,74세,상해없음,승용,남,50세,경상
2016070300100242,2016년 7월 3일 15시,일요일,강원도 영월군 영월읍,경상사고,0,0,2,0,차대차 - 측면직각충돌,교차로운행방법위반,건조,맑음,교차로 - 교차로안,승합,남,59세,상해없음,승용,남,45세,경상
2016070300100243,2016년 7월 3일 15시,일요일,강원도 평창군 평창읍,중상사고,0,1,0,0,차대차 - 측면직각충돌,중앙선침범,건조,맑음,단일로 - 기타,승용,여,41세,상해없음,자전거,여,71세,중상
2016070300100271,2016년 7월 3일 16시,일요일,강원도 원주시 단구동,경상사고,0,0,1,0,차대차 - 정면충돌,신호위반,건조,맑음,교차로 - 교차로안,승용,여,45세,상해없음,승용,남,45세,경상
2016070300100272,2016년 7월 3일 16시,일요일,강원도 원주시 호저면,중상사고,0,4,32,1,차대차 - 추돌,안전거리미확보,습기,흐림,단일로 - 기타,화물,남,55세,상해없음,승용,남,25세,경상
2016070300100273,2016년 7월 3일 16시,일요일,강원도 평창군 평창읍,경상사고,0,0,6,0,차대차 - 추돌,안전거리미확보,건조,맑음,단일로 - 기타,승용,남,23세,상해없음,승용,남,24세,경상
2016070300100296,2016년 7월 3일 17시,일요일,강원도 횡성군 갑천면,중상사고,0,1,0,0,차량단독 - 전도전복,안전운전불이행,건조,맑음,단일로 - 기타,원동기,남,60세,중상,,,,
2016070300100319,2016년 7월 3일 18시,일요일,강원도 강릉시 교동,경상사고,0,0,1,0,차대차 - 추돌,교차로운행방법위반,건조,맑음,교차로 - 교차로안,화물,남,46세,상해없음,승용,여,50세,경상
2016070300100320,2016년 7월 3일 18시,일요일,강원도 원주시 인동,경상사고,0,0,2,0,차대차 - 정면충돌,교차로운행방법위반,건조,맑음,교차로 - 교차로안,승용,남,45세,경상,승용,여,56세,경상
2016070300100347,2016년 7월 3일 19시,일요일,강원도 춘천시 효자동,경상사고,0,0,3,0,차대차 - 측면직각충돌,중앙선침범,건조,맑음,단일로 - 기타,승용,남,49세,상해없음,승용,남,50세,경상
2016070300100348,2016년 7월 3일 19시,일요일,강원도 강릉시 입암동,경상사고,0,0,1,0,차대차 - 기타,안전운전불이행,건조,맑음,기타 - 기타,승용,남,26세,상해없음,이륜,남,19세,경상
2016070400100013,2016년 7월 4일 01시,월요일,강원도 춘천시 후평동,경상사고,0,0,1,0,차대차 - 정면충돌,안전거리미확보,건조,맑음,단일로 - 기타,승용,남,34세,상해없음,승용,남,61세,경상
2016070400100061,2016년 7월 4일 07시,월요일,강원도 원주시 소초면,경상사고,0,0,1,0,차대차 - 정면충돌,신호위반,습기,비,교차로 - 교차로안,건설기계,남,33세,상해없음,승용,남,23세,경상
2016070400100062,2016년 7월 4일 07시,월요일,강원도 횡성군 서원면,중상사고,0,1,0,0,차대차 - 측면직각충돌,안전운전불이행,습기,비,교차로 - 교차로안,승용,남,52세,상해없음,승합,남,65세,중상
2016070400100092,2016년 7월 4일 08시,월요일,강원도 춘천시 후평동,경상사고,0,0,1,0,차대사람 - 기타,안전운전불이행,건조,맑음,단일로 - 기타,기타불명,기타불명,기타불명,기타불명,보행자,남,13세,경상
2016070400100093,2016년 7월 4일 08시,월요일,강원도 춘천시 퇴계동,경상사고,0,0,1,0,차대차 - 측면직각충돌,안전운전불이행,건조,맑음,교차로 - 교차로안,승용,여,47세,상해없음,승용,여,43세,상해없음
2016070400100094,2016년 7월 4일 08시,월요일,강원도 원주시 관설동,경상사고,0,0,3,0,차대차 - 추돌,안전거리미확보,건조,맑음,교차로 - 교차로안,승용,남,29세,상해없음,승용,남,58세,상해없음
2016070400100095,2016년 7월 4일 08시,월요일,강원도 삼척시 원당동,경상사고,0,0,1,0,차대차 - 추돌,안전운전불이행,습기,비,교차로 - 교차로부근,화물,남,38세,상해없음,승용,여,40세,경상
2016070400100126,2016년 7월 4일 09시,월요일,강원도 춘천시 퇴계동,경상사고,0,0,1,0,차대차 - 측면직각충돌,차로위반,건조,맑음,교차로 - 교차로안,이륜,남,80세,경상,승용,여,42세,상해없음
2016070400100127,2016년 7월 4일 09시,월요일,강원도 원주시 중앙동,중상사고,0,1,0,0,차대사람 - 횡단중,보행자보호의무위반,습기,비,교차로 - 교차로부근,화물,남,71세,상해없음,보행자,남,49세,중상
2016070400100128,2016년 7월 4일 09시,월요일,강원도 삼척시 원당동,경상사고,0,0,1,0,차대사람 - 횡단중,안전운전불이행,습기,비,교차로 - 교차로안,승용,남,48세,상해없음,보행자,남,20세,경상
2016070400100215,2016년 7월 4일 12시,월요일,강원도 홍천군 화촌면,경상사고,0,0,1,0,차대차 - 측면충돌,안전운전불이행,습기,맑음,단일로 - 기타,건설기계,남,50세,상해없음,화물,남,64세,경상
2016070400100241,2016년 7월 4일 13시,월요일,강원도 속초시 교동,경상사고,0,0,1,0,차대사람 - 횡단중,보행자보호의무위반,건조,맑음,교차로 - 교차로부근,승용,남,74세,상해없음,보행자,여,35세,경상
2016070400100242,2016년 7월 4일 13시,월요일,강원도 원주시 지정면,중상사고,0,1,0,0,차량단독 - 공작물충돌,안전운전불이행,습기,비,단일로 - 기타,화물,남,49세,중상,,,,
2016070400100267,2016년 7월 4일 14시,월요일,강원도 원주시 학성동,중상사고,0,1,1,0,차대차 - 정면충돌,안전운전불이행,습기,맑음,단일로 - 기타,승용,남,52세,경상,승용,남,63세,중상
2016070400100303,2016년 7월 4일 15시,월요일,강원도 홍천군 홍천읍,경상사고,0,0,1,0,차대사람 - 횡단중,보행자보호의무위반,습기,비,교차로 - 교차로안,화물,남,59세,상해없음,보행자,남,52세,경상
2016070400100304,2016년 7월 4일 15시,월요일,강원도 동해시 부곡동,경상사고,0,0,2,0,차대차 - 정면충돌,신호위반,습기,비,교차로 - 교차로안,승용,남,44세,상해없음,화물,남,59세,경상
2016070400100305,2016년 7월 4일 15시,월요일,강원도 원주시 지정면,경상사고,0,0,1,0,차대차 - 추돌,안전운전불이행,습기,비,단일로 - 기타,화물,남,42세,상해없음,승용,남,41세,상해없음
2016070400100336,2016년 7월 4일 16시,월요일,강원도 원주시 흥업면,중상사고,0,1,1,0,차대차 - 추돌,안전거리미확보,습기,비,교차로 - 교차로부근,승합,남,57세,상해없음,승용,남,66세,중상
2016070400100360,2016년 7월 4일 17시,월요일,강원도 삼척시 남양동,경상사고,0,0,1,0,차대사람 - 횡단중,보행자보호의무위반,건조,흐림,교차로 - 교차로부근,승용,남,38세,상해없음,보행자,여,76세,경상
2016070400100361,2016년 7월 4일 17시,월요일,강원도 삼척시 정상동,경상사고,0,0,2,0,차대차 - 측면직각충돌,안전운전불이행,습기,비,단일로 - 기타,승용,여,55세,경상,승용,여,51세,경상
2016070400100362,2016년 7월 4일 17시,월요일,강원도 영월군 북면,중상사고,0,1,0,0,차대사람 - 기타,안전운전불이행,습기,비,단일로 - 기타,승용,남,54세,상해없음,보행자,남,68세,중상
2016070400100363,2016년 7월 4일 17시,월요일,강원도 동해시 쇄운동,경상사고,0,0,7,0,차대차 - 기타,신호위반,습기,비,교차로 - 교차로안,승합,남,48세,상해없음,화물,남,72세,상해없음
2016070400100395,2016년 7월 4일 18시,월요일,강원도 원주시 중앙동,경상사고,0,0,1,0,차대사람 - 기타,안전운전불이행,습기,비,단일로 - 기타,승용,여,46세,상해없음,보행자,남,45세,경상
2016070400100396,2016년 7월 4일 18시,월요일,강원도 원주시 단구동,중상사고,0,1,0,0,차대차 - 정면충돌,안전거리미확보,습기,비,교차로 - 교차로안,승용,남,49세,상해없음,승용,남,35세,중상
2016070400100397,2016년 7월 4일 18시,월요일,강원도 속초시 조양동,중상사고,0,1,0,0,차대차 - 추돌,안전운전불이행,습기,비,단일로 - 기타,승용,남,65세,상해없음,승용,남,41세,상해없음
2016070400100398,2016년 7월 4일 18시,월요일,강원도 태백시 황지동,경상사고,0,0,2,0,차대차 - 측면충돌,교차로운행방법위반,습기,비,교차로 - 교차로안,승용,남,53세,상해없음,승용,여,30세,경상
2016070400100515,2016년 7월 4일 21시,월요일,강원도 양양군 강현면,중상사고,0,1,1,0,차대차 - 추돌,안전운전불이행,습기,비,단일로 - 기타,승합,남,58세,상해없음,승용,여,53세,경상
2016070400100516,2016년 7월 4일 21시,월요일,강원도 정선군 남면,사망사고,4,0,0,0,차량단독 - 전도전복,안전운전불이행,습기,비,단일로 - 기타,승용,남,74세,사망,,,,
2016070400100554,2016년 7월 4일 22시,월요일,강원도 춘천시 소양로1가,경상사고,0,0,1,0,차대차 - 추돌,안전운전불이행,습기,비,교차로 - 교차로안,승용,남,55세,상해없음,승용,여,54세,경상
2016070400100555,2016년 7월 4일 22시,월요일,강원도 강릉시 교동,중상사고,0,1,1,0,차대차 - 정면충돌,중앙선침범,습기,비,단일로 - 기타,승용,남,47세,상해없음,승용,여,46세,경상
2016070400100556,2016년 7월 4일 22시,월요일,강원도 원주시 태장동,경상사고,0,0,1,0,차대차 - 정면충돌,기타,습기,비,교차로 - 교차로안,승용,남,64세,상해없음,자전거,여,50세,경상
2016070400100557,2016년 7월 4일 22시,월요일,강원도 삼척시 남양동,경상사고,0,0,2,0,차대차 - 측면직각충돌,안전운전불이행,습기,비,단일로 - 기타,승용,여,52세,상해없음,승용,남,31세,경상
2016070400100602,2016년 7월 4일 23시,월요일,강원도 춘천시 퇴계동,경상사고,0,0,1,0,차대사람 - 길가장자리구역통행중,안전운전불이행,습기,비,교차로 - 교차로부근,화물,남,35세,상해없음,보행자,남,54세,경상