사고번호,사고일시,요일,시군구,사고내용,사망자수,중상자수,경상자수,부상신고자수,사고유형,법규위반,노면상태,기상상태,도로형태,가해운전자 차종,가해운전자 성별,가해운전자 연령,가해운전자 상해정도,피해운전자 차종,피해운전자 성별,피해운전자 연령,피해운전자 상해정도
2016070900100488,2016년 7월 9일 17시,토요일,강원도 속초시 교동,중상사고,0,1,0,0,차대차 - 측면직각충돌,안전운전불이행,건조,맑음,단일로 - 기타,승용,남,27세,상해없음,이륜,남,76세,중상
2016070900100489,2016년 7월 9일 17시,토요일,강원도 태백시 창죽동,경상사고,0,0,3,0,차대차 - 정면충돌,중앙선침범,건조,맑음,단일로 - 기타,승용,남,60세,상해없음,승용,남,44세,경상
2016070900100524,2016년 7월 9일 18시,토요일,강원도 고성군 토성면,경상사고,0,0,1,0,차대사람 - 횡단중,안전운전불이행,건조,맑음,단일로 - 기타,승용,남,61세,상해없음,보행자,여,4세,경상
2016070900100555,2016년 7월 9일 19시,토요일,강원도 홍천군 홍천읍,중상사고,0,1,0,0,차대차 - 기타,안전거리미확보,건조,흐림,교차로 - 교차로부근,승용,여,31세,상해없음,이륜,남,50세,중상
2016070900100583,2016년 7월 9일 20시,토요일,강원도 춘천시 후평동,중상사고,0,1,0,0,차대차 - 정면충돌,안전운전불이행,건조,맑음,교차로 - 교차로안,승용,여,46세,상해없음,이륜,남,21세,중상
2016070900100611,2016년 7월 9일 21시,토요일,강원도 삼척시 갈천동,경상사고,0,0,1,0,차대사람 - 길가장자리구역통행중,안전운전불이행,건조,기타,단일로 - 기타,승용,남,48세,상해없음,보행자,남,29세,경상
2016070900100631,2016년 7월 9일 22시,토요일,강원도 홍천군 두촌면,경상사고,0,0,6,0,차대차 - 추돌,안전운전불이행,건조,맑음,단일로 - 기타,승용,남,38세,상해없음,승용,남,32세,경상
2016070900100632,2016년 7월 9일 22시,토요일,강원도 횡성군 둔내면,중상사고,0,1,0,0,차대차 - 측면직각충돌,중앙선침범,건조,맑음,단일로 - 기타,화물,남,34세,상해없음,승용,남,33세,중상
2016070900100633,2016년 7월 9일 22시,토요일,강원도 동해시 천곡동,경상사고,0,0,1,0,차대사람 - 길가장자리구역통행중,안전운전불이행,건조,맑음,단일로 - 기타,승용,여,43세,상해없음,보행자,남,59세,경상
2016071000100005,2016년 7월 10일 00시,일요일,강원도 강릉시 강문동,경상사고,0,0,1,0,차대사람 - 길가장자리구역통행중,안전운전불이행,건조,기타,단일로 - 기타,승용,남,20세,상해없음,보행자,여,24세,경상
2016071000100039,2016년 7월 10일 01시,일요일,강원도 원주시 단계동,중상사고,0,2,0,0,차대차 - 측면충돌,안전운전불이행,건조,맑음,단일로 - 기타,승용,여,35세,기타불명,승용,남,27세,중상
2016071000100085,2016년 7월 10일 05시,일요일,강원도 원주시 단계동,경상사고,0,0,1,0,차대차 - 측면충돌,신호위반,건조,맑음,교차로 - 교차로안,이륜,남,18세,상해없음,승용,남,46세,상해없음
2016071000100086,2016년 7월 10일 05시,일요일,강원도 횡성군 횡성읍,사망사고,1,1,0,0,차대차 - 정면충돌,중앙선침범,건조,맑음,단일로 - 기타,승용,남,49세,중상,승용,남,50세,사망
2016071000100119,2016년 7월 10일 08시,일요일,강원도 삼척시 원덕읍,중상사고,0,1,0,0,차대차 - 측면충돌,직진우회전진행방해,건조,맑음,교차로 - 교차로안,승용,여,46세,중상,화물,남,65세,상해없음
2016071000100164,2016년 7월 10일 10시,일요일,강원도 강릉시 입암동,중상사고,0,1,0,0,차대사람 - 횡단중,안전운전불이행,건조,맑음,단일로 - 기타,승용,여,41세,상해없음,보행자,남,84세,중상
2016071000100165,2016년 7월 10일 10시,일요일,강원도 원주시 반곡동,중상사고,0,1,2,0,차대차 - 측면충돌,교차로운행방법위반,건조,맑음,교차로 - 교차로안,승용,여,52세,경상,승용,남,64세,경상
2016071000100166,2016년 7월 10일 10시,일요일,강원도 홍천군 서면,경상사고,0,0,2,0,차대차 - 정면충돌,교차로운행방법위반,건조,맑음,교차로 - 교차로안,승합,남,38세,상해없음,승용,남,49세,상해없음
2016071000100186,2016년 7월 10일 11시,일요일,강원도 춘천시 효자동,경상사고,0,0,1,0,차대차 - 측면직각충돌,중앙선침범,건조,맑음,교차로 - 교차로안,승용,여,37세,상해없음,화물,남,60세,상해없음
2016071000100187,2016년 7월 10일 11시,일요일,강원도 원주시 문막읍,경상사고,0,0,1,0,차대차 - 추돌,안전거리미확보,건조,맑음,교차로 - 교차로부근,승용,여,31세,상해없음,승용,여,49세,경상
2016071000100212,2016년 7월 10일 12시,일요일,강원도 춘천시 교동,경상사고,0,0,1,0,차대차 - 측면충돌,안전운전불이행,건조,맑음,단일로 - 기타,승용,남,72세,상해없음,자전거,남,8세,경상
2016071000100213,2016년 7월 10일 12시,일요일,강원도 강릉시 교동,경상사고,0,0,1,0,차대차 - 측면충돌,교차로운행방법위반,건조,맑음,교차로 - 교차로안,승용,남,28세,상해없음,승용,여,42세,경상
2016071000100214,2016년 7월 10일 12시,일요일,강원도 원주시 부론면,경상사고,0,0,4,0,차대차 - 추돌,안전운전불이행,건조,맑음,단일로 - 기타,화물,남,60세,상해없음,승용,남,44세,경상
2016071000100215,2016년 7월 10일 12시,일요일,강원도 원주시 판부면,경상사고,0,0,5,0,차대차 - 정면충돌,안전거리미확보,건조,맑음,단일로 - 기타,승용,남,42세,상해없음,승용,남,41세,상해없음
2016071000100216,2016년 7월 10일 12시,일요일,강원도 원주시 개운동,중상사고,0,1,2,0,차대차 - 측면충돌,직진우회전진행방해,건조,맑음,교차로 - 교차로안,승용,남,50세,상해없음,승용,여,52세,중상
2016071000100252,2016년 7월 10일 13시,일요일,강원도 속초시 교동,중상사고,0,1,0,0,차대차 - 측면직각충돌,안전운전불이행,건조,맑음,교차로 - 교차로부근,승용,남,55세,상해없음,승용,여,22세,중상
2016071000100253,2016년 7월 10일 13시,일요일,강원도 홍천군 홍천읍,경상사고,0,0,2,0,차대차 - 기타,차로위반,건조,맑음,단일로 - 기타,승용,남,21세,상해없음,승용,남,44세,경상
2016071000100289,2016년 7월 10일 14시,일요일,강원도 강릉시 교동,경상사고,0,0,4,0,차대차 - 측면직각충돌,안전운전불이행,건조,맑음,교차로 - 교차로안,승용,여,26세,상해없음,승용,남,24세,경상
2016071000100317,2016년 7월 10일 15시,일요일,강원도 춘천시 효자동,경상사고,0,0,1,1,차대차 - 측면직각충돌,안전운전불이행,건조,맑음,교차로 - 교차로안,승용,남,37세,상해없음,승용,남,56세,경상
2016071000100318,2016년 7월 10일 15시,일요일,강원도 원주시 관설동,중상사고,0,1,2,0,차대차 - 정면충돌,안전운전불이행,건조,맑음,교차로 - 교차로부근,이륜,남,18세,경상,승용,남,68세,경상
2016071000100336,2016년 7월 10일 16시,일요일,강원도 횡성군 둔내면,중상사고,0,1,0,0,차량단독 - 전도전복,안전운전불이행,건조,맑음,단일로 - 기타,이륜,남,70세,중상,,,,
2016071000100360,2016년 7월 10일 17시,일요일,강원도 춘천시 후평동,경상사고,0,0,2,1,차대차 - 측면직각충돌,안전운전불이행,건조,맑음,교차로 - 교차로안,이륜,남,41세,부상신고,승용,남,53세,경상
2016071000100361,2016년 7월 10일 17시,일요일,강원도 춘천시 석사동,부상신고사고,0,0,0,3,차대차 - 추돌,안전운전불이행,건조,맑음,교차로 - 교차로부근,건설기계,남,57세,상해없음,승용,남,51세,부상신고
2016071000100362,2016년 7월 10일 17시,일요일,강원도 평창군 진부면,경상사고,0,0,2,0,차대차 - 추돌,안전운전불이행,건조,맑음,단일로 - 기타,화물,남,76세,상해없음,승용,남,41세,경상
2016071000100363,2016년 7월 10일 17시,일요일,강원도 태백시 황지동,경상사고,0,0,1,0,차대차 - 추돌,안전거리미확보,건조,맑음,교차로 - 교차로안,화물,남,65세,기타불명,승용,남,54세,경상
2016071000100364,2016년 7월 10일 17시,일요일,강원도 횡성군 횡성읍,중상사고,0,1,1,0,차량단독 - 전도전복,안전운전불이행,건조,맑음,단일로 - 기타,승용,남,22세,중상,,,,
2016071000100430,2016년 7월 10일 19시,일요일,강원도 홍천군 내촌면,경상사고,0,0,3,0,차대차 - 정면충돌,중앙선침범,건조,맑음,단일로 - 기타,이륜,남,47세,경상,승용,남,63세,경상
2016071000100431,2016년 7월 10일 19시,일요일,강원도 화천군 화천읍,경상사고,0,0,2,0,차대차 - 측면충돌,안전운전불이행,건조,맑음,교차로 - 교차로안,승용,남,29세,상해없음,승용,남,29세,경상
2016071000100464,2016년 7월 10일 20시,일요일,강원도 춘천시 퇴계동,경상사고,0,0,1,0,차대사람 - 횡단중,신호위반,건조,맑음,단일로 - 횡단보도상,승용,남,77세,상해없음,보행자,여,33세,경상
2016071000100485,2016년 7월 10일 21시,일요일,강원도 홍천군 홍천읍,중상사고,0,2,0,0,차대차 - 추돌,안전운전불이행,건조,맑음,교차로 - 교차로부근,화물,남,55세,상해없음,승합,남,59세,중상
2016071000100486,2016년 7월 10일 21시,일요일,강원도 동해시 부곡동,중상사고,0,1,0,0,차대차 - 기타,교차로운행방법위반,건조,맑음,교차로 - 교차로부근,승용,여,31세,상해없음,이륜,남,16세,중상
2016071000100508,2016년 7월 10일 22시,일요일,강원도 춘천시 동내면,경상사고,0,0,2,0,차대차 - 측면직각충돌,신호위반,건조,맑음,교차로 - 교차로안,승용,남,30세,상해없음,승용,남,62세,경상
2016071100100045,2016년 7월 11일 05시,월요일,강원도 속초시 교동,중상사고,0,1,0,0,차대차 - 측면직각충돌,안전운전불이행,건조,맑음,단일로 - 기타,승용,여,41세,상해없음,이륜,남,70세,중상
2016071100100101,2016년 7월 11일 08시,월요일,강원도 춘천시 후평동,중상사고,0,1,0,0,차대차 - 측면직각충돌,직진우회전진행방해,건조,맑음,교차로 - 교차로안,승용,남,69세,상해없음,자전거,남,17세,중상
2016071100100102,2016년 7월 11일 08시,월요일,강원도 춘천시 동면,경상사고,0,0,3,0,차대차 - 추돌,안전운전불이행,건조,맑음,단일로 - 기타,승용,여,36세,상해없음,승용,여,58세,경상
2016071100100103,2016년 7월 11일 08시,월요일,강원도 원주시 인동,중상사고,0,1,0,0,차대차 - 측면충돌,직진우회전진행방해,건조,맑음,교차로 - 교차로안,승용,여,42세,상해없음,승용,남,61세,상해없음
2016071100100104,2016년 7월 11일 08시,월요일,강원도 속초시 교동,경상사고,0,0,1,0,차대차 - 측면직각충돌,안전운전불이행,건조,맑음,단일로 - 기타,승용,남,79세,상해없음,이륜,남,71세,경상
2016071100100105,2016년 7월 11일 08시,월요일,강원도 고성군 토성면,경상사고,0,0,1,0,차대차 - 측면충돌,직진우회전진행방해,건조,맑음,교차로 - 교차로안,승용,남,33세,상해없음,승용,남,57세,경상
2016071100100179,2016년 7월 11일 10시,월요일,강원도 강릉시 죽헌동,경상사고,0,0,1,0,차대차 - 측면직각충돌,신호위반,건조,맑음,교차로 - 교차로안,승합,남,38세,상해없음,승용,여,52세,경상
2016071100100180,2016년 7월 11일 10시,월요일,강원도 홍천군 서면,경상사고,0,0,1,0,차대차 - 기타,안전거리미확보,건조,맑음,교차로 - 교차로부근,승용,남,33세,상해없음,승용,남,34세,경상
2016071100100203,2016년 7월 11일 11시,월요일,강원도 춘천시 동내면,경상사고,0,0,2,2,차대차 - 측면직각충돌,안전운전불이행,건조,맑음,교차로 - 교차로부근,화물,남,62세,부상신고,승합,남,47세,경상
2016071100100233,2016년 7월 11일 12시,월요일,강원도 춘천시 퇴계동,경상사고,0,0,3,0,차대차 - 추돌,기타,건조,맑음,교차로 - 교차로부근,승용,남,23세,상해없음,승용,여,30세,경상
2016071100100234,2016년 7월 11일 12시,월요일,강원도 횡성군 둔내면,경상사고,0,0,1,0,차대차 - 측면직각충돌,중앙선침범,건조,맑음,단일로 - 기타,승용,남,64세,상해없음,승용,여,36세,경상
2016071100100267,2016년 7월 11일 13시,월요일,강원도 속초시 동명동,경상사고,0,0,1,0,차대차 - 측면직각충돌,안전운전불이행,건조,맑음,단일로 - 기타,승용,여,65세,상해없음,이륜,남,36세,경상
2016071100100268,2016년 7월 11일 13시,월요일,강원도 영월군 영월읍,경상사고,0,0,1,0,차대차 - 측면직각충돌,교차로운행방법위반,건조,맑음,교차로 - 교차로안,승용,여,54세,상해없음,원동기,남,64세,경상
2016071100100269,2016년 7월 11일 13시,월요일,강원도 평창군 진부면,경상사고,0,0,7,0,차대차 - 추돌,안전운전불이행,건조,맑음,교차로 - 교차로안,승용,남,35세,경상,승용,남,58세,경상
2016071100100297,2016년 7월 11일 14시,월요일,강원도 춘천시 신북읍,중상사고,0,1,0,0,차대사람 - 기타,중앙선침범,건조,맑음,교차로 - 교차로안,농기계,남,78세,상해없음,보행자,여,84세,중상
2016071100100337,2016년 7월 11일 15시,월요일,강원도 정선군 사북읍,경상사고,0,0,1,0,차대차 - 측면충돌,직진우회전진행방해,건조,맑음,교차로 - 교차로안,승용,남,54세,상해없음,승용,여,34세,경상
2016071100100425,2016년 7월 11일 17시,월요일,강원도 원주시 인동,경상사고,0,0,1,0,차대차 - 측면충돌,차로위반,건조,맑음,단일로 - 기타,승용,남,25세,상해없음,화물,남,37세,경상
2016071100100426,2016년 7월 11일 17시,월요일,강원도 원주시 무실동,경상사고,0,0,1,0,차대사람 - 횡단중,신호위반,건조,맑음,단일로 - 횡단보도상,승용,여,40세,상해없음,보행자,여,6세,경상
2016071100100427,2016년 7월 11일 17시,월요일,강원도 원주시 태장동,경상사고,0,0,1,0,차대차 - 측면충돌,안전운전불이행,건조,맑음,단일로 - 기타,승용,여,38세,상해없음,화물,남,54세,경상
2016071100100428,2016년 7월 11일 17시,월요일,강원도 홍천군 홍천읍,경상사고,0,0,1,0,차대차 - 측면직각충돌,직진우회전진행방해,건조,맑음,교차로 - 교차로안,승용,여,26세,상해없음,승용,여,33세,경상
2016071100100429,2016년 7월 11일 17시,월요일,강원도 정선군 북평면,사망사고,2,5,1,0,차대차 - 정면충돌,중앙선침범,건조,맑음,단일로 - 기타,화물,남,51세,상해없음,승용,남,34세,사망
2016071100100430,2016년 7월 11일 17시,월요일,강원도 정선군 북평면,중상사고,0,2,1,0,차대차 - 기타,안전거리미확보,건조,맑음,단일로 - 기타,승용,여,54세,상해없음,승용,남,34세,기타불명
2016071100100469,2016년 7월 11일 18시,월요일,강원도 춘천시 동면,경상사고,0,0,3,0,차대차 - 측면직각충돌,교차로운행방법위반,건조,맑음,교차로 - 교차로안,승용,남,64세,기타불명,승용,여,61세,경상
2016071100100470,2016년 7월 11일 18시,월요일,강원도 양구군 양구읍,경상사고,0,0,1,0,차대차 - 측면직각충돌,직진우회전진행방해,건조,맑음,교차로 - 교차로안,승용,남,64세,상해없음,승용,여,24세,경상
2016071100100537,2016년 7월 11일 20시,월요일,강원도 원주시 관설동,경상사고,0,0,1,0,차대차 - 측면충돌,안전운전불이행,건조,맑음,기타 - 기타,승용,남,41세,상해없음,자전거,남,10세,경상
2016071100100538,2016년 7월 11일 20시,월요일,강원도 평창군 봉평면,경상사고,0,0,1,0,차대차 - 측면직각충돌,안전운전불이행,건조,맑음,단일로 - 기타,승용,여,47세,상해없음,승용,남,34세,경상
2016071100100602,2016년 7월 11일 22시,월요일,강원도 원주시 문막읍,경상사고,0,0,1,0,차대차 - 측면직각충돌,안전운전불이행,건조,맑음,단일로 - 기타,승합,남,57세,기타불명,승용,여,40세,경상
2016071100100623,2016년 7월 11일 23시,월요일,강원도 철원군 갈말읍,중상사고,0,1,0,0,차량단독 - 공작물충돌,안전운전불이행,건조,맑음,교차로 - 교차로안,승용,남,47세,중상,,,,
2016071200100045,2016년 7월 12일 03시,화요일,강원도 강릉시 홍제동,경상사고,0,0,2,0,차대차 - 정면충돌,안전운전불이행,건조,맑음,교차로 - 교차로부근,승용,남,18세,상해없음,승용,여,61세,상해없음
2016071200100074,2016년 7월 12일 05시,화요일,강원도 원주시 개운동,경상사고,0,0,1,1,차대차 - 정면충돌,교차로운행방법위반,건조,맑음,교차로 - 교차로안,승용,여,58세,부상신고,화물,남,39세,경상
2016071200100165,2016년 7월 12일 09시,화요일,강원도 인제군 북면,경상사고,0,0,2,0,차대차 - 측면충돌,신호위반,건조,맑음,교차로 - 교차로안,화물,남,68세,상해없음,승용,여,34세,경상
2016071200100216,2016년 7월 12일 11시,화요일,강원도 강릉시 포남동,경상사고,0,0,5,0,차대차 - 측면직각충돌,안전운전불이행,건조,맑음,교차로 - 교차로부근,승용,남,67세,상해없음,승합,남,70세,경상
2016071200100217,2016년 7월 12일 11시,화요일,강원도 춘천시 조양동,중상사고,0,4,0,0,차대차 - 추돌,안전운전불이행,건조,맑음,단일로 - 기타,승용,여,71세,중상,화물,남,50세,중상
2016071200100258,2016년 7월 12일 13시,화요일,강원도 춘천시 조양동,경상사고,0,0,1,0,차대차 - 추돌,안전운전불이행,건조,맑음,교차로 - 교차로부근,승용,여,58세,상해없음,승합,남,49세,경상
2016071200100259,2016년 7월 12일 13시,화요일,강원도 강릉시 홍제동,경상사고,0,0,2,0,차대차 - 측면직각충돌,신호위반,건조,맑음,교차로 - 교차로안,승용,남,73세,상해없음,승용,남,64세,경상
2016071200100322,2016년 7월 12일 15시,화요일,강원도 원주시 문막읍,중상사고,0,2,2,0,차대차 - 정면충돌,신호위반,건조,맑음,교차로 - 교차로안,승용,여,66세,경상,화물,남,56세,경상
2016071200100323,2016년 7월 12일 15시,화요일,강원도 태백시 화전동,경상사고,0,0,2,0,차대차 - 추돌,안전거리미확보,건조,맑음,교차로 - 교차로부근,승합,남,61세,상해없음,승용,남,55세,경상
2016071200100364,2016년 7월 12일 16시,화요일,강원도 양양군 양양읍,중상사고,0,1,0,0,차량단독 - 공작물충돌,안전운전불이행,습기,흐림,단일로 - 기타,승용,남,72세,상해없음,,,,
2016071200100394,2016년 7월 12일 17시,화요일,강원도 동해시 이도동,경상사고,0,0,1,0,차대차 - 측면직각충돌,교차로운행방법위반,습기,흐림,교차로 - 교차로안,건설기계,남,40세,상해없음,승용,여,45세,경상
2016071200100506,2016년 7월 12일 20시,화요일,강원도 춘천시 석사동,중상사고,0,1,0,0,차대사람 - 횡단중,안전운전불이행,건조,맑음,단일로 - 기타,승용,남,71세,상해없음,보행자,여,56세,중상
2016071200100534,2016년 7월 12일 21시,화요일,강원도 춘천시 동산면,경상사고,0,0,2,1,차대차 - 측면직각충돌,안전운전불이행,건조,맑음,단일로 - 기타,승용,남,37세,부상신고,승용,남,57세,경상
2016071200100535,2016년 7월 12일 21시,화요일,강원도 춘천시 남산면,중상사고,0,1,0,0,차대차 - 측면충돌,안전운전불이행,건조,맑음,단일로 - 기타,승용,남,58세,상해없음,농기계,남,81세,중상
2016071300100024,2016년 7월 13일 01시,수요일,강원도 춘천시 후평동,경상사고,0,0,1,0,차대차 - 기타,안전운전불이행,건조,맑음,교차로 - 교차로안,승용,남,35세,상해없음,이륜,남,26세,경상
2016071300100025,2016년 7월 13일 01시,수요일,강원도 원주시 반곡동,중상사고,0,1,0,0,차량단독 - 전도전복,안전운전불이행,건조,맑음,단일로 - 기타,승용,남,20세,상해없음,,,,
2016071300100125,2016년 7월 13일 08시,수요일,강원도 원주시 단계동,경상사고,0,0,1,0,차대차 - 추돌,안전운전불이행,건조,맑음,기타 - 기타,승용,남,63세,상해없음,승용,여,28세,경상
2016071300100126,2016년 7월 13일 08시,수요일,강원도 양양군 양양읍,경상사고,0,0,1,0,차대차 - 기타,안전운전불이행,건조,맑음,단일로 - 기타,승용,남,72세,상해없음,승용,여,49세,경상
2016071300100127,2016년 7월 13일 08시,수요일,강원도 태백시 황지동,경상사고,0,0,1,0,차대차 - 추돌,안전거리미확보,건조,맑음,교차로 - 교차로부근,특수,남,44세,상해없음,승합,남,78세,경상
2016071300100128,2016년 7월 13일 08시,수요일,강원도 횡성군 횡성읍,경상사고,0,0,2,0,차대차 - 정면충돌,안전운전불이행,건조,맑음,교차로 - 교차로안,승용,남,53세,경상,화물,남,62세,경상
2016071300100178,2016년 7월 13일 09시,수요일,강원도 원주시 단구동,경상사고,0,0,1,0,차대사람 - 횡단중,보행자보호의무위반,건조,맑음,교차로 - 교차로안,승용,여,45세,상해없음,보행자,여,90세 이상,경상
2016071300100179,2016년 7월 13일 09시,수요일,강원도 삼척시 교동,경상사고,0,0,1,0,차대차 - 기타,안전운전불이행,건조,맑음,교차로 - 교차로부근,화물,남,61세,상해없음,승용,여,31세,경상
2016071300100180,2016년 7월 13일 09시,수요일,강원도 인제군 기린면,중상사고,0,1,0,0,차대사람 - 차도통행중,안전운전불이행,건조,맑음,교차로 - 교차로안,승용,여,65세,상해없음,보행자,남,76세,중상
2016071300100280,2016년 7월 13일 12시,수요일,강원도 원주시 단구동,경상사고,0,0,1,0,차대차 - 측면충돌,안전운전불이행,건조,맑음,교차로 - 교차로안,승용,남,45세,상해없음,승합,남,63세,경상
2016071300100281,2016년 7월 13일 12시,수요일,강원도 속초시 조양동,경상사고,0,0,1,0,차대차 - 측면직각충돌,안전거리미확보,건조,흐림,단일로 - 기타,승용,남,57세,상해없음,원동기,남,54세,경상
2016071300100282,2016년 7월 13일 12시,수요일,강원도 철원군 서면,중상사고,0,1,1,0,차량단독 - 공작물충돌,안전운전불이행,건조,맑음,단일로 - 기타,승용,남,22세,경상,,,,
2016071300100309,2016년 7월 13일 13시,수요일,강원도 춘천시 근화동,경상사고,0,0,1,0,차대차 - 정면충돌,안전운전불이행,건조,맑음,단일로 - 기타,승용,여,67세,기타불명,승용,남,36세,기타불명
2016071300100311,2016년 7월 13일 13시,수요일,강원도 태백시 황지동,경상사고,0,0,1,0,차대차 - 측면충돌,불법유턴,건조,맑음,교차로 - 교차로안,승용,남,64세,상해없음,화물,남,83세,경상
2016071300100312,2016년 7월 13일 13시,수요일,강원도 동해시 용정동,경상사고,0,0,2,0,차대차 - 측면직각충돌,직진우회전진행방해,건조,맑음,교차로 - 교차로안,승용,여,41세,상해없음,승용,남,68세,경상
2016071300100346,2016년 7월 13일 14시,수요일,강원도 춘천시 운교동,경상사고,0,0,1,0,차대사람 - 기타,안전운전불이행,건조,맑음,단일로 - 기타,승용,남,50세,상해없음,보행자,남,39세,경상
2016071300100347,2016년 7월 13일 14시,수요일,강원도 원주시 호저면,경상사고,0,0,1,0,차대차 - 추돌,안전거리미확보,건조,맑음,단일로 - 기타,승합,남,53세,상해없음,승용,여,51세,경상
2016071300100348,2016년 7월 13일 14시,수요일,강원도 원주시 흥업면,중상사고,0,1,2,0,차대차 - 정면충돌,교차로운행방법위반,건조,흐림,교차로 - 교차로안,승용,남,78세,경상,승용,남,34세,경상
2016071300100349,2016년 7월 13일 14시,수요일,강원도 동해시 천곡동,경상사고,0,0,1,0,차대차 - 측면직각충돌,안전운전불이행,건조,맑음,교차로 - 교차로부근,승용,여,50세,상해없음,자전거,남,18세,경상
2016071300100458,2016년 7월 13일 17시,수요일,강원도 강릉시 입암동,경상사고,0,0,1,0,차대차 - 추돌,안전운전불이행,건조,맑음,교차로 - 교차로부근,승용,여,46세,상해없음,자전거,남,9세,경상
2016071300100459,2016년 7월 13일 17시,수요일,강원도 원주시 봉산동,경상사고,0,0,2,0,차대차 - 측면충돌,신호위반,건조,맑음,교차로 - 교차로안,승용,여,69세,상해없음,승용,여,40세,경상
2016071300100460,2016년 7월 13일 17시,수요일,강원도 홍천군 서석면,경상사고,0,0,1,0,차대차 - 정면충돌,중앙선침범,건조,맑음,교차로 - 교차로부근,승용,남,66세,상해없음,화물,남,47세,경상
2016071300100554,2016년 7월 13일 19시,수요일,강원도 양구군 방산면,중상사고,0,1,0,0,차대차 - 측면직각충돌,안전운전불이행,건조,맑음,단일로 - 기타,승용,남,63세,상해없음,자전거,남,33세,중상
2016071300100583,2016년 7월 13일 20시,수요일,강원도 강릉시 포남동,중상사고,0,1,1,0,차대차 - 기타,안전운전불이행,건조,맑음,교차로 - 교차로부근,화물,남,63세,상해없음,원동기,남,69세,중상
2016071300100618,2016년 7월 13일 21시,수요일,강원도 양양군 강현면,중상사고,0,1,0,0,차대사람 - 기타,안전운전불이행,건조,맑음,단일로 - 기타,승용,여,34세,상해없음,보행자,여,90세 이상,중상
2016071300100619,2016년 7월 13일 21시,수요일,강원도 횡성군 횡성읍,부상신고사고,0,0,0,1,차대차 - 정면충돌,안전운전불이행,건조,맑음,교차로 - 교차로안,승용,남,32세,상해없음,이륜,남,15세,부상신고
2016071300100661,2016년 7월 13일 22시,수요일,강원도 인제군 남면,중상사고,0,1,0,0,차대사람 - 길가장자리구역통행중,안전운전불이행,건조,맑음,단일로 - 기타,화물,남,19세,상해없음,보행자,남,50세,중상
2016071400100087,2016년 7월 14일 07시,목요일,강원도 강릉시 사천면,경상사고,0,0,1,0,차대차 - 정면충돌,안전운전불이행,건조,맑음,교차로 - 교차로안,화물,남,49세,상해없음,승용,남,57세,경상
2016071400100088,2016년 7월 14일 07시,목요일,강원도 원주시 학성동,경상사고,0,0,1,0,차대사람 - 횡단중,안전운전불이행,건조,맑음,단일로 - 기타,승용,남,62세,상해없음,보행자,남,87세,경상
2016071400100089,2016년 7월 14일 07시,목요일,강원도 철원군 서면,경상사고,0,0,2,0,차대차 - 추돌,안전거리미확보,건조,맑음,단일로 - 기타,승용,여,25세,상해없음,화물,남,60세,경상
2016071400100124,2016년 7월 14일 08시,목요일,강원도 춘천시 효자동,부상신고사고,0,0,0,1,차대차 - 측면직각충돌,교차로운행방법위반,건조,맑음,교차로 - 교차로부근,화물,남,55세,상해없음,자전거,남,25세,부상신고
2016071400100125,2016년 7월 14일 08시,목요일,강원도 강릉시 홍제동,중상사고,0,1,0,0,차대차 - 측면충돌,안전운전불이행,건조,맑음,교차로 - 교차로안,승용,남,55세,상해없음,승용,남,56세,중상
2016071400100126,2016년 7월 14일 08시,목요일,강원도 화천군 화천읍,경상사고,0,0,1,0,차대차 - 정면충돌,안전운전불이행,건조,맑음,단일로 - 기타,승용,여,41세,상해없음,이륜,여,38세,경상
2016071400100159,2016년 7월 14일 09시,목요일,강원도 양구군 남면,경상사고,0,0,1,0,차대차 - 정면충돌,교차로운행방법위반,건조,맑음,교차로 - 교차로안,이륜,남,28세,경상,승용,남,46세,상해없음
2016071400100197,2016년 7월 14일 10시,목요일,강원도 태백시 화전동,경상사고,0,0,1,0,차대차 - 측면충돌,교차로운행방법위반,습기,비,교차로 - 교차로안,화물,남,69세,상해없음,승용,남,32세,경상
2016071400100263,2016년 7월 14일 12시,목요일,강원도 강릉시 노암동,경상사고,0,0,1,0,차대차 - 측면충돌,교차로운행방법위반,건조,맑음,교차로 - 교차로안,건설기계,남,55세,상해없음,승용,여,52세,경상
2016071400100264,2016년 7월 14일 12시,목요일,강원도 원주시 단계동,중상사고,0,1,0,0,차대차 - 정면충돌,교차로운행방법위반,습기,비,교차로 - 교차로안,승용,여,20세,상해없음,이륜,남,77세,중상
2016071400100265,2016년 7월 14일 12시,목요일,강원도 양양군 양양읍,중상사고,0,4,4,0,차대차 - 측면충돌,중앙선침범,건조,맑음,교차로 - 교차로부근,승용,여,46세,상해없음,승용,여,54세,경상
2016071400100294,2016년 7월 14일 13시,목요일,강원도 춘천시 후평동,경상사고,0,0,1,0,차대사람 - 길가장자리구역통행중,안전운전불이행,건조,맑음,단일로 - 기타,승용,남,35세,상해없음,보행자,남,81세,경상
2016071400100295,2016년 7월 14일 13시,목요일,강원도 원주시 소초면,중상사고,0,1,0,0,차대차 - 정면충돌,안전운전불이행,건조,맑음,교차로 - 교차로부근,화물,남,38세,상해없음,승용,여,59세,중상
2016071400100325,2016년 7월 14일 14시,목요일,강원도 강릉시 노암동,경상사고,0,0,1,0,차대차 - 측면충돌,안전운전불이행,습기,흐림,교차로 - 교차로부근,승용,남,71세,상해없음,승용,여,59세,경상