사고번호,사고일시,요일,시군구,사고내용,사망자수,중상자수,경상자수,부상신고자수,사고유형,법규위반,노면상태,기상상태,도로형태,가해운전자 차종,가해운전자 성별,가해운전자 연령,가해운전자 상해정도,피해운전자 차종,피해운전자 성별,피해운전자 연령,피해운전자 상해정도
2016071900100294,2016년 7월 19일 13시,화요일,강원도 춘천시 교동,중상사고,0,2,0,0,차대차 - 측면직각충돌,교차로운행방법위반,건조,맑음,교차로 - 교차로부근,승용,남,53세,상해없음,승용,여,36세,중상
2016071900100295,2016년 7월 19일 13시,화요일,강원도 삼척시 남양동,경상사고,0,0,1,0,차대사람 - 길가장자리구역통행중,안전운전불이행,건조,맑음,교차로 - 교차로안,화물,남,40세,상해없음,보행자,여,77세,경상
2016071900100326,2016년 7월 19일 14시,화요일,강원도 원주시 우산동,경상사고,0,0,1,0,차대사람 - 기타,안전운전불이행,건조,맑음,단일로 - 기타,승합,남,54세,기타불명,보행자,남,24세,경상
2016071900100327,2016년 7월 19일 14시,화요일,강원도 속초시 노학동,중상사고,0,1,0,0,차대사람 - 길가장자리구역통행중,안전운전불이행,건조,맑음,단일로 - 기타,승용,여,45세,상해없음,보행자,남,58세,중상
2016071900100364,2016년 7월 19일 15시,화요일,강원도 원주시 단계동,경상사고,0,0,2,0,차대차 - 정면충돌,교차로운행방법위반,건조,맑음,교차로 - 교차로안,승용,여,44세,상해없음,승용,남,47세,경상
2016071900100412,2016년 7월 19일 16시,화요일,강원도 춘천시 퇴계동,경상사고,0,0,2,0,차대차 - 추돌,안전운전불이행,건조,맑음,교차로 - 교차로부근,승용,여,27세,상해없음,승용,남,28세,경상
2016071900100413,2016년 7월 19일 16시,화요일,강원도 원주시 봉산동,경상사고,0,0,1,0,차대차 - 정면충돌,안전운전불이행,건조,맑음,단일로 - 기타,승용,여,20세,상해없음,승용,남,57세,상해없음
2016071900100414,2016년 7월 19일 16시,화요일,강원도 평창군 대관령면,경상사고,0,0,4,0,차대차 - 측면직각충돌,중앙선침범,습기,안개,단일로 - 기타,승용,남,45세,상해없음,승용,남,25세,경상
2016071900100415,2016년 7월 19일 16시,화요일,강원도 춘천시 동산면,경상사고,0,0,3,0,차대차 - 추돌,안전거리미확보,건조,맑음,단일로 - 기타,승용,남,35세,상해없음,승용,여,40세,경상
2016071900100458,2016년 7월 19일 17시,화요일,강원도 철원군 철원읍,중상사고,0,1,0,0,차대차 - 측면직각충돌,중앙선침범,건조,맑음,단일로 - 기타,화물,남,52세,상해없음,자전거,남,84세,중상
2016071900100500,2016년 7월 19일 18시,화요일,강원도 춘천시 효자동,경상사고,0,0,2,0,차대차 - 측면직각충돌,교차로운행방법위반,건조,맑음,교차로 - 교차로안,화물,남,26세,상해없음,화물,남,36세,경상
2016071900100501,2016년 7월 19일 18시,화요일,강원도 원주시 단계동,경상사고,0,0,1,0,차대차 - 측면충돌,안전운전불이행,건조,맑음,교차로 - 교차로부근,승용,남,42세,기타불명,이륜,남,29세,경상
2016071900100502,2016년 7월 19일 18시,화요일,강원도 영월군 한반도면,경상사고,0,0,2,0,차대차 - 측면직각충돌,교차로운행방법위반,건조,맑음,교차로 - 교차로안,승용,여,60세,경상,승용,남,47세,경상
2016071900100545,2016년 7월 19일 19시,화요일,강원도 춘천시 신북읍,경상사고,0,0,1,0,차대차 - 정면충돌,중앙선침범,건조,맑음,단일로 - 기타,화물,남,56세,상해없음,승용,남,46세,경상
2016071900100576,2016년 7월 19일 20시,화요일,강원도 강릉시 교동,경상사고,0,0,1,0,차대차 - 추돌,안전운전불이행,건조,맑음,단일로 - 기타,승용,남,50세,상해없음,승용,남,50세,경상
2016071900100615,2016년 7월 19일 21시,화요일,강원도 원주시 봉산동,경상사고,0,0,1,0,차대차 - 추돌,안전운전불이행,건조,맑음,기타 - 기타,승용,남,62세,상해없음,승용,남,53세,상해없음
2016071900100616,2016년 7월 19일 21시,화요일,강원도 태백시 통동,경상사고,0,0,2,0,차대차 - 정면충돌,중앙선침범,습기,비,교차로 - 교차로부근,승용,남,50세,상해없음,승용,남,54세,경상
2016072000100066,2016년 7월 20일 06시,수요일,강원도 동해시 단봉동,경상사고,0,0,1,0,차대차 - 추돌,안전운전불이행,습기,비,교차로 - 교차로부근,화물,남,53세,상해없음,승용,여,56세,경상
2016072000100067,2016년 7월 20일 06시,수요일,강원도 홍천군 북방면,경상사고,0,0,1,0,차대차 - 추돌,안전운전불이행,습기,흐림,단일로 - 기타,화물,남,41세,상해없음,화물,남,67세,경상
2016072000100079,2016년 7월 20일 07시,수요일,강원도 영월군 남면,경상사고,0,0,1,0,차대차 - 추돌,안전거리미확보,건조,맑음,단일로 - 터널,승용,남,57세,상해없음,승용,남,77세,경상
2016072000100112,2016년 7월 20일 08시,수요일,강원도 속초시 노학동,경상사고,0,0,1,0,차대차 - 측면충돌,직진우회전진행방해,습기,흐림,교차로 - 교차로부근,승용,남,56세,상해없음,승용,여,44세,경상
2016072000100113,2016년 7월 20일 08시,수요일,강원도 횡성군 갑천면,중상사고,0,1,1,0,차대차 - 측면직각충돌,안전운전불이행,건조,맑음,교차로 - 교차로안,농기계,여,63세,중상,승용,여,44세,경상
2016072000100159,2016년 7월 20일 09시,수요일,강원도 원주시 지정면,중상사고,0,1,0,0,차대차 - 측면충돌,직진우회전진행방해,건조,맑음,교차로 - 교차로안,이륜,남,46세,중상,승합,남,35세,상해없음
2016072000100186,2016년 7월 20일 10시,수요일,강원도 춘천시 퇴계동,경상사고,0,0,5,1,차대차 - 추돌,안전운전불이행,건조,맑음,단일로 - 기타,화물,남,61세,상해없음,승용,남,62세,경상
2016072000100213,2016년 7월 20일 11시,수요일,강원도 춘천시 석사동,경상사고,0,0,2,0,차대차 - 정면충돌,안전운전불이행,건조,맑음,단일로 - 기타,승용,여,46세,상해없음,승용,여,52세,경상
2016072000100240,2016년 7월 20일 12시,수요일,강원도 원주시 문막읍,경상사고,0,0,1,0,차대사람 - 횡단중,안전운전불이행,건조,맑음,단일로 - 기타,승용,여,50세,상해없음,보행자,여,40세,경상
2016072000100241,2016년 7월 20일 12시,수요일,강원도 원주시 단계동,경상사고,0,0,3,0,차대차 - 측면충돌,안전거리미확보,건조,맑음,교차로 - 교차로부근,승용,남,42세,상해없음,승용,남,69세,경상
2016072000100242,2016년 7월 20일 12시,수요일,강원도 속초시 조양동,중상사고,0,1,0,0,차대차 - 측면충돌,안전운전불이행,건조,맑음,단일로 - 기타,승용,남,29세,상해없음,화물,남,48세,중상
2016072000100277,2016년 7월 20일 13시,수요일,강원도 홍천군 홍천읍,경상사고,0,0,1,0,차대차 - 측면충돌,안전운전불이행,건조,맑음,단일로 - 횡단보도상,승용,남,37세,상해없음,자전거,남,11세,경상
2016072000100278,2016년 7월 20일 13시,수요일,강원도 속초시 장사동,경상사고,0,0,1,0,차대차 - 측면충돌,직진우회전진행방해,건조,맑음,단일로 - 기타,승용,여,42세,상해없음,승용,남,53세,경상
2016072000100305,2016년 7월 20일 14시,수요일,강원도 원주시 부론면,중상사고,0,1,0,0,차대차 - 측면충돌,보행자보호의무위반,건조,맑음,교차로 - 교차로안,화물,남,34세,상해없음,승용,남,42세,중상
2016072000100306,2016년 7월 20일 14시,수요일,강원도 고성군 간성읍,경상사고,0,0,1,0,차대차 - 정면충돌,중앙선침범,습기,비,단일로 - 기타,특수,남,45세,상해없음,화물,남,49세,경상
2016072000100349,2016년 7월 20일 15시,수요일,강원도 춘천시 근화동,경상사고,0,0,1,0,차대차 - 측면직각충돌,안전운전불이행,건조,맑음,교차로 - 교차로부근,승용,남,27세,상해없음,화물,남,46세,경상
2016072000100350,2016년 7월 20일 15시,수요일,강원도 원주시 우산동,경상사고,0,0,1,0,차대차 - 측면충돌,안전운전불이행,건조,맑음,교차로 - 교차로안,화물,남,41세,상해없음,자전거,남,11세,경상
2016072000100351,2016년 7월 20일 15시,수요일,강원도 원주시 소초면,중상사고,0,1,0,0,차대사람 - 횡단중,안전운전불이행,건조,맑음,단일로 - 기타,승용,여,22세,상해없음,보행자,남,84세,중상
2016072000100352,2016년 7월 20일 15시,수요일,강원도 원주시 단계동,중상사고,0,1,0,0,차대차 - 측면충돌,안전운전불이행,건조,맑음,교차로 - 교차로안,화물,남,59세,상해없음,승용,남,49세,중상
2016072000100353,2016년 7월 20일 15시,수요일,강원도 고성군 거진읍,경상사고,0,0,1,0,차대차 - 정면충돌,직진우회전진행방해,건조,맑음,교차로 - 교차로안,승합,남,55세,상해없음,자전거,남,62세,경상
2016072000100435,2016년 7월 20일 17시,수요일,강원도 철원군 근남면,중상사고,0,1,1,0,차대차 - 기타,안전운전불이행,건조,맑음,단일로 - 기타,화물,여,58세,경상,화물,남,42세,중상
2016072000100561,2016년 7월 20일 20시,수요일,강원도 강릉시 포남동,경상사고,0,0,3,0,차대차 - 추돌,안전운전불이행,건조,맑음,교차로 - 교차로부근,승용,여,34세,상해없음,승용,남,52세,경상
2016072000100562,2016년 7월 20일 20시,수요일,강원도 원주시 단계동,경상사고,0,0,1,0,차대차 - 측면충돌,안전운전불이행,건조,맑음,단일로 - 기타,화물,남,39세,상해없음,승합,남,56세,상해없음
2016072000100598,2016년 7월 20일 21시,수요일,강원도 원주시 봉산동,경상사고,0,0,1,0,차대차 - 기타,직진우회전진행방해,건조,맑음,교차로 - 교차로안,자전거,남,11세,경상,승용,여,54세,상해없음
2016072000100599,2016년 7월 20일 21시,수요일,강원도 속초시 조양동,중상사고,0,1,0,0,차대차 - 측면직각충돌,신호위반,건조,맑음,교차로 - 교차로안,승합,남,54세,상해없음,승용,여,39세,중상
2016072000100628,2016년 7월 20일 22시,수요일,강원도 강릉시 포남동,경상사고,0,0,3,0,차대차 - 측면직각충돌,신호위반,건조,맑음,교차로 - 교차로안,승용,여,50세,상해없음,승용,여,50세,경상
2016072000100652,2016년 7월 20일 23시,수요일,강원도 양양군 양양읍,경상사고,0,0,2,0,차대차 - 측면직각충돌,중앙선침범,건조,맑음,교차로 - 교차로안,승용,남,39세,상해없음,승합,남,34세,경상
2016072100100039,2016년 7월 21일 04시,목요일,강원도 영월군 상동읍,경상사고,0,0,1,0,차대사람 - 횡단중,안전운전불이행,건조,흐림,단일로 - 기타,화물,남,39세,상해없음,보행자,여,68세,경상
2016072100100076,2016년 7월 21일 07시,목요일,강원도 삼척시 도계읍,경상사고,0,0,1,0,차량단독 - 전도전복,안전운전불이행,건조,맑음,기타 - 기타,화물,남,29세,경상,,,,
2016072100100115,2016년 7월 21일 08시,목요일,강원도 홍천군 남면,경상사고,0,0,1,0,차대차 - 측면충돌,안전운전불이행,건조,맑음,교차로 - 교차로안,농기계,남,62세,상해없음,승합,남,55세,경상
2016072100100150,2016년 7월 21일 09시,목요일,강원도 평창군 용평면,중상사고,0,1,0,0,차대차 - 측면충돌,안전운전불이행,건조,맑음,단일로 - 기타,승용,남,71세,상해없음,이륜,남,68세,중상
2016072100100151,2016년 7월 21일 09시,목요일,강원도 고성군 토성면,중상사고,0,1,0,0,차대차 - 측면충돌,안전거리미확보,건조,맑음,단일로 - 기타,원동기,남,68세,상해없음,승용,남,56세,상해없음
2016072100100152,2016년 7월 21일 09시,목요일,강원도 원주시 문막읍,경상사고,0,0,1,0,차대차 - 기타,기타,건조,맑음,단일로 - 기타,기타불명,기타불명,기타불명,기타불명,승합,남,60세,경상
2016072100100199,2016년 7월 21일 11시,목요일,강원도 철원군 근남면,경상사고,0,0,1,0,차대사람 - 차도통행중,안전운전불이행,건조,맑음,교차로 - 교차로안,승용,여,45세,상해없음,보행자,남,52세,경상
2016072100100230,2016년 7월 21일 12시,목요일,강원도 춘천시 중앙로1가,경상사고,0,0,1,0,차대차 - 측면직각충돌,안전운전불이행,건조,맑음,교차로 - 교차로안,승합,여,57세,상해없음,승용,남,37세,경상
2016072100100231,2016년 7월 21일 12시,목요일,강원도 강릉시 포남동,경상사고,0,0,2,0,차대차 - 측면직각충돌,안전운전불이행,건조,맑음,교차로 - 교차로안,승용,남,67세,상해없음,승용,남,29세,경상
2016072100100232,2016년 7월 21일 12시,목요일,강원도 인제군 인제읍,중상사고,0,2,1,0,차대차 - 기타,교차로운행방법위반,건조,맑음,교차로 - 교차로안,승용,여,53세,중상,승용,여,57세,중상
2016072100100297,2016년 7월 21일 14시,목요일,강원도 속초시 금호동,중상사고,0,1,0,0,차대차 - 측면직각충돌,안전거리미확보,건조,흐림,단일로 - 기타,승용,남,62세,상해없음,원동기,남,50세,중상
2016072100100332,2016년 7월 21일 15시,목요일,강원도 정선군 정선읍,경상사고,0,0,1,0,차대차 - 정면충돌,중앙선침범,건조,맑음,단일로 - 기타,이륜,남,57세,경상,승용,남,48세,상해없음
2016072100100370,2016년 7월 21일 16시,목요일,강원도 삼척시 원덕읍,경상사고,0,0,1,0,차대차 - 측면직각충돌,안전운전불이행,건조,맑음,교차로 - 교차로안,승용,여,48세,상해없음,승용,남,66세,경상
2016072100100371,2016년 7월 21일 16시,목요일,강원도 삼척시 등봉동,경상사고,0,0,1,0,차대차 - 측면직각충돌,안전운전불이행,건조,맑음,교차로 - 교차로안,승용,여,61세,경상,승용,여,39세,상해없음
2016072100100372,2016년 7월 21일 16시,목요일,강원도 철원군 동송읍,경상사고,0,0,1,0,차량단독 - 전도전복,안전운전불이행,건조,맑음,단일로 - 기타,승용,남,74세,경상,,,,
2016072100100421,2016년 7월 21일 17시,목요일,강원도 춘천시 동면,중상사고,0,1,0,0,차대차 - 측면직각충돌,신호위반,건조,맑음,교차로 - 교차로안,화물,남,47세,상해없음,승용,남,40세,중상
2016072100100422,2016년 7월 21일 17시,목요일,강원도 춘천시 후평동,경상사고,0,0,1,0,차대차 - 추돌,안전거리미확보,건조,맑음,단일로 - 기타,화물,남,73세,상해없음,승용,여,65세,경상
2016072100100475,2016년 7월 21일 18시,목요일,강원도 횡성군 횡성읍,중상사고,0,2,0,0,차량단독 - 전도전복,안전운전불이행,건조,맑음,단일로 - 기타,이륜,남,73세,중상,,,,
2016072100100542,2016년 7월 21일 20시,목요일,강원도 춘천시 퇴계동,경상사고,0,0,3,0,차대차 - 측면직각충돌,안전운전불이행,건조,맑음,단일로 - 기타,승용,여,49세,상해없음,승용,남,61세,경상
2016072100100543,2016년 7월 21일 20시,목요일,강원도 원주시 단계동,중상사고,0,1,0,0,차대차 - 정면충돌,중앙선침범,건조,맑음,교차로 - 교차로부근,승용,남,60세,상해없음,승용,여,52세,중상
2016072100100592,2016년 7월 21일 21시,목요일,강원도 속초시 동명동,경상사고,0,0,1,0,차대차 - 측면직각충돌,교차로운행방법위반,건조,맑음,교차로 - 교차로안,승용,남,37세,상해없음,승용,남,35세,상해없음
2016072200100013,2016년 7월 22일 00시,금요일,강원도 평창군 대화면,경상사고,0,0,1,0,차대차 - 추돌,안전운전불이행,건조,맑음,단일로 - 기타,승용,남,23세,경상,화물,남,42세,기타불명
2016072200100051,2016년 7월 22일 05시,금요일,강원도 홍천군 홍천읍,경상사고,0,0,2,0,차대차 - 측면직각충돌,신호위반,건조,맑음,교차로 - 교차로안,화물,남,71세,상해없음,화물,남,56세,경상
2016072200100105,2016년 7월 22일 08시,금요일,강원도 춘천시 효자동,경상사고,0,0,1,0,차대차 - 측면충돌,안전운전불이행,건조,맑음,단일로 - 기타,승용,남,53세,상해없음,자전거,여,71세,경상
2016072200100209,2016년 7월 22일 11시,금요일,강원도 원주시 반곡동,중상사고,0,1,0,0,차대사람 - 횡단중,안전운전불이행,건조,맑음,단일로 - 기타,승용,여,40세,상해없음,보행자,여,54세,중상
2016072200100210,2016년 7월 22일 11시,금요일,강원도 속초시 교동,경상사고,0,0,2,0,차대차 - 측면충돌,안전운전불이행,건조,맑음,교차로 - 교차로안,승용,남,59세,상해없음,승용,남,65세,경상
2016072200100241,2016년 7월 22일 12시,금요일,강원도 춘천시 효자동,경상사고,0,0,2,0,차대차 - 추돌,안전거리미확보,건조,맑음,단일로 - 기타,승용,여,50세,기타불명,승용,남,53세,경상
2016072200100277,2016년 7월 22일 13시,금요일,강원도 원주시 단구동,경상사고,0,0,1,0,차대차 - 측면충돌,신호위반,건조,맑음,교차로 - 교차로안,승용,여,24세,상해없음,화물,남,45세,경상
2016072200100308,2016년 7월 22일 14시,금요일,강원도 삼척시 도계읍,경상사고,0,0,1,0,차대사람 - 횡단중,보행자보호의무위반,건조,맑음,단일로 - 기타,승용,여,62세,상해없음,보행자,남,6세,경상
2016072200100345,2016년 7월 22일 15시,금요일,강원도 춘천시 칠전동,사망사고,1,0,0,0,차량단독 - 공작물충돌,안전운전불이행,건조,맑음,단일로 - 기타,승합,남,56세,사망,,,,
2016072200100391,2016년 7월 22일 16시,금요일,강원도 태백시 장성동,경상사고,0,0,1,0,차대차 - 추돌,안전거리미확보,건조,맑음,교차로 - 교차로안,승용,남,57세,상해없음,승용,여,58세,경상
2016072200100392,2016년 7월 22일 16시,금요일,강원도 정선군 고한읍,중상사고,0,1,1,0,차대차 - 정면충돌,안전운전불이행,건조,맑음,단일로 - 기타,화물,남,28세,상해없음,승용,여,37세,중상
2016072200100393,2016년 7월 22일 16시,금요일,강원도 철원군 동송읍,경상사고,0,0,2,0,차대차 - 측면직각충돌,안전운전불이행,건조,맑음,단일로 - 기타,자전거,남,75세,상해없음,승용,남,39세,상해없음
2016072200100443,2016년 7월 22일 17시,금요일,강원도 강릉시 주문진읍,중상사고,0,1,0,0,차대차 - 측면충돌,안전운전불이행,건조,맑음,교차로 - 교차로안,승용,남,36세,상해없음,이륜,남,75세,중상
2016072200100444,2016년 7월 22일 17시,금요일,강원도 원주시 문막읍,경상사고,0,0,2,0,차대차 - 추돌,안전거리미확보,건조,맑음,교차로 - 교차로안,화물,남,41세,상해없음,화물,남,45세,경상
2016072200100445,2016년 7월 22일 17시,금요일,강원도 동해시 천곡동,경상사고,0,0,1,0,차대차 - 추돌,안전거리미확보,건조,맑음,교차로 - 교차로안,승용,남,29세,상해없음,승용,여,33세,경상
2016072200100489,2016년 7월 22일 18시,금요일,강원도 춘천시 사농동,중상사고,0,1,0,0,차대차 - 추돌,안전운전불이행,건조,맑음,기타 - 기타,승용,남,35세,상해없음,승용,남,34세,중상
2016072200100547,2016년 7월 22일 19시,금요일,강원도 평창군 평창읍,경상사고,0,0,1,0,차대차 - 정면충돌,안전운전불이행,건조,맑음,교차로 - 교차로안,승용,여,41세,상해없음,승용,남,34세,경상
2016072200100594,2016년 7월 22일 20시,금요일,강원도 평창군 평창읍,중상사고,0,1,0,0,차대사람 - 길가장자리구역통행중,안전운전불이행,건조,흐림,단일로 - 기타,승용,남,58세,상해없음,보행자,남,75세,중상
2016072200100665,2016년 7월 22일 22시,금요일,강원도 원주시 단구동,경상사고,0,0,2,1,차대차 - 정면충돌,신호위반,건조,맑음,교차로 - 교차로안,승용,남,19세,부상신고,승용,남,34세,경상
2016072300100013,2016년 7월 23일 00시,토요일,강원도 춘천시 효자동,경상사고,0,0,1,0,차대차 - 추돌,안전거리미확보,건조,맑음,단일로 - 기타,승용,남,55세,상해없음,이륜,남,21세,경상
2016072300100030,2016년 7월 23일 01시,토요일,강원도 춘천시 교동,경상사고,0,0,2,0,차대차 - 측면직각충돌,안전운전불이행,건조,맑음,교차로 - 교차로안,승용,남,45세,상해없음,승용,남,67세,경상
2016072300100155,2016년 7월 23일 09시,토요일,강원도 속초시 청호동,경상사고,0,0,1,0,차대차 - 측면충돌,직진우회전진행방해,건조,맑음,교차로 - 교차로안,승용,남,24세,상해없음,승용,남,53세,경상
2016072300100156,2016년 7월 23일 09시,토요일,강원도 삼척시 정상동,중상사고,0,1,0,0,차대차 - 추돌,안전운전불이행,건조,맑음,단일로 - 기타,승용,남,31세,상해없음,승용,여,37세,중상
2016072300100187,2016년 7월 23일 10시,토요일,강원도 원주시 학성동,경상사고,0,0,1,0,차량단독 - 기타,교차로운행방법위반,건조,맑음,단일로 - 기타,승합,남,57세,상해없음,,,,
2016072300100229,2016년 7월 23일 11시,토요일,강원도 춘천시 신동면,중상사고,0,1,0,0,차대차 - 측면직각충돌,안전운전불이행,건조,맑음,단일로 - 기타,원동기,남,63세,중상,승용,남,46세,상해없음
2016072300100230,2016년 7월 23일 11시,토요일,강원도 양양군 현남면,경상사고,0,0,3,0,차대차 - 측면충돌,중앙선침범,건조,맑음,교차로 - 교차로안,승용,남,23세,상해없음,화물,남,59세,경상
2016072300100297,2016년 7월 23일 13시,토요일,강원도 춘천시 서면,경상사고,0,0,4,0,차대차 - 측면직각충돌,중앙선침범,건조,맑음,단일로 - 기타,승용,남,65세,상해없음,승용,여,40세,경상
2016072300100298,2016년 7월 23일 13시,토요일,강원도 평창군 진부면,경상사고,0,0,5,0,차대차 - 측면직각충돌,안전운전불이행,건조,맑음,교차로 - 교차로부근,화물,남,57세,상해없음,승용,남,42세,경상
2016072300100299,2016년 7월 23일 13시,토요일,강원도 인제군 북면,경상사고,0,0,1,0,차대차 - 기타,안전운전불이행,건조,맑음,단일로 - 기타,화물,남,52세,상해없음,이륜,남,31세,경상
2016072300100333,2016년 7월 23일 14시,토요일,강원도 원주시 단계동,중상사고,0,1,1,0,차대차 - 정면충돌,교차로운행방법위반,건조,맑음,교차로 - 교차로안,승용,여,48세,경상,승용,여,54세,중상
2016072300100334,2016년 7월 23일 14시,토요일,강원도 동해시 효가동,중상사고,0,1,1,0,차대차 - 측면직각충돌,중앙선침범,건조,흐림,단일로 - 기타,승용,남,63세,상해없음,승용,남,45세,경상
2016072300100371,2016년 7월 23일 15시,토요일,강원도 강릉시 성산면,사망사고,1,1,0,0,차량단독 - 기타,안전운전불이행,건조,맑음,교차로 - 교차로부근,승용,여,44세,중상,,,,
2016072300100372,2016년 7월 23일 15시,토요일,강원도 원주시 명륜동,경상사고,0,0,2,0,차대차 - 정면충돌,교차로운행방법위반,건조,맑음,교차로 - 교차로안,승용,남,55세,상해없음,승용,남,60세,경상
2016072300100406,2016년 7월 23일 16시,토요일,강원도 속초시 노학동,중상사고,0,1,2,0,차대차 - 측면충돌,교차로운행방법위반,건조,맑음,교차로 - 교차로안,승합,남,57세,상해없음,승용,남,30세,경상
2016072300100407,2016년 7월 23일 16시,토요일,강원도 횡성군 서원면,경상사고,0,0,5,0,차대차 - 정면충돌,안전운전불이행,건조,맑음,교차로 - 교차로안,승합,남,29세,상해없음,화물,남,58세,경상
2016072300100482,2016년 7월 23일 18시,토요일,강원도 춘천시 효자동,중상사고,0,1,0,0,차대차 - 측면직각충돌,신호위반,건조,맑음,교차로 - 교차로안,승용,남,25세,상해없음,이륜,남,55세,중상
2016072300100483,2016년 7월 23일 18시,토요일,강원도 춘천시 효자동,중상사고,0,1,0,0,차대사람 - 길가장자리구역통행중,안전운전불이행,건조,맑음,단일로 - 기타,자전거,남,13세,상해없음,보행자,남,73세,중상
2016072300100484,2016년 7월 23일 18시,토요일,강원도 속초시 동명동,경상사고,0,0,1,0,차대사람 - 기타,안전운전불이행,건조,맑음,단일로 - 기타,승용,남,58세,상해없음,보행자,여,51세,경상
2016072300100518,2016년 7월 23일 19시,토요일,강원도 원주시 문막읍,경상사고,0,0,4,0,차대차 - 측면직각충돌,안전거리미확보,건조,흐림,단일로 - 기타,승용,남,43세,상해없음,건설기계,남,46세,상해없음
2016072300100550,2016년 7월 23일 20시,토요일,강원도 원주시 학성동,경상사고,0,0,1,0,차대차 - 추돌,안전거리미확보,건조,맑음,단일로 - 기타,승용,남,30세,상해없음,승용,남,54세,경상
2016072300100551,2016년 7월 23일 20시,토요일,강원도 원주시 단구동,경상사고,0,0,1,0,차대차 - 정면충돌,신호위반,건조,맑음,교차로 - 교차로안,승용,남,24세,상해없음,승용,남,52세,경상
2016072300100586,2016년 7월 23일 21시,토요일,강원도 춘천시 칠전동,사망사고,1,1,2,0,차대차 - 정면충돌,중앙선침범,습기,비,단일로 - 기타,승용,남,30세,사망,승용,남,39세,중상
2016072300100610,2016년 7월 23일 22시,토요일,강원도 춘천시 운교동,경상사고,0,0,1,0,차대사람 - 길가장자리구역통행중,안전운전불이행,습기,비,단일로 - 기타,승용,여,55세,상해없음,보행자,여,55세,경상
2016072300100611,2016년 7월 23일 22시,토요일,강원도 춘천시 퇴계동,경상사고,0,0,4,0,차대차 - 측면직각충돌,안전운전불이행,습기,비,교차로 - 교차로안,승용,남,41세,상해없음,승용,남,21세,경상
2016072300100630,2016년 7월 23일 23시,토요일,강원도 속초시 조양동,경상사고,0,0,3,0,차대차 - 추돌,안전운전불이행,습기,비,단일로 - 기타,승용,남,23세,상해없음,승용,남,28세,경상
2016072400100026,2016년 7월 24일 01시,일요일,강원도 원주시 단계동,중상사고,0,1,1,0,차량단독 - 기타,안전운전불이행,건조,맑음,기타 - 기타,승용,남,51세,경상,,,,
2016072400100027,2016년 7월 24일 01시,일요일,강원도 속초시 교동,경상사고,0,0,2,0,차대차 - 측면충돌,안전운전불이행,습기,흐림,교차로 - 교차로부근,기타불명,기타불명,기타불명,기타불명,승용,남,50세,경상
2016072400100041,2016년 7월 24일 02시,일요일,강원도 춘천시 석사동,경상사고,0,0,1,0,차대사람 - 차도통행중,안전운전불이행,습기,비,교차로 - 교차로안,승용,남,27세,상해없음,보행자,남,29세,경상
2016072400100116,2016년 7월 24일 09시,일요일,강원도 원주시 단구동,경상사고,0,0,2,0,차대차 - 측면충돌,안전운전불이행,건조,맑음,교차로 - 교차로안,승용,남,52세,상해없음,승용,남,62세,경상
2016072400100117,2016년 7월 24일 09시,일요일,강원도 인제군 기린면,경상사고,0,0,3,1,차대차 - 기타,안전운전불이행,건조,맑음,단일로 - 기타,화물,남,64세,상해없음,승합,남,66세,상해없음
2016072400100131,2016년 7월 24일 10시,일요일,강원도 원주시 평원동,경상사고,0,0,2,0,차대차 - 정면충돌,신호위반,건조,맑음,교차로 - 교차로안,승용,남,19세,상해없음,승용,남,41세,경상
2016072400100132,2016년 7월 24일 10시,일요일,강원도 홍천군 서면,경상사고,0,0,2,0,차대차 - 측면직각충돌,안전운전불이행,건조,맑음,단일로 - 기타,승용,여,49세,상해없음,자전거,남,35세,경상
2016072400100156,2016년 7월 24일 11시,일요일,강원도 강릉시 옥계면,중상사고,0,1,0,0,차대차 - 기타,안전운전불이행,건조,맑음,교차로 - 교차로부근,승용,여,36세,상해없음,이륜,남,79세,중상
2016072400100157,2016년 7월 24일 11시,일요일,강원도 원주시 단구동,사망사고,1,0,0,0,차대차 - 정면충돌,안전운전불이행,건조,맑음,단일로 - 기타,화물,남,62세,사망,건설기계,남,48세,상해없음
2016072400100158,2016년 7월 24일 11시,일요일,강원도 원주시 문막읍,중상사고,0,2,3,0,차대차 - 추돌,안전거리미확보,건조,맑음,단일로 - 기타,승용,남,64세,경상,승용,남,69세,중상
2016072400100180,2016년 7월 24일 12시,일요일,강원도 춘천시 근화동,경상사고,0,0,7,0,차대차 - 추돌,안전운전불이행,건조,맑음,단일로 - 기타,승용,남,24세,상해없음,승용,남,37세,경상
2016072400100181,2016년 7월 24일 12시,일요일,강원도 홍천군 홍천읍,경상사고,0,0,2,0,차대차 - 추돌,안전운전불이행,건조,맑음,교차로 - 교차로부근,승용,남,49세,상해없음,승용,여,50세,경상
2016072400100182,2016년 7월 24일 12시,일요일,강원도 고성군 거진읍,중상사고,0,1,2,0,차대차 - 정면충돌,안전운전불이행,건조,맑음,교차로 - 교차로부근,승용,남,68세,상해없음,승용,남,55세,경상
2016072400100183,2016년 7월 24일 12시,일요일,강원도 평창군 봉평면,경상사고,0,0,6,0,차대차 - 추돌,안전거리미확보,건조,맑음,단일로 - 터널,승용,남,37세,경상,승용,남,32세,경상