사고번호,사고일시,요일,시군구,사고내용,사망자수,중상자수,경상자수,부상신고자수,사고유형,법규위반,노면상태,기상상태,도로형태,가해운전자 차종,가해운전자 성별,가해운전자 연령,가해운전자 상해정도,피해운전자 차종,피해운전자 성별,피해운전자 연령,피해운전자 상해정도
2016072400100215,2016년 7월 24일 13시,일요일,강원도 춘천시 석사동,경상사고,0,0,1,0,차대차 - 측면직각충돌,안전운전불이행,건조,맑음,교차로 - 교차로부근,승용,남,69세,상해없음,이륜,남,32세,경상
2016072400100246,2016년 7월 24일 14시,일요일,강원도 양양군 서면,경상사고,0,0,1,0,차대차 - 측면충돌,안전운전불이행,건조,맑음,단일로 - 기타,이륜,남,26세,상해없음,자전거,여,32세,경상
2016072400100274,2016년 7월 24일 15시,일요일,강원도 원주시 호저면,경상사고,0,0,2,0,차대차 - 정면충돌,교차로운행방법위반,건조,맑음,교차로 - 교차로안,화물,남,67세,상해없음,화물,남,66세,경상
2016072400100275,2016년 7월 24일 15시,일요일,강원도 원주시 신림면,경상사고,0,0,1,0,차대차 - 측면충돌,안전운전불이행,건조,맑음,단일로 - 기타,화물,남,56세,상해없음,화물,남,62세,경상
2016072400100276,2016년 7월 24일 15시,일요일,강원도 평창군 대화면,중상사고,0,1,0,0,차대차 - 측면직각충돌,안전운전불이행,건조,맑음,단일로 - 기타,이륜,남,82세,중상,승용,남,37세,상해없음
2016072400100306,2016년 7월 24일 16시,일요일,강원도 인제군 인제읍,경상사고,0,0,1,0,차대차 - 측면충돌,안전운전불이행,건조,맑음,교차로 - 교차로안,승용,남,40세,상해없음,승합,남,38세,경상
2016072400100358,2016년 7월 24일 18시,일요일,강원도 횡성군 횡성읍,경상사고,0,0,1,0,차대차 - 추돌,차로위반,건조,맑음,교차로 - 교차로안,승용,남,58세,상해없음,승합,여,63세,경상
2016072400100381,2016년 7월 24일 19시,일요일,강원도 춘천시 동면,경상사고,0,0,2,0,차대차 - 측면직각충돌,안전운전불이행,건조,맑음,단일로 - 기타,승용,남,22세,상해없음,승용,남,28세,경상
2016072400100382,2016년 7월 24일 19시,일요일,강원도 춘천시 후평동,경상사고,0,0,1,0,차대차 - 측면직각충돌,신호위반,건조,흐림,교차로 - 교차로안,승합,남,35세,상해없음,승용,남,57세,경상
2016072400100383,2016년 7월 24일 19시,일요일,강원도 원주시 무실동,경상사고,0,0,3,0,차량단독 - 전도전복,안전운전불이행,건조,맑음,교차로 - 교차로안,승합,남,59세,상해없음,,,,
2016072400100409,2016년 7월 24일 20시,일요일,강원도 춘천시 서면,경상사고,0,0,6,0,차대차 - 측면직각충돌,안전운전불이행,건조,맑음,교차로 - 교차로안,승용,남,64세,상해없음,승용,남,61세,경상
2016072400100410,2016년 7월 24일 20시,일요일,강원도 철원군 갈말읍,경상사고,0,0,1,0,차대차 - 측면직각충돌,안전운전불이행,습기,맑음,교차로 - 교차로안,화물,남,58세,상해없음,승용,여,24세,경상
2016072400100442,2016년 7월 24일 21시,일요일,강원도 원주시 우산동,경상사고,0,0,1,0,차대차 - 정면충돌,안전운전불이행,건조,맑음,단일로 - 기타,승용,남,42세,상해없음,승용,남,33세,경상
2016072500100051,2016년 7월 25일 06시,월요일,강원도 정선군 여량면,중상사고,0,1,0,0,차대사람 - 기타,안전운전불이행,건조,맑음,단일로 - 기타,화물,남,53세,상해없음,보행자,여,65세,중상
2016072500100062,2016년 7월 25일 07시,월요일,강원도 속초시 노학동,중상사고,0,1,2,0,차대차 - 측면직각충돌,교차로운행방법위반,건조,맑음,교차로 - 교차로안,승용,남,65세,경상,화물,남,54세,경상
2016072500100063,2016년 7월 25일 07시,월요일,강원도 인제군 인제읍,사망사고,1,0,0,0,차량단독 - 전도전복,안전운전불이행,건조,맑음,단일로 - 기타,농기계,남,74세,사망,,,,
2016072500100121,2016년 7월 25일 09시,월요일,강원도 삼척시 근덕면,경상사고,0,0,1,0,차대차 - 추돌,안전운전불이행,건조,맑음,단일로 - 기타,승용,남,63세,상해없음,승용,남,46세,상해없음
2016072500100162,2016년 7월 25일 10시,월요일,강원도 강릉시 노암동,부상신고사고,0,0,0,1,차대차 - 측면충돌,안전운전불이행,건조,맑음,교차로 - 교차로안,이륜,남,76세,부상신고,승용,여,45세,상해없음
2016072500100202,2016년 7월 25일 11시,월요일,강원도 춘천시 퇴계동,경상사고,0,0,1,0,차대차 - 기타,안전운전불이행,건조,맑음,단일로 - 기타,승용,여,44세,상해없음,승용,여,56세,경상
2016072500100230,2016년 7월 25일 12시,월요일,강원도 강릉시 내곡동,경상사고,0,0,1,0,차대사람 - 횡단중,안전운전불이행,건조,맑음,단일로 - 기타,화물,남,49세,상해없음,보행자,여,71세,경상
2016072500100231,2016년 7월 25일 12시,월요일,강원도 태백시 문곡동,부상신고사고,0,0,0,3,차대차 - 추돌,안전운전불이행,건조,맑음,교차로 - 교차로부근,승용,남,69세,상해없음,승용,남,58세,부상신고
2016072500100274,2016년 7월 25일 13시,월요일,강원도 춘천시 서면,경상사고,0,0,1,0,차대차 - 측면직각충돌,교차로운행방법위반,건조,맑음,교차로 - 교차로안,승용,남,50세,상해없음,화물,남,53세,경상
2016072500100275,2016년 7월 25일 13시,월요일,강원도 강릉시 안현동,경상사고,0,0,1,0,차대차 - 측면충돌,안전운전불이행,건조,맑음,단일로 - 기타,승합,남,54세,상해없음,자전거,여,19세,경상
2016072500100276,2016년 7월 25일 13시,월요일,강원도 삼척시 근덕면,중상사고,0,1,0,0,차대차 - 측면직각충돌,안전운전불이행,건조,맑음,교차로 - 교차로안,승용,남,33세,상해없음,승용,여,57세,중상
2016072500100277,2016년 7월 25일 13시,월요일,강원도 태백시 철암동,중상사고,0,1,0,0,차대차 - 측면충돌,불법유턴,건조,맑음,단일로 - 기타,승용,남,60세,상해없음,원동기,남,70세,중상
2016072500100374,2016년 7월 25일 16시,월요일,강원도 춘천시 퇴계동,경상사고,0,0,1,0,차대차 - 기타,안전운전불이행,건조,맑음,단일로 - 기타,승합,남,46세,상해없음,승용,남,53세,경상
2016072500100420,2016년 7월 25일 17시,월요일,강원도 인제군 인제읍,경상사고,0,0,2,0,차대차 - 기타,안전운전불이행,건조,맑음,교차로 - 교차로안,승용,남,42세,상해없음,승용,여,51세,경상
2016072500100460,2016년 7월 25일 18시,월요일,강원도 원주시 일산동,경상사고,0,0,1,0,차대사람 - 횡단중,안전운전불이행,건조,맑음,단일로 - 기타,승용,남,21세,상해없음,보행자,여,59세,경상
2016072500100609,2016년 7월 25일 23시,월요일,강원도 원주시 태장동,경상사고,0,0,1,0,차대차 - 측면충돌,불법유턴,건조,맑음,단일로 - 기타,화물,남,60세,상해없음,화물,남,26세,경상
2016072600100006,2016년 7월 26일 00시,화요일,강원도 정선군 고한읍,경상사고,0,0,2,0,차대차 - 기타,안전운전불이행,건조,맑음,단일로 - 기타,승용,남,34세,상해없음,승용,남,49세,경상
2016072600100060,2016년 7월 26일 06시,화요일,강원도 원주시 태장동,경상사고,0,0,1,0,차대차 - 추돌,안전거리미확보,건조,맑음,단일로 - 기타,화물,남,54세,상해없음,승용,남,31세,경상
2016072600100085,2016년 7월 26일 07시,화요일,강원도 원주시 태장동,중상사고,0,2,0,0,차대차 - 추돌,안전거리미확보,건조,맑음,교차로 - 교차로부근,화물,남,73세,상해없음,승용,남,50세,중상
2016072600100143,2016년 7월 26일 09시,화요일,강원도 강릉시 포남동,경상사고,0,0,1,0,차대사람 - 기타,안전운전불이행,건조,맑음,단일로 - 기타,승용,남,69세,상해없음,보행자,여,18세,경상
2016072600100144,2016년 7월 26일 09시,화요일,강원도 양구군 남면,경상사고,0,0,1,0,차대차 - 추돌,안전거리미확보,건조,맑음,기타 - 기타,승용,남,59세,상해없음,승용,남,75세,상해없음
2016072600100177,2016년 7월 26일 10시,화요일,강원도 속초시 조양동,경상사고,0,0,2,0,차대차 - 추돌,안전운전불이행,건조,맑음,교차로 - 교차로부근,승용,남,49세,상해없음,승용,남,48세,경상
2016072600100211,2016년 7월 26일 11시,화요일,강원도 동해시 천곡동,경상사고,0,0,1,0,차대차 - 측면직각충돌,안전운전불이행,건조,맑음,단일로 - 기타,승합,남,37세,상해없음,승용,남,58세,경상
2016072600100276,2016년 7월 26일 13시,화요일,강원도 강릉시 포남동,경상사고,0,0,1,0,차대차 - 측면충돌,안전운전불이행,건조,맑음,교차로 - 교차로안,승용,여,34세,상해없음,이륜,남,25세,경상
2016072600100345,2016년 7월 26일 15시,화요일,강원도 원주시 일산동,경상사고,0,0,1,0,차대차 - 정면충돌,교차로운행방법위반,건조,맑음,교차로 - 교차로안,승용,남,37세,상해없음,이륜,남,29세,경상
2016072600100346,2016년 7월 26일 15시,화요일,강원도 원주시 원동,경상사고,0,0,2,0,차대차 - 정면충돌,안전운전불이행,건조,맑음,단일로 - 기타,승용,여,50세,경상,화물,남,67세,경상
2016072600100347,2016년 7월 26일 15시,화요일,강원도 삼척시 교동,경상사고,0,0,1,0,차대차 - 정면충돌,안전거리미확보,건조,맑음,단일로 - 기타,승용,남,59세,상해없음,승용,남,61세,상해없음
2016072600100367,2016년 7월 26일 16시,화요일,강원도 원주시 우산동,경상사고,0,0,2,0,차대차 - 정면충돌,교차로운행방법위반,건조,맑음,교차로 - 교차로안,승용,여,59세,경상,승용,남,44세,경상
2016072600100368,2016년 7월 26일 16시,화요일,강원도 삼척시 원덕읍,경상사고,0,0,7,0,차대차 - 추돌,안전운전불이행,건조,맑음,단일로 - 기타,승합,여,50세,경상,화물,남,35세,경상
2016072600100406,2016년 7월 26일 17시,화요일,강원도 속초시 교동,중상사고,0,1,2,0,차대차 - 측면직각충돌,신호위반,건조,맑음,교차로 - 교차로안,승용,남,61세,상해없음,승용,남,38세,중상
2016072600100407,2016년 7월 26일 17시,화요일,강원도 삼척시 도계읍,경상사고,0,0,1,0,차량단독 - 전도전복,안전운전불이행,건조,맑음,교차로 - 교차로부근,이륜,남,73세,경상,,,,
2016072600100445,2016년 7월 26일 18시,화요일,강원도 춘천시 온의동,경상사고,0,0,1,0,차대차 - 측면직각충돌,안전거리미확보,건조,맑음,단일로 - 기타,승용,남,81세,상해없음,승용,여,39세,경상
2016072600100446,2016년 7월 26일 18시,화요일,강원도 강릉시 사천면,중상사고,0,1,0,0,차대차 - 측면충돌,안전운전불이행,건조,맑음,단일로 - 기타,화물,남,50세,상해없음,이륜,남,76세,중상
2016072600100447,2016년 7월 26일 18시,화요일,강원도 강릉시 용강동,경상사고,0,0,1,0,차대차 - 기타,안전운전불이행,건조,맑음,교차로 - 교차로안,승용,남,51세,상해없음,자전거,남,18세,경상
2016072600100490,2016년 7월 26일 19시,화요일,강원도 원주시 명륜동,중상사고,0,1,0,0,차대차 - 측면충돌,안전운전불이행,건조,맑음,기타 - 기타,승용,남,60세,상해없음,자전거,남,9세,중상
2016072600100522,2016년 7월 26일 20시,화요일,강원도 속초시 동명동,경상사고,0,0,2,0,차대차 - 측면직각충돌,신호위반,건조,맑음,교차로 - 교차로안,승용,남,55세,상해없음,승용,남,55세,경상
2016072600100523,2016년 7월 26일 20시,화요일,강원도 태백시 철암동,경상사고,0,0,1,0,차대사람 - 길가장자리구역통행중,안전운전불이행,건조,맑음,단일로 - 기타,승용,남,77세,상해없음,보행자,남,16세,경상
2016072600100561,2016년 7월 26일 21시,화요일,강원도 강릉시 교동,경상사고,0,0,2,0,차대차 - 측면충돌,신호위반,건조,맑음,교차로 - 교차로안,승용,여,43세,기타불명,승용,남,47세,경상
2016072700100052,2016년 7월 27일 05시,수요일,강원도 화천군 간동면,중상사고,0,2,1,0,차량단독 - 전도전복,안전운전불이행,건조,맑음,교차로 - 교차로안,승용,여,13세,중상,,,,
2016072700100114,2016년 7월 27일 08시,수요일,강원도 평창군 진부면,중상사고,0,1,0,0,차대사람 - 기타,안전운전불이행,건조,맑음,단일로 - 기타,승용,남,50세,상해없음,보행자,여,84세,중상
2016072700100115,2016년 7월 27일 08시,수요일,강원도 태백시 동점동,중상사고,0,1,0,0,차대사람 - 횡단중,보행자보호의무위반,건조,맑음,단일로 - 기타,승용,남,72세,상해없음,보행자,남,80세,중상
2016072700100145,2016년 7월 27일 09시,수요일,강원도 속초시 조양동,경상사고,0,0,1,0,차대차 - 측면충돌,안전운전불이행,건조,맑음,단일로 - 기타,승용,남,48세,상해없음,승용,남,48세,상해없음
2016072700100146,2016년 7월 27일 09시,수요일,강원도 평창군 평창읍,중상사고,0,2,0,0,차대차 - 측면직각충돌,중앙선침범,건조,맑음,단일로 - 기타,화물,남,48세,상해없음,승용,남,76세,중상
2016072700100205,2016년 7월 27일 11시,수요일,강원도 춘천시 석사동,경상사고,0,0,1,0,차대차 - 추돌,안전운전불이행,건조,맑음,교차로 - 교차로부근,승용,여,44세,상해없음,승용,여,39세,경상
2016072700100206,2016년 7월 27일 11시,수요일,강원도 원주시 단계동,중상사고,0,1,1,0,차대차 - 정면충돌,교차로운행방법위반,건조,맑음,교차로 - 교차로안,승용,남,50세,상해없음,이륜,남,17세,중상
2016072700100207,2016년 7월 27일 11시,수요일,강원도 속초시 노학동,경상사고,0,0,2,0,차대차 - 측면충돌,직진우회전진행방해,건조,맑음,교차로 - 교차로안,승합,남,47세,상해없음,승용,여,55세,경상
2016072700100208,2016년 7월 27일 11시,수요일,강원도 인제군 인제읍,경상사고,0,0,1,0,차대차 - 추돌,안전운전불이행,건조,맑음,단일로 - 기타,승용,여,34세,상해없음,승용,여,32세,경상
2016072700100238,2016년 7월 27일 12시,수요일,강원도 강릉시 유산동,경상사고,0,0,1,0,차대차 - 측면충돌,안전운전불이행,건조,맑음,교차로 - 교차로안,승용,여,41세,상해없음,승용,여,52세,경상
2016072700100239,2016년 7월 27일 12시,수요일,강원도 삼척시 도계읍,중상사고,0,2,0,0,차대차 - 정면충돌,중앙선침범,건조,맑음,단일로 - 기타,승용,여,66세,중상,화물,남,53세,중상
2016072700100264,2016년 7월 27일 13시,수요일,강원도 고성군 토성면,경상사고,0,0,2,0,차대차 - 측면직각충돌,안전거리미확보,건조,맑음,교차로 - 교차로안,승용,남,74세,상해없음,승용,남,26세,경상
2016072700100300,2016년 7월 27일 14시,수요일,강원도 양구군 양구읍,경상사고,0,0,1,0,차대차 - 정면충돌,직진우회전진행방해,건조,맑음,교차로 - 교차로안,승용,여,31세,상해없음,승용,여,53세,경상
2016072700100301,2016년 7월 27일 14시,수요일,강원도 동해시 천곡동,경상사고,0,0,5,0,차대차 - 추돌,안전거리미확보,건조,맑음,단일로 - 기타,승용,여,40세,상해없음,승용,남,50세,경상
2016072700100339,2016년 7월 27일 15시,수요일,강원도 태백시 철암동,경상사고,0,0,1,0,차대차 - 측면직각충돌,교차로운행방법위반,건조,흐림,교차로 - 교차로안,승용,남,73세,상해없음,승용,남,63세,경상
2016072700100374,2016년 7월 27일 16시,수요일,강원도 강릉시 구정면,중상사고,0,1,1,0,차대차 - 측면충돌,안전운전불이행,건조,기타,교차로 - 교차로안,승용,남,37세,상해없음,승용,남,77세,경상
2016072700100375,2016년 7월 27일 16시,수요일,강원도 삼척시 교동,경상사고,0,0,1,0,차대차 - 추돌,안전거리미확보,건조,맑음,교차로 - 교차로안,승용,남,63세,상해없음,승용,남,63세,경상
2016072700100376,2016년 7월 27일 16시,수요일,강원도 평창군 평창읍,중상사고,0,1,0,0,차대사람 - 길가장자리구역통행중,안전운전불이행,습기,비,교차로 - 교차로안,화물,여,50세,상해없음,보행자,여,85세,중상
2016072700100404,2016년 7월 27일 17시,수요일,강원도 원주시 관설동,경상사고,0,0,2,0,차대차 - 측면충돌,교차로운행방법위반,건조,맑음,교차로 - 교차로안,승용,여,47세,경상,승용,남,55세,경상
2016072700100493,2016년 7월 27일 19시,수요일,강원도 춘천시 석사동,경상사고,0,0,1,0,차대차 - 측면직각충돌,교차로운행방법위반,건조,맑음,교차로 - 교차로안,화물,여,48세,상해없음,이륜,남,32세,경상
2016072700100525,2016년 7월 27일 20시,수요일,강원도 영월군 중동면,경상사고,0,0,1,0,차대차 - 측면충돌,중앙선침범,건조,흐림,단일로 - 기타,승용,남,49세,상해없음,승용,남,62세,경상
2016072700100557,2016년 7월 27일 21시,수요일,강원도 원주시 단계동,부상신고사고,0,0,0,1,차대차 - 측면충돌,안전운전불이행,건조,맑음,단일로 - 기타,승용,남,60세,상해없음,승용,남,28세,상해없음
2016072700100558,2016년 7월 27일 21시,수요일,강원도 영월군 영월읍,부상신고사고,0,0,0,1,차대차 - 기타,교차로운행방법위반,습기,흐림,교차로 - 교차로안,원동기,남,45세,부상신고,승용,여,49세,상해없음
2016072700100559,2016년 7월 27일 21시,수요일,강원도 인제군 인제읍,중상사고,0,1,0,0,차량단독 - 기타,안전운전불이행,건조,맑음,단일로 - 기타,승용,여,21세,상해없음,,,,
2016072800100010,2016년 7월 28일 00시,목요일,강원도 원주시 단구동,경상사고,0,0,3,0,차대차 - 측면충돌,신호위반,건조,맑음,교차로 - 교차로안,승용,남,34세,상해없음,승용,여,45세,경상
2016072800100020,2016년 7월 28일 01시,목요일,강원도 춘천시 근화동,중상사고,0,1,0,0,차대차 - 정면충돌,직진우회전진행방해,건조,흐림,교차로 - 교차로안,승용,남,30세,상해없음,승용,남,68세,중상
2016072800100034,2016년 7월 28일 02시,목요일,강원도 동해시 이도동,중상사고,0,2,1,0,차대차 - 측면직각충돌,신호위반,건조,흐림,교차로 - 교차로안,승용,남,55세,상해없음,화물,남,49세,중상
2016072800100105,2016년 7월 28일 08시,목요일,강원도 철원군 근남면,중상사고,0,1,0,0,차대차 - 정면충돌,중앙선침범,건조,맑음,단일로 - 기타,건설기계,남,40세,상해없음,화물,남,52세,중상
2016072800100133,2016년 7월 28일 09시,목요일,강원도 태백시 황지동,경상사고,0,0,1,0,차대사람 - 횡단중,안전운전불이행,건조,맑음,교차로 - 교차로안,화물,남,53세,기타불명,보행자,여,71세,경상
2016072800100160,2016년 7월 28일 10시,목요일,강원도 춘천시 석사동,경상사고,0,0,1,0,차대차 - 추돌,안전거리미확보,건조,맑음,단일로 - 기타,승합,남,45세,상해없음,승용,남,87세,경상
2016072800100161,2016년 7월 28일 10시,목요일,강원도 강릉시 지변동,경상사고,0,0,1,0,차대차 - 추돌,안전운전불이행,건조,맑음,교차로 - 교차로안,승합,남,62세,상해없음,승용,여,28세,경상
2016072800100193,2016년 7월 28일 11시,목요일,강원도 고성군 토성면,중상사고,0,1,0,0,차대사람 - 횡단중,안전운전불이행,건조,맑음,단일로 - 기타,승용,여,43세,상해없음,보행자,여,15세,중상
2016072800100221,2016년 7월 28일 12시,목요일,강원도 속초시 조양동,경상사고,0,0,1,0,차대차 - 측면충돌,안전운전불이행,건조,맑음,교차로 - 교차로부근,승용,여,49세,기타불명,승용,여,26세,경상
2016072800100243,2016년 7월 28일 13시,목요일,강원도 강릉시 포남동,중상사고,0,1,0,0,차대차 - 측면직각충돌,신호위반,건조,맑음,교차로 - 교차로안,이륜,남,78세,중상,승합,남,46세,상해없음
2016072800100344,2016년 7월 28일 16시,목요일,강원도 인제군 북면,경상사고,0,0,1,0,차대차 - 기타,안전운전불이행,건조,맑음,단일로 - 기타,화물,남,20세,기타불명,승용,남,33세,경상
2016072800100392,2016년 7월 28일 17시,목요일,강원도 원주시 반곡동,중상사고,0,1,0,0,차대차 - 정면충돌,안전운전불이행,건조,맑음,기타 - 기타,승용,여,33세,상해없음,자전거,남,9세,중상
2016072800100393,2016년 7월 28일 17시,목요일,강원도 동해시 송정동,경상사고,0,0,2,0,차대차 - 추돌,안전운전불이행,건조,맑음,교차로 - 교차로부근,승용,여,58세,상해없음,승용,남,53세,경상
2016072800100433,2016년 7월 28일 18시,목요일,강원도 강릉시 교동,경상사고,0,0,2,0,차대차 - 측면충돌,안전운전불이행,건조,맑음,교차로 - 교차로안,화물,남,36세,상해없음,승용,여,40세,경상
2016072800100434,2016년 7월 28일 18시,목요일,강원도 강릉시 강동면,경상사고,0,0,1,0,차대차 - 추돌,안전운전불이행,건조,맑음,단일로 - 기타,승용,남,26세,상해없음,화물,남,52세,경상
2016072800100435,2016년 7월 28일 18시,목요일,강원도 동해시 발한동,중상사고,0,1,0,0,차대차 - 기타,안전운전불이행,건조,맑음,교차로 - 교차로부근,이륜,남,78세,중상,승용,여,42세,상해없음
2016072800100473,2016년 7월 28일 19시,목요일,강원도 춘천시 사농동,경상사고,0,0,1,0,차대차 - 추돌,안전거리미확보,건조,맑음,교차로 - 교차로부근,승용,남,39세,상해없음,승용,여,40세,경상
2016072800100540,2016년 7월 28일 21시,목요일,강원도 홍천군 서면,경상사고,0,0,4,0,차대차 - 측면충돌,안전거리미확보,건조,맑음,단일로 - 기타,승용,남,60세,상해없음,승용,여,56세,경상
2016072900100009,2016년 7월 29일 00시,금요일,강원도 춘천시 효자동,경상사고,0,0,3,0,차대차 - 측면직각충돌,안전운전불이행,건조,맑음,단일로 - 기타,승용,남,54세,경상,승용,남,24세,경상
2016072900100010,2016년 7월 29일 00시,금요일,강원도 원주시 원동,경상사고,0,0,1,0,차대차 - 정면충돌,안전운전불이행,건조,맑음,교차로 - 교차로안,승용,남,55세,상해없음,승용,여,55세,경상
2016072900100073,2016년 7월 29일 05시,금요일,강원도 원주시 명륜동,중상사고,0,1,0,0,차대차 - 측면충돌,안전운전불이행,건조,맑음,교차로 - 교차로부근,승용,남,35세,기타불명,승용,여,27세,중상
2016072900100087,2016년 7월 29일 06시,금요일,강원도 춘천시 교동,중상사고,0,1,0,0,차대차 - 측면직각충돌,안전운전불이행,건조,맑음,교차로 - 교차로안,승용,남,65세,상해없음,자전거,남,64세,중상
2016072900100101,2016년 7월 29일 07시,금요일,강원도 춘천시 약사동,경상사고,0,0,1,0,차대차 - 측면직각충돌,교차로운행방법위반,건조,맑음,교차로 - 교차로안,이륜,남,29세,상해없음,승용,남,32세,경상
2016072900100102,2016년 7월 29일 07시,금요일,강원도 강릉시 청량동,사망사고,1,0,0,0,차대차 - 기타,안전운전불이행,건조,맑음,단일로 - 기타,화물,남,56세,상해없음,원동기,남,57세,사망
2016072900100103,2016년 7월 29일 07시,금요일,강원도 홍천군 북방면,경상사고,0,0,2,0,차대차 - 추돌,안전거리미확보,건조,맑음,단일로 - 기타,승용,여,53세,상해없음,승용,남,34세,경상
2016072900100132,2016년 7월 29일 08시,금요일,강원도 춘천시 교동,경상사고,0,0,1,0,차대차 - 정면충돌,교차로운행방법위반,건조,맑음,교차로 - 교차로안,화물,남,73세,상해없음,승용,남,58세,경상
2016072900100163,2016년 7월 29일 09시,금요일,강원도 삼척시 남양동,중상사고,0,1,0,0,차량단독 - 전도전복,안전운전불이행,건조,맑음,단일로 - 기타,화물,남,53세,상해없음,,,,
2016072900100164,2016년 7월 29일 09시,금요일,강원도 태백시 문곡동,경상사고,0,0,2,0,차대차 - 추돌,안전거리미확보,건조,흐림,단일로 - 기타,승용,남,71세,상해없음,화물,남,57세,경상
2016072900100165,2016년 7월 29일 09시,금요일,강원도 동해시 효가동,경상사고,0,0,3,0,차대차 - 추돌,안전운전불이행,건조,맑음,교차로 - 교차로안,승용,남,72세,상해없음,승용,남,41세,경상
2016072900100166,2016년 7월 29일 09시,금요일,강원도 동해시 부곡동,경상사고,0,0,1,0,차대사람 - 길가장자리구역통행중,안전운전불이행,건조,맑음,교차로 - 교차로부근,승용,여,58세,상해없음,보행자,여,43세,경상
2016072900100186,2016년 7월 29일 10시,금요일,강원도 춘천시 동면,경상사고,0,0,1,0,차대차 - 추돌,안전운전불이행,습기,흐림,단일로 - 기타,승용,여,41세,상해없음,승용,남,50세,경상
2016072900100187,2016년 7월 29일 10시,금요일,강원도 영월군 영월읍,경상사고,0,0,2,0,차대차 - 측면충돌,중앙선침범,습기,흐림,교차로 - 교차로안,승용,남,61세,상해없음,승용,남,46세,경상
2016072900100188,2016년 7월 29일 10시,금요일,강원도 정선군 정선읍,사망사고,1,0,0,0,차대사람 - 기타,안전운전불이행,건조,흐림,단일로 - 기타,화물,남,59세,상해없음,보행자,여,82세,사망
2016072900100229,2016년 7월 29일 11시,금요일,강원도 영월군 영월읍,중상사고,0,1,0,0,차대사람 - 횡단중,안전운전불이행,건조,맑음,단일로 - 기타,승용,여,68세,상해없음,보행자,여,63세,중상
2016072900100260,2016년 7월 29일 12시,금요일,강원도 원주시 개운동,경상사고,0,0,1,0,차대차 - 추돌,안전운전불이행,습기,비,교차로 - 교차로부근,자전거,여,59세,경상,승용,남,56세,상해없음
2016072900100288,2016년 7월 29일 13시,금요일,강원도 원주시 단계동,경상사고,0,0,1,0,차대차 - 기타,안전운전불이행,건조,맑음,단일로 - 기타,승용,여,31세,상해없음,미분류,미분류,미분류,미분류
2016072900100289,2016년 7월 29일 13시,금요일,강원도 평창군 대관령면,중상사고,0,1,0,0,차대차 - 측면직각충돌,안전운전불이행,건조,맑음,교차로 - 교차로안,승용,여,24세,상해없음,승합,남,59세,상해없음
2016072900100330,2016년 7월 29일 14시,금요일,강원도 원주시 문막읍,중상사고,0,1,0,0,차량단독 - 전도전복,안전운전불이행,습기,비,단일로 - 기타,승용,여,58세,상해없음,,,,
2016072900100331,2016년 7월 29일 14시,금요일,강원도 동해시 부곡동,사망사고,1,0,0,0,차대사람 - 횡단중,안전운전불이행,건조,맑음,교차로 - 교차로안,승용,남,64세,상해없음,보행자,여,90세 이상,사망
2016072900100369,2016년 7월 29일 15시,금요일,강원도 원주시 단계동,부상신고사고,0,0,0,1,차대사람 - 횡단중,안전운전불이행,건조,맑음,단일로 - 기타,승용,남,39세,상해없음,보행자,남,19세,부상신고
2016072900100370,2016년 7월 29일 15시,금요일,강원도 영월군 영월읍,경상사고,0,0,1,0,차대차 - 측면직각충돌,안전운전불이행,건조,흐림,교차로 - 교차로안,승용,남,47세,기타불명,승용,여,42세,경상
2016072900100402,2016년 7월 29일 16시,금요일,강원도 원주시 문막읍,경상사고,0,0,1,0,차대차 - 측면충돌,안전운전불이행,습기,비,교차로 - 교차로안,화물,남,68세,상해없음,승용,남,33세,경상
2016072900100403,2016년 7월 29일 16시,금요일,강원도 홍천군 홍천읍,경상사고,0,0,2,0,차대차 - 측면직각충돌,안전운전불이행,습기,흐림,단일로 - 기타,승용,남,51세,상해없음,승용,남,45세,경상
2016072900100441,2016년 7월 29일 17시,금요일,강원도 춘천시 사농동,경상사고,0,0,4,0,차대차 - 측면직각충돌,기타,건조,맑음,단일로 - 기타,승용,남,55세,상해없음,승용,남,22세,경상
2016072900100442,2016년 7월 29일 17시,금요일,강원도 원주시 태장동,부상신고사고,0,0,0,1,차대차 - 측면충돌,차로위반,건조,맑음,단일로 - 기타,승용,남,41세,상해없음,승용,남,43세,상해없음
2016072900100443,2016년 7월 29일 17시,금요일,강원도 평창군 진부면,경상사고,0,0,1,0,차대차 - 측면직각충돌,안전운전불이행,건조,맑음,단일로 - 기타,이륜,남,80세,상해없음,자전거,남,7세,경상
2016072900100494,2016년 7월 29일 18시,금요일,강원도 강릉시 연곡면,중상사고,0,1,0,0,차대차 - 정면충돌,중앙선침범,건조,맑음,단일로 - 기타,승용,남,39세,상해없음,이륜,남,38세,중상
2016072900100535,2016년 7월 29일 19시,금요일,강원도 강릉시 내곡동,경상사고,0,0,1,0,차대차 - 측면충돌,신호위반,건조,맑음,교차로 - 교차로안,승용,여,20세,상해없음,이륜,남,38세,경상
2016072900100567,2016년 7월 29일 20시,금요일,강원도 속초시 조양동,경상사고,0,0,1,0,차대사람 - 횡단중,안전운전불이행,건조,맑음,단일로 - 기타,원동기,남,17세,상해없음,보행자,여,58세,경상
2016072900100609,2016년 7월 29일 21시,금요일,강원도 영월군 남면,경상사고,0,0,2,0,차대차 - 추돌,안전거리미확보,건조,기타,단일로 - 기타,승용,남,50세,기타불명,승용,여,45세,경상