사고번호,사고일시,요일,시군구,사고내용,사망자수,중상자수,경상자수,부상신고자수,사고유형,법규위반,노면상태,기상상태,도로형태,가해운전자 차종,가해운전자 성별,가해운전자 연령,가해운전자 상해정도,피해운전자 차종,피해운전자 성별,피해운전자 연령,피해운전자 상해정도
2016072900100639,2016년 7월 29일 22시,금요일,강원도 동해시 부곡동,경상사고,0,0,1,0,차대사람 - 기타,안전운전불이행,건조,맑음,교차로 - 교차로부근,승용,남,61세,상해없음,보행자,남,51세,경상
2016073000100065,2016년 7월 30일 03시,토요일,강원도 원주시 문막읍,사망사고,1,1,0,0,차대차 - 추돌,안전운전불이행,건조,맑음,단일로 - 기타,승용,남,20세,중상,화물,남,38세,기타불명
2016073000100090,2016년 7월 30일 05시,토요일,강원도 원주시 태장동,경상사고,0,0,1,0,차대차 - 측면충돌,신호위반,건조,맑음,교차로 - 교차로안,이륜,남,75세,경상,승용,여,58세,상해없음
2016073000100166,2016년 7월 30일 09시,토요일,강원도 평창군 진부면,중상사고,0,1,0,0,차대차 - 추돌,안전운전불이행,건조,맑음,교차로 - 교차로안,화물,남,75세,상해없음,승용,여,55세,중상
2016073000100191,2016년 7월 30일 10시,토요일,강원도 원주시 중앙동,중상사고,0,1,0,0,차대차 - 측면충돌,안전운전불이행,건조,맑음,단일로 - 기타,승용,남,75세,상해없음,승용,여,45세,중상
2016073000100192,2016년 7월 30일 10시,토요일,강원도 삼척시 교동,중상사고,0,1,1,0,차대차 - 측면직각충돌,안전운전불이행,건조,맑음,단일로 - 기타,승용,남,48세,상해없음,승용,남,73세,경상
2016073000100217,2016년 7월 30일 11시,토요일,강원도 원주시 단계동,경상사고,0,0,1,0,차대차 - 정면충돌,안전운전불이행,건조,흐림,단일로 - 기타,특수,남,34세,상해없음,승용,여,53세,경상
2016073000100243,2016년 7월 30일 12시,토요일,강원도 태백시 황지동,경상사고,0,0,4,0,차대차 - 측면직각충돌,교차로운행방법위반,건조,맑음,교차로 - 교차로안,승용,남,46세,상해없음,승용,남,57세,경상
2016073000100244,2016년 7월 30일 12시,토요일,강원도 철원군 근남면,중상사고,0,1,3,0,차대차 - 측면직각충돌,기타,건조,맑음,교차로 - 교차로안,승용,남,31세,상해없음,승용,남,62세,경상
2016073000100245,2016년 7월 30일 12시,토요일,강원도 홍천군 홍천읍,중상사고,0,4,10,1,차대차 - 추돌,안전거리미확보,건조,맑음,단일로 - 터널,화물,남,59세,상해없음,승용,남,51세,경상
2016073000100280,2016년 7월 30일 13시,토요일,강원도 원주시 문막읍,경상사고,0,0,1,0,차대차 - 정면충돌,중앙선침범,건조,맑음,단일로 - 기타,이륜,여,57세,경상,화물,남,43세,상해없음
2016073000100281,2016년 7월 30일 13시,토요일,강원도 인제군 북면,경상사고,0,0,2,0,차대차 - 기타,안전운전불이행,건조,맑음,단일로 - 기타,승합,남,84세,상해없음,승용,남,23세,경상
2016073000100327,2016년 7월 30일 14시,토요일,강원도 강릉시 강문동,경상사고,0,0,1,1,차대차 - 측면충돌,안전운전불이행,건조,맑음,단일로 - 기타,승용,남,46세,상해없음,승용,남,34세,상해없음
2016073000100328,2016년 7월 30일 14시,토요일,강원도 원주시 일산동,경상사고,0,0,1,0,차대사람 - 횡단중,안전운전불이행,건조,맑음,단일로 - 횡단보도부근,승용,남,41세,상해없음,보행자,남,13세,경상
2016073000100329,2016년 7월 30일 14시,토요일,강원도 속초시 교동,중상사고,0,1,0,0,차대사람 - 보도통행중,안전운전불이행,건조,맑음,단일로 - 기타,승용,여,22세,상해없음,보행자,여,34세,중상
2016073000100330,2016년 7월 30일 14시,토요일,강원도 춘천시 신북읍,경상사고,0,0,1,0,차대차 - 추돌,안전거리미확보,건조,맑음,단일로 - 기타,기타불명,기타불명,기타불명,기타불명,승용,여,35세,경상
2016073000100359,2016년 7월 30일 15시,토요일,강원도 영월군 남면,중상사고,0,1,4,0,차대차 - 측면직각충돌,안전거리미확보,건조,맑음,단일로 - 기타,승용,남,64세,상해없음,승용,여,37세,경상
2016073000100420,2016년 7월 30일 17시,토요일,강원도 춘천시 석사동,경상사고,0,0,1,0,차대차 - 기타,중앙선침범,건조,맑음,교차로 - 교차로부근,승용,남,56세,상해없음,이륜,남,20세,경상
2016073000100421,2016년 7월 30일 17시,토요일,강원도 원주시 문막읍,경상사고,0,0,2,0,차대차 - 기타,안전거리미확보,건조,맑음,교차로 - 교차로안,승합,남,63세,상해없음,승용,남,24세,경상
2016073000100422,2016년 7월 30일 17시,토요일,강원도 속초시 노학동,중상사고,0,1,2,0,차대차 - 측면직각충돌,교차로운행방법위반,건조,맑음,교차로 - 교차로안,화물,남,53세,상해없음,승용,남,34세,경상
2016073000100423,2016년 7월 30일 17시,토요일,강원도 인제군 북면,중상사고,0,1,0,0,차대사람 - 횡단중,안전운전불이행,건조,맑음,단일로 - 기타,승용,남,32세,상해없음,보행자,여,8세,중상
2016073000100449,2016년 7월 30일 18시,토요일,강원도 원주시 문막읍,경상사고,0,0,1,0,차대차 - 측면직각충돌,안전거리미확보,건조,맑음,단일로 - 기타,화물,남,60세,상해없음,승용,남,30세,경상
2016073000100480,2016년 7월 30일 19시,토요일,강원도 원주시 개운동,중상사고,0,1,1,0,차대차 - 측면충돌,불법유턴,건조,맑음,단일로 - 기타,승용,남,45세,기타불명,승용,남,36세,중상
2016073000100481,2016년 7월 30일 19시,토요일,강원도 원주시 명륜동,중상사고,0,1,0,0,차대차 - 추돌,안전운전불이행,건조,맑음,교차로 - 교차로부근,기타불명,기타불명,기타불명,기타불명,승용,남,47세,상해없음
2016073000100512,2016년 7월 30일 20시,토요일,강원도 춘천시 동내면,중상사고,0,1,0,0,차대사람 - 기타,안전운전불이행,건조,맑음,단일로 - 기타,이륜,남,52세,상해없음,보행자,여,77세,중상
2016073000100513,2016년 7월 30일 20시,토요일,강원도 태백시 황지동,경상사고,0,0,4,1,차대차 - 추돌,안전거리미확보,건조,흐림,교차로 - 교차로부근,승용,남,47세,상해없음,승용,남,70세,부상신고
2016073000100541,2016년 7월 30일 21시,토요일,강원도 강릉시 옥천동,중상사고,0,1,4,0,차대차 - 측면직각충돌,안전운전불이행,건조,맑음,교차로 - 교차로안,승용,여,63세,상해없음,승용,남,37세,경상
2016073000100542,2016년 7월 30일 21시,토요일,강원도 삼척시 오분동,경상사고,0,0,2,0,차대차 - 추돌,안전운전불이행,건조,맑음,교차로 - 교차로부근,승용,남,75세,상해없음,승용,남,39세,상해없음
2016073000100543,2016년 7월 30일 21시,토요일,강원도 횡성군 공근면,중상사고,0,1,2,0,차대차 - 추돌,안전거리미확보,건조,맑음,단일로 - 기타,승용,남,63세,상해없음,승용,여,30세,경상
2016073000100598,2016년 7월 30일 23시,토요일,강원도 춘천시 효자동,경상사고,0,0,2,0,차대차 - 측면직각충돌,안전운전불이행,건조,맑음,단일로 - 기타,승용,남,20세,상해없음,원동기,남,69세,경상
2016073100100030,2016년 7월 31일 01시,일요일,강원도 삼척시 근덕면,경상사고,0,0,1,0,차대차 - 기타,안전운전불이행,건조,맑음,단일로 - 기타,승용,여,63세,상해없음,승합,남,36세,경상
2016073100100058,2016년 7월 31일 03시,일요일,강원도 춘천시 효자동,중상사고,0,1,1,0,차대차 - 측면직각충돌,안전거리미확보,건조,맑음,단일로 - 기타,승용,남,64세,상해없음,이륜,남,18세,경상
2016073100100106,2016년 7월 31일 07시,일요일,강원도 영월군 북면,중상사고,0,1,0,1,차대사람 - 기타,안전운전불이행,습기,안개,기타 - 기타,승용,남,62세,중상,보행자,여,61세,부상신고
2016073100100119,2016년 7월 31일 08시,일요일,강원도 강릉시 연곡면,중상사고,0,1,8,0,차대차 - 정면충돌,중앙선침범,건조,맑음,단일로 - 기타,승용,여,45세,중상,승합,남,43세,경상
2016073100100120,2016년 7월 31일 08시,일요일,강원도 고성군 간성읍,중상사고,0,2,0,0,차대차 - 정면충돌,중앙선침범,건조,맑음,단일로 - 기타,승용,남,61세,상해없음,승용,남,57세,중상
2016073100100140,2016년 7월 31일 09시,일요일,강원도 강릉시 주문진읍,사망사고,1,0,0,0,차대사람 - 횡단중,안전운전불이행,건조,맑음,교차로 - 교차로부근,승용,남,62세,상해없음,보행자,여,90세 이상,사망
2016073100100162,2016년 7월 31일 10시,일요일,강원도 삼척시 남양동,경상사고,0,0,4,0,차대차 - 추돌,안전운전불이행,건조,맑음,단일로 - 기타,화물,남,62세,상해없음,승용,여,66세,경상
2016073100100163,2016년 7월 31일 10시,일요일,강원도 고성군 죽왕면,경상사고,0,0,1,0,차대차 - 측면충돌,안전운전불이행,건조,맑음,단일로 - 기타,건설기계,남,52세,상해없음,승용,남,38세,경상
2016073100100196,2016년 7월 31일 11시,일요일,강원도 강릉시 강문동,경상사고,0,0,1,0,차대차 - 추돌,안전운전불이행,건조,맑음,교차로 - 교차로부근,승용,여,22세,상해없음,승용,남,19세,경상
2016073100100197,2016년 7월 31일 11시,일요일,강원도 강릉시 연곡면,중상사고,0,2,1,0,차대차 - 측면충돌,중앙선침범,건조,맑음,단일로 - 기타,승용,남,26세,상해없음,승용,남,55세,중상
2016073100100198,2016년 7월 31일 11시,일요일,강원도 양양군 양양읍,경상사고,0,0,4,0,차대차 - 측면직각충돌,안전운전불이행,건조,맑음,교차로 - 교차로안,승용,남,20세,상해없음,화물,남,57세,경상
2016073100100199,2016년 7월 31일 11시,일요일,강원도 횡성군 우천면,경상사고,0,0,1,0,차대차 - 기타,안전운전불이행,건조,맑음,교차로 - 교차로안,승용,남,72세,상해없음,승용,남,38세,경상
2016073100100200,2016년 7월 31일 11시,일요일,강원도 고성군 간성읍,중상사고,0,2,0,0,차량단독 - 전도전복,안전운전불이행,건조,맑음,기타 - 기타,화물,남,49세,상해없음,,,,
2016073100100201,2016년 7월 31일 11시,일요일,강원도 춘천시 남면,경상사고,0,0,1,0,차대차 - 추돌,안전운전불이행,건조,맑음,단일로 - 기타,승용,남,28세,상해없음,승용,남,29세,상해없음
2016073100100223,2016년 7월 31일 12시,일요일,강원도 인제군 기린면,경상사고,0,0,1,0,차대차 - 추돌,안전운전불이행,건조,맑음,단일로 - 기타,승용,남,45세,상해없음,승용,남,36세,경상
2016073100100254,2016년 7월 31일 13시,일요일,강원도 춘천시 근화동,부상신고사고,0,0,0,1,차대차 - 측면직각충돌,교차로운행방법위반,건조,맑음,교차로 - 교차로안,승용,여,64세,부상신고,승용,남,31세,상해없음
2016073100100255,2016년 7월 31일 13시,일요일,강원도 속초시 청호동,경상사고,0,0,1,0,차대차 - 측면충돌,직진우회전진행방해,건조,맑음,교차로 - 교차로안,승용,남,59세,상해없음,승용,남,35세,상해없음
2016073100100282,2016년 7월 31일 14시,일요일,강원도 태백시 황지동,경상사고,0,0,2,0,차대차 - 추돌,안전운전불이행,건조,맑음,교차로 - 교차로안,승용,남,50세,상해없음,승용,남,30세,경상
2016073100100283,2016년 7월 31일 14시,일요일,강원도 동해시 평릉동,경상사고,0,0,1,0,차대차 - 측면직각충돌,안전운전불이행,건조,맑음,교차로 - 교차로안,자전거,남,11세,경상,승용,남,30세,상해없음
2016073100100284,2016년 7월 31일 14시,일요일,강원도 원주시 문막읍,경상사고,0,0,2,0,차대차 - 추돌,안전운전불이행,건조,맑음,단일로 - 기타,승용,남,36세,상해없음,승용,여,28세,경상
2016073100100320,2016년 7월 31일 15시,일요일,강원도 홍천군 서면,부상신고사고,0,0,0,1,차대사람 - 횡단중,안전운전불이행,습기,흐림,교차로 - 교차로부근,승용,남,50세,상해없음,보행자,여,15세,부상신고
2016073100100321,2016년 7월 31일 15시,일요일,강원도 횡성군 서원면,중상사고,0,1,1,0,차대차 - 측면직각충돌,신호위반,건조,맑음,교차로 - 교차로안,승용,여,47세,상해없음,승용,여,45세,중상
2016073100100322,2016년 7월 31일 15시,일요일,강원도 고성군 죽왕면,경상사고,0,0,1,0,차대차 - 측면충돌,안전운전불이행,건조,맑음,단일로 - 기타,승용,여,57세,상해없음,이륜,남,76세,경상
2016073100100346,2016년 7월 31일 16시,일요일,강원도 속초시 교동,경상사고,0,0,2,0,차대차 - 추돌,안전운전불이행,건조,흐림,교차로 - 교차로안,승용,여,41세,기타불명,승용,남,35세,경상
2016073100100347,2016년 7월 31일 16시,일요일,강원도 홍천군 홍천읍,중상사고,0,1,0,0,차대사람 - 횡단중,안전운전불이행,습기,비,단일로 - 기타,승용,남,71세,상해없음,보행자,여,61세,중상
2016073100100402,2016년 7월 31일 18시,일요일,강원도 춘천시 서면,경상사고,0,0,2,0,차대차 - 추돌,안전거리미확보,건조,맑음,단일로 - 기타,승용,남,52세,상해없음,승용,남,53세,경상
2016073100100403,2016년 7월 31일 18시,일요일,강원도 홍천군 홍천읍,부상신고사고,0,0,0,1,차대사람 - 횡단중,안전운전불이행,건조,맑음,단일로 - 교량,자전거,기타불명,기타불명,기타불명,보행자,여,53세,부상신고
2016073100100432,2016년 7월 31일 19시,일요일,강원도 춘천시 남산면,부상신고사고,0,0,0,1,차대사람 - 횡단중,안전운전불이행,건조,맑음,단일로 - 기타,기타불명,기타불명,기타불명,기타불명,보행자,남,39세,부상신고
2016073100100433,2016년 7월 31일 19시,일요일,강원도 동해시 천곡동,경상사고,0,0,1,0,차대차 - 측면직각충돌,직진우회전진행방해,습기,비,교차로 - 교차로안,승용,여,57세,상해없음,승용,여,28세,경상
2016073100100513,2016년 7월 31일 22시,일요일,강원도 춘천시 남산면,경상사고,0,0,1,0,차대사람 - 기타,안전운전불이행,건조,맑음,기타 - 기타,승용,남,26세,상해없음,보행자,남,27세,경상
2016073100100514,2016년 7월 31일 22시,일요일,강원도 삼척시 원덕읍,경상사고,0,0,3,0,차대차 - 기타,안전거리미확보,건조,맑음,교차로 - 교차로안,승용,남,47세,상해없음,승용,남,24세,경상
2016080100100007,2016년 8월 1일 00시,월요일,강원도 춘천시 후평동,중상사고,0,1,1,1,차대차 - 측면직각충돌,교차로운행방법위반,건조,맑음,교차로 - 교차로안,승용,여,55세,상해없음,승용,남,22세,경상
2016080100100008,2016년 8월 1일 00시,월요일,강원도 원주시 문막읍,경상사고,0,0,2,0,차대차 - 측면충돌,차로위반,습기,흐림,단일로 - 기타,승용,남,43세,상해없음,승용,남,30세,경상
2016080100100032,2016년 8월 1일 03시,월요일,강원도 속초시 도문동,사망사고,1,0,0,0,차대사람 - 기타,안전운전불이행,건조,맑음,단일로 - 기타,승용,남,52세,상해없음,보행자,남,48세,사망
2016080100100081,2016년 8월 1일 08시,월요일,강원도 원주시 관설동,경상사고,0,0,1,0,차대차 - 측면충돌,신호위반,건조,맑음,교차로 - 교차로안,승용,여,49세,상해없음,승용,여,23세,경상
2016080100100082,2016년 8월 1일 08시,월요일,강원도 횡성군 횡성읍,경상사고,0,0,1,0,차대차 - 측면직각충돌,차로위반,건조,맑음,단일로 - 기타,화물,남,78세,상해없음,승용,남,36세,경상
2016080100100112,2016년 8월 1일 09시,월요일,강원도 원주시 학성동,경상사고,0,0,2,0,차대차 - 정면충돌,신호위반,건조,맑음,교차로 - 교차로안,승합,남,64세,상해없음,승용,남,82세,경상
2016080100100113,2016년 8월 1일 09시,월요일,강원도 원주시 우산동,중상사고,0,1,0,0,차대차 - 정면충돌,안전운전불이행,건조,맑음,교차로 - 교차로안,승용,남,45세,상해없음,승용,남,54세,중상
2016080100100114,2016년 8월 1일 09시,월요일,강원도 삼척시 근덕면,경상사고,0,0,1,0,차대사람 - 길가장자리구역통행중,안전운전불이행,건조,맑음,기타 - 기타,승용,여,36세,상해없음,보행자,여,32세,경상
2016080100100115,2016년 8월 1일 09시,월요일,강원도 정선군 임계면,중상사고,0,1,5,1,차대차 - 정면충돌,기타,건조,맑음,단일로 - 교량,화물,남,55세,부상신고,승용,남,55세,경상
2016080100100146,2016년 8월 1일 10시,월요일,강원도 양양군 서면,경상사고,0,0,1,0,차대사람 - 횡단중,안전운전불이행,건조,맑음,단일로 - 기타,승용,남,69세,상해없음,보행자,남,13세,경상
2016080100100221,2016년 8월 1일 12시,월요일,강원도 춘천시 효자동,부상신고사고,0,0,0,1,차대차 - 측면직각충돌,안전운전불이행,건조,맑음,단일로 - 기타,승용,남,56세,상해없음,자전거,남,84세,부상신고
2016080100100222,2016년 8월 1일 12시,월요일,강원도 춘천시 근화동,경상사고,0,0,3,0,차대차 - 측면충돌,차로위반,건조,맑음,교차로 - 교차로안,승용,남,44세,상해없음,승용,남,70세,경상
2016080100100223,2016년 8월 1일 12시,월요일,강원도 춘천시 후평동,경상사고,0,0,1,0,차대사람 - 기타,안전운전불이행,건조,맑음,단일로 - 기타,기타불명,기타불명,기타불명,기타불명,보행자,남,35세,경상
2016080100100224,2016년 8월 1일 12시,월요일,강원도 속초시 조양동,경상사고,0,0,1,0,차대사람 - 기타,안전운전불이행,건조,맑음,기타 - 기타,승용,남,55세,기타불명,보행자,남,55세,경상
2016080100100255,2016년 8월 1일 13시,월요일,강원도 영월군 수주면,중상사고,0,1,0,0,차대차 - 측면직각충돌,교차로운행방법위반,건조,맑음,교차로 - 교차로안,승합,남,61세,상해없음,승용,남,56세,상해없음
2016080100100296,2016년 8월 1일 14시,월요일,강원도 춘천시 퇴계동,경상사고,0,0,1,0,차대차 - 추돌,안전운전불이행,건조,맑음,교차로 - 교차로부근,승용,여,55세,상해없음,승용,여,62세,경상
2016080100100297,2016년 8월 1일 14시,월요일,강원도 춘천시 중앙로2가,경상사고,0,0,1,0,차대차 - 측면충돌,직진우회전진행방해,건조,맑음,교차로 - 교차로안,승용,남,33세,상해없음,승용,남,27세,경상
2016080100100328,2016년 8월 1일 15시,월요일,강원도 강릉시 주문진읍,경상사고,0,0,1,0,차대사람 - 횡단중,안전운전불이행,건조,맑음,단일로 - 기타,이륜,남,40세,상해없음,보행자,남,11세,경상
2016080100100371,2016년 8월 1일 16시,월요일,강원도 춘천시 동면,경상사고,0,0,4,2,차대차 - 추돌,안전운전불이행,건조,맑음,단일로 - 기타,화물,남,59세,상해없음,승용,남,45세,경상
2016080100100372,2016년 8월 1일 16시,월요일,강원도 동해시 송정동,중상사고,0,1,2,0,차대차 - 기타,안전운전불이행,건조,맑음,교차로 - 교차로안,승합,남,52세,상해없음,승용,남,55세,상해없음
2016080100100411,2016년 8월 1일 17시,월요일,강원도 춘천시 남면,중상사고,0,1,0,0,차대차 - 측면충돌,안전운전불이행,건조,맑음,단일로 - 기타,승용,남,34세,상해없음,승용,남,19세,중상
2016080100100412,2016년 8월 1일 17시,월요일,강원도 속초시 교동,경상사고,0,0,3,1,차대차 - 측면충돌,교차로운행방법위반,건조,맑음,교차로 - 교차로부근,승용,남,34세,경상,승합,남,57세,경상
2016080100100413,2016년 8월 1일 17시,월요일,강원도 고성군 간성읍,경상사고,0,0,1,0,차대사람 - 횡단중,안전운전불이행,건조,맑음,단일로 - 기타,승용,남,65세,상해없음,보행자,남,49세,경상
2016080100100457,2016년 8월 1일 18시,월요일,강원도 춘천시 신동면,경상사고,0,0,3,0,차대차 - 추돌,안전거리미확보,습기,비,단일로 - 기타,승용,남,42세,상해없음,승용,남,31세,경상
2016080100100458,2016년 8월 1일 18시,월요일,강원도 양양군 현남면,경상사고,0,0,3,0,차대차 - 측면충돌,안전운전불이행,건조,맑음,교차로 - 교차로안,승용,남,56세,상해없음,승용,남,42세,경상
2016080100100459,2016년 8월 1일 18시,월요일,강원도 삼척시 원덕읍,중상사고,0,1,0,0,차대사람 - 기타,안전운전불이행,건조,맑음,교차로 - 교차로안,승용,남,66세,상해없음,보행자,남,52세,중상
2016080100100460,2016년 8월 1일 18시,월요일,강원도 영월군 영월읍,부상신고사고,0,0,0,1,차대차 - 측면직각충돌,안전운전불이행,건조,맑음,교차로 - 교차로부근,농기계,남,60세,부상신고,승합,남,67세,상해없음
2016080100100461,2016년 8월 1일 18시,월요일,강원도 동해시 어달동,경상사고,0,0,2,0,차대차 - 측면직각충돌,안전운전불이행,건조,맑음,단일로 - 기타,승용,남,26세,상해없음,승용,여,43세,경상
2016080100100488,2016년 8월 1일 19시,월요일,강원도 춘천시 조양동,경상사고,0,0,1,0,차대사람 - 길가장자리구역통행중,안전운전불이행,건조,맑음,단일로 - 기타,승용,여,21세,상해없음,보행자,여,18세,경상
2016080100100489,2016년 8월 1일 19시,월요일,강원도 원주시 단계동,경상사고,0,0,1,0,차대차 - 추돌,안전운전불이행,건조,맑음,기타 - 기타,승용,남,43세,상해없음,승용,남,30세,경상
2016080100100518,2016년 8월 1일 20시,월요일,강원도 춘천시 효자동,경상사고,0,0,1,0,차대차 - 측면충돌,교차로운행방법위반,건조,맑음,교차로 - 교차로안,화물,남,44세,상해없음,승용,여,26세,경상
2016080100100559,2016년 8월 1일 21시,월요일,강원도 강릉시 포남동,중상사고,0,1,3,0,차대차 - 측면충돌,안전운전불이행,건조,맑음,교차로 - 교차로부근,승용,여,39세,상해없음,승용,여,64세,중상
2016080200100049,2016년 8월 2일 05시,화요일,강원도 철원군 갈말읍,경상사고,0,0,2,0,차대차 - 측면직각충돌,직진우회전진행방해,건조,맑음,교차로 - 교차로안,승합,남,48세,상해없음,승용,남,53세,경상
2016080200100055,2016년 8월 2일 06시,화요일,강원도 양구군 남면,중상사고,0,1,0,5,차대차 - 정면충돌,직진우회전진행방해,건조,맑음,교차로 - 교차로안,승용,여,27세,상해없음,승용,남,49세,중상
2016080200100074,2016년 8월 2일 07시,화요일,강원도 홍천군 홍천읍,경상사고,0,0,1,0,차대차 - 측면충돌,안전운전불이행,건조,맑음,단일로 - 기타,이륜,여,48세,상해없음,화물,남,47세,경상
2016080200100122,2016년 8월 2일 09시,화요일,강원도 정선군 사북읍,경상사고,0,0,3,0,차대차 - 정면충돌,신호위반,건조,맑음,교차로 - 교차로안,승용,남,72세,상해없음,승용,남,62세,경상
2016080200100176,2016년 8월 2일 11시,화요일,강원도 춘천시 동면,경상사고,0,0,2,0,차대차 - 측면직각충돌,안전운전불이행,건조,맑음,단일로 - 기타,화물,남,44세,상해없음,승용,여,55세,경상
2016080200100208,2016년 8월 2일 12시,화요일,강원도 속초시 교동,경상사고,0,0,1,0,차대차 - 추돌,불법유턴,건조,맑음,단일로 - 기타,승용,남,71세,상해없음,승용,여,43세,경상
2016080200100209,2016년 8월 2일 12시,화요일,강원도 태백시 통동,중상사고,0,1,1,0,차대차 - 정면충돌,중앙선침범,적설,비,단일로 - 기타,건설기계,남,57세,상해없음,특수,남,53세,중상
2016080200100210,2016년 8월 2일 12시,화요일,강원도 동해시 천곡동,중상사고,0,1,0,0,차대차 - 측면직각충돌,직진우회전진행방해,건조,맑음,교차로 - 교차로안,승용,남,26세,상해없음,이륜,남,65세,중상
2016080200100211,2016년 8월 2일 12시,화요일,강원도 동해시 동회동,경상사고,0,0,1,0,차대사람 - 기타,안전운전불이행,습기,비,단일로 - 기타,승용,여,44세,상해없음,보행자,여,4세,경상
2016080200100234,2016년 8월 2일 13시,화요일,강원도 인제군 인제읍,경상사고,0,0,1,0,차대차 - 기타,안전운전불이행,습기,비,교차로 - 교차로안,승용,여,28세,상해없음,승용,남,42세,경상
2016080200100235,2016년 8월 2일 13시,화요일,강원도 동해시 평릉동,경상사고,0,0,5,0,차대차 - 추돌,안전운전불이행,습기,비,교차로 - 교차로부근,승용,남,69세,상해없음,승용,남,51세,경상
2016080200100265,2016년 8월 2일 14시,화요일,강원도 삼척시 원덕읍,중상사고,0,1,5,0,차대차 - 기타,중앙선침범,습기,비,단일로 - 기타,승용,여,29세,상해없음,승합,남,55세,상해없음
2016080200100266,2016년 8월 2일 14시,화요일,강원도 영월군 남면,중상사고,0,1,0,0,차대차 - 측면직각충돌,교차로운행방법위반,건조,맑음,교차로 - 교차로안,화물,남,57세,상해없음,승용,여,66세,중상
2016080200100267,2016년 8월 2일 14시,화요일,강원도 인제군 기린면,중상사고,0,1,2,1,차대차 - 정면충돌,안전운전불이행,습기,흐림,교차로 - 교차로안,승용,여,53세,상해없음,화물,남,37세,중상
2016080200100298,2016년 8월 2일 15시,화요일,강원도 속초시 교동,경상사고,0,0,1,0,차대차 - 추돌,안전운전불이행,건조,맑음,교차로 - 교차로부근,화물,남,33세,상해없음,화물,남,28세,경상
2016080200100324,2016년 8월 2일 16시,화요일,강원도 춘천시 효자동,부상신고사고,0,0,0,1,차대사람 - 횡단중,보행자보호의무위반,건조,맑음,단일로 - 횡단보도상,이륜,남,21세,상해없음,보행자,남,7세,부상신고
2016080200100397,2016년 8월 2일 18시,화요일,강원도 춘천시 퇴계동,중상사고,0,1,0,0,차대사람 - 횡단중,안전운전불이행,건조,맑음,교차로 - 교차로안,승용,남,59세,상해없음,보행자,남,78세,중상
2016080200100398,2016년 8월 2일 18시,화요일,강원도 원주시 봉산동,중상사고,0,1,0,0,차대사람 - 횡단중,보행자보호의무위반,건조,맑음,단일로 - 기타,승용,남,29세,상해없음,보행자,여,8세,중상
2016080200100399,2016년 8월 2일 18시,화요일,강원도 원주시 태장동,중상사고,0,1,0,0,차대차 - 측면충돌,차로위반,건조,맑음,단일로 - 기타,화물,남,38세,상해없음,이륜,남,20세,중상
2016080200100446,2016년 8월 2일 19시,화요일,강원도 원주시 개운동,경상사고,0,0,1,0,차대사람 - 횡단중,안전운전불이행,건조,맑음,단일로 - 기타,이륜,남,17세,상해없음,보행자,남,17세,경상
2016080200100478,2016년 8월 2일 20시,화요일,강원도 원주시 관설동,중상사고,0,1,0,0,차량단독 - 공작물충돌,안전운전불이행,건조,맑음,단일로 - 기타,승용,남,34세,상해없음,,,,
2016080200100552,2016년 8월 2일 23시,화요일,강원도 태백시 황지동,경상사고,0,0,1,0,차대차 - 측면충돌,교차로운행방법위반,건조,흐림,교차로 - 교차로안,승용,남,57세,상해없음,승용,남,54세,상해없음
2016080300100007,2016년 8월 3일 00시,수요일,강원도 원주시 무실동,경상사고,0,0,1,0,차대사람 - 횡단중,보행자보호의무위반,건조,맑음,단일로 - 기타,승용,남,39세,상해없음,보행자,남,30세,경상
2016080300100019,2016년 8월 3일 01시,수요일,강원도 강릉시 안현동,중상사고,0,2,1,0,차량단독 - 전도전복,과속,건조,맑음,단일로 - 기타,승용,남,26세,상해없음,,,,
2016080300100060,2016년 8월 3일 05시,수요일,강원도 춘천시 퇴계동,경상사고,0,0,3,0,차대차 - 측면직각충돌,신호위반,건조,맑음,교차로 - 교차로안,승용,남,68세,경상,승용,여,35세,경상
2016080300100061,2016년 8월 3일 05시,수요일,강원도 원주시 단계동,중상사고,0,1,1,0,차대차 - 추돌,신호위반,건조,맑음,교차로 - 교차로안,승용,남,24세,경상,화물,남,69세,중상
2016080300100114,2016년 8월 3일 08시,수요일,강원도 강릉시 강문동,경상사고,0,0,2,0,차대차 - 정면충돌,안전운전불이행,건조,맑음,교차로 - 교차로안,승합,남,56세,상해없음,승용,여,50세,경상
2016080300100143,2016년 8월 3일 09시,수요일,강원도 고성군 거진읍,중상사고,0,1,2,0,차대차 - 추돌,안전거리미확보,건조,맑음,단일로 - 기타,승용,남,64세,상해없음,화물,남,46세,중상
2016080300100171,2016년 8월 3일 10시,수요일,강원도 춘천시 약사동,경상사고,0,0,2,0,차대사람 - 차도통행중,안전운전불이행,건조,맑음,교차로 - 교차로안,이륜,남,82세,경상,보행자,남,86세,경상
2016080300100217,2016년 8월 3일 12시,수요일,강원도 춘천시 남산면,경상사고,0,0,2,0,차대차 - 측면직각충돌,중앙선침범,건조,맑음,단일로 - 기타,승용,남,47세,상해없음,화물,남,52세,상해없음
2016080300100218,2016년 8월 3일 12시,수요일,강원도 강릉시 안현동,경상사고,0,0,1,0,차대사람 - 기타,안전운전불이행,건조,맑음,단일로 - 기타,승용,남,59세,상해없음,보행자,남,10세,경상
2016080300100257,2016년 8월 3일 13시,수요일,강원도 강릉시 강동면,경상사고,0,0,2,0,차대차 - 측면직각충돌,안전운전불이행,건조,맑음,교차로 - 교차로안,승용,남,57세,상해없음,화물,남,52세,경상