사고번호,사고일시,요일,시군구,사고내용,사망자수,중상자수,경상자수,부상신고자수,사고유형,법규위반,노면상태,기상상태,도로형태,가해운전자 차종,가해운전자 성별,가해운전자 연령,가해운전자 상해정도,피해운전자 차종,피해운전자 성별,피해운전자 연령,피해운전자 상해정도
2016101500100279,2016년 10월 15일 12시,토요일,강원도 평창군 진부면,경상사고,0,0,2,0,차대차 - 추돌,안전운전불이행,건조,맑음,단일로 - 기타,승합,남,35세,상해없음,승용,남,60세,상해없음
2016101500100360,2016년 10월 15일 14시,토요일,강원도 춘천시 근화동,경상사고,0,0,1,1,차대차 - 측면직각충돌,기타,건조,맑음,단일로 - 기타,승용,여,45세,경상,건설기계,남,34세,상해없음
2016101500100361,2016년 10월 15일 14시,토요일,강원도 원주시 지정면,중상사고,0,2,0,0,차대차 - 정면충돌,안전운전불이행,건조,맑음,단일로 - 기타,승용,남,49세,상해없음,승용,남,36세,중상
2016101500100392,2016년 10월 15일 15시,토요일,강원도 철원군 철원읍,경상사고,0,0,1,0,차대차 - 측면충돌,안전운전불이행,건조,맑음,교차로 - 교차로부근,승합,여,39세,상해없음,자전거,남,24세,경상
2016101500100424,2016년 10월 15일 16시,토요일,강원도 춘천시 후평동,경상사고,0,0,1,0,차대차 - 측면직각충돌,중앙선침범,건조,맑음,단일로 - 기타,승용,남,64세,상해없음,원동기,남,41세,경상
2016101500100454,2016년 10월 15일 17시,토요일,강원도 춘천시 석사동,경상사고,0,0,1,0,차대사람 - 횡단중,안전운전불이행,건조,맑음,단일로 - 기타,승용,남,47세,상해없음,보행자,남,72세,경상
2016101500100455,2016년 10월 15일 17시,토요일,강원도 강릉시 성남동,경상사고,0,0,1,0,차대사람 - 길가장자리구역통행중,안전운전불이행,건조,맑음,단일로 - 기타,기타불명,기타불명,기타불명,기타불명,보행자,여,41세,경상
2016101500100456,2016년 10월 15일 17시,토요일,강원도 철원군 김화읍,경상사고,0,0,1,0,차대차 - 측면충돌,중앙선침범,건조,맑음,단일로 - 기타,화물,남,74세,상해없음,승용,남,35세,경상
2016101500100496,2016년 10월 15일 18시,토요일,강원도 속초시 교동,경상사고,0,0,1,0,차대사람 - 기타,보행자보호의무위반,건조,맑음,단일로 - 기타,승용,남,24세,상해없음,보행자,남,30세,경상
2016101500100497,2016년 10월 15일 18시,토요일,강원도 동해시 동회동,경상사고,0,0,1,0,차대차 - 측면직각충돌,안전운전불이행,건조,맑음,단일로 - 기타,화물,남,61세,상해없음,승용,남,62세,경상
2016101500100621,2016년 10월 15일 21시,토요일,강원도 원주시 중앙동,중상사고,0,1,0,0,차대차 - 정면충돌,교차로운행방법위반,건조,맑음,교차로 - 교차로부근,승용,남,61세,상해없음,승용,여,55세,중상
2016101500100648,2016년 10월 15일 22시,토요일,강원도 강릉시 견소동,경상사고,0,0,1,0,차대사람 - 기타,안전운전불이행,건조,맑음,단일로 - 기타,승용,남,53세,상해없음,보행자,여,55세,경상
2016101500100676,2016년 10월 15일 23시,토요일,강원도 원주시 단계동,중상사고,0,2,0,0,차대차 - 측면충돌,안전운전불이행,건조,맑음,단일로 - 기타,승용,남,59세,상해없음,이륜,남,16세,중상
2016101600100010,2016년 10월 16일 00시,일요일,강원도 원주시 무실동,중상사고,0,1,1,0,차대차 - 정면충돌,신호위반,건조,맑음,교차로 - 교차로안,승용,남,41세,상해없음,승용,남,52세,경상
2016101600100045,2016년 10월 16일 02시,일요일,강원도 춘천시 석사동,경상사고,0,0,1,0,차대차 - 추돌,안전운전불이행,건조,맑음,단일로 - 기타,승용,여,26세,상해없음,승용,남,30세,경상
2016101600100066,2016년 10월 16일 04시,일요일,강원도 춘천시 남산면,중상사고,0,1,0,0,차대차 - 정면충돌,중앙선침범,습기,안개,단일로 - 기타,승용,남,25세,상해없음,승용,여,56세,중상
2016101600100067,2016년 10월 16일 04시,일요일,강원도 춘천시 동면,경상사고,0,0,1,0,차대차 - 측면직각충돌,교차로운행방법위반,건조,맑음,교차로 - 교차로안,승용,남,51세,기타불명,승용,여,35세,경상
2016101600100204,2016년 10월 16일 13시,일요일,강원도 춘천시 신북읍,중상사고,0,1,6,0,차대차 - 기타,안전거리미확보,건조,맑음,단일로 - 터널,화물,남,40세,경상,화물,남,62세,상해없음
2016101600100205,2016년 10월 16일 13시,일요일,강원도 원주시 단구동,경상사고,0,0,1,0,차대차 - 기타,차로위반,건조,맑음,단일로 - 기타,승용,여,51세,상해없음,이륜,남,19세,경상
2016101600100249,2016년 10월 16일 14시,일요일,강원도 강릉시 연곡면,중상사고,0,5,0,0,차대차 - 정면충돌,중앙선침범,건조,맑음,단일로 - 기타,화물,남,63세,상해없음,승용,남,64세,중상
2016101600100322,2016년 10월 16일 16시,일요일,강원도 원주시 단구동,경상사고,0,0,1,0,차대차 - 측면충돌,교차로운행방법위반,건조,맑음,교차로 - 교차로부근,승용,남,62세,상해없음,승용,여,43세,경상
2016101600100405,2016년 10월 16일 18시,일요일,강원도 홍천군 홍천읍,경상사고,0,0,1,0,차대차 - 측면충돌,안전운전불이행,건조,맑음,단일로 - 기타,승용,남,56세,상해없음,승용,여,53세,경상
2016101600100406,2016년 10월 16일 18시,일요일,강원도 원주시 문막읍,경상사고,0,0,10,0,차대차 - 측면직각충돌,안전거리미확보,습기,비,단일로 - 기타,승용,여,50세,경상,승용,남,39세,경상
2016101600100456,2016년 10월 16일 19시,일요일,강원도 춘천시 교동,중상사고,0,1,0,0,차대차 - 기타,안전운전불이행,건조,맑음,단일로 - 기타,원동기,남,43세,중상,승용,남,52세,상해없음
2016101600100457,2016년 10월 16일 19시,일요일,강원도 춘천시 효자동,경상사고,0,0,2,0,차대차 - 측면직각충돌,안전거리미확보,건조,맑음,교차로 - 교차로안,승용,여,50세,경상,승용,여,47세,경상
2016101600100458,2016년 10월 16일 19시,일요일,강원도 삼척시 교동,경상사고,0,0,1,0,차대차 - 기타,안전운전불이행,습기,비,교차로 - 교차로부근,승용,남,63세,상해없음,승용,남,37세,경상
2016101600100459,2016년 10월 16일 19시,일요일,강원도 홍천군 내면,경상사고,0,0,2,0,차대차 - 추돌,안전운전불이행,건조,맑음,단일로 - 기타,승용,남,40세,상해없음,승합,남,61세,경상
2016101600100460,2016년 10월 16일 19시,일요일,강원도 인제군 남면,경상사고,0,0,2,0,차대차 - 추돌,안전운전불이행,건조,맑음,단일로 - 기타,승용,여,31세,상해없음,승용,남,41세,상해없음
2016101600100535,2016년 10월 16일 21시,일요일,강원도 강릉시 성산면,중상사고,0,1,2,0,차대차 - 추돌,안전거리미확보,습기,비,단일로 - 기타,승합,남,61세,상해없음,화물,남,45세,중상
2016101700100065,2016년 10월 17일 07시,월요일,강원도 횡성군 둔내면,사망사고,1,0,0,0,차대차 - 측면직각충돌,안전운전불이행,습기,안개,교차로 - 교차로안,특수,남,38세,상해없음,자전거,여,77세,사망
2016101700100066,2016년 10월 17일 07시,월요일,강원도 동해시 묵호진동,중상사고,0,1,0,0,차대차 - 측면직각충돌,교차로운행방법위반,건조,맑음,교차로 - 교차로안,화물,남,43세,상해없음,이륜,남,68세,중상
2016101700100106,2016년 10월 17일 08시,월요일,강원도 춘천시 소양로2가,중상사고,0,1,0,0,차대사람 - 횡단중,보행자보호의무위반,건조,맑음,교차로 - 교차로부근,승용,여,36세,상해없음,보행자,남,11세,중상
2016101700100107,2016년 10월 17일 08시,월요일,강원도 강릉시 죽헌동,경상사고,0,0,1,0,차대사람 - 횡단중,보행자보호의무위반,건조,맑음,교차로 - 교차로부근,승용,남,79세,상해없음,보행자,남,22세,경상
2016101700100108,2016년 10월 17일 08시,월요일,강원도 원주시 봉산동,경상사고,0,0,1,0,차대차 - 측면충돌,안전운전불이행,건조,맑음,교차로 - 교차로안,승용,남,47세,상해없음,자전거,남,72세,경상
2016101700100109,2016년 10월 17일 08시,월요일,강원도 홍천군 화촌면,경상사고,0,0,1,0,차대차 - 측면충돌,직진우회전진행방해,건조,맑음,단일로 - 기타,건설기계,남,48세,상해없음,승용,여,60세,경상
2016101700100110,2016년 10월 17일 08시,월요일,강원도 태백시 황지동,중상사고,0,1,0,0,차대사람 - 횡단중,보행자보호의무위반,건조,맑음,교차로 - 교차로부근,승용,남,46세,상해없음,보행자,남,78세,중상
2016101700100144,2016년 10월 17일 09시,월요일,강원도 원주시 무실동,경상사고,0,0,1,0,차대차 - 추돌,안전거리미확보,건조,맑음,단일로 - 기타,승용,남,45세,상해없음,승용,여,51세,경상
2016101700100211,2016년 10월 17일 11시,월요일,강원도 강릉시 사천면,중상사고,0,1,0,0,차대차 - 측면직각충돌,안전운전불이행,건조,맑음,단일로 - 기타,승용,여,46세,상해없음,농기계,남,76세,중상
2016101700100212,2016년 10월 17일 11시,월요일,강원도 강릉시 교동,경상사고,0,0,1,0,차대차 - 추돌,기타,건조,맑음,단일로 - 기타,승용,남,55세,상해없음,승용,남,26세,경상
2016101700100213,2016년 10월 17일 11시,월요일,강원도 원주시 문막읍,중상사고,0,1,0,0,차대사람 - 횡단중,안전운전불이행,건조,맑음,교차로 - 교차로부근,승용,남,46세,상해없음,보행자,남,75세,중상
2016101700100214,2016년 10월 17일 11시,월요일,강원도 동해시 천곡동,사망사고,1,0,0,0,차대사람 - 횡단중,안전운전불이행,건조,맑음,단일로 - 횡단보도상,승용,여,50세,상해없음,보행자,여,62세,사망
2016101700100320,2016년 10월 17일 14시,월요일,강원도 원주시 지정면,경상사고,0,0,1,0,차대차 - 측면충돌,신호위반,건조,맑음,교차로 - 교차로안,승합,남,56세,상해없음,화물,남,37세,경상
2016101700100321,2016년 10월 17일 14시,월요일,강원도 홍천군 홍천읍,경상사고,0,0,1,0,차대차 - 추돌,안전운전불이행,건조,맑음,교차로 - 교차로부근,승합,남,54세,상해없음,승합,남,73세,경상
2016101700100322,2016년 10월 17일 14시,월요일,강원도 철원군 동송읍,중상사고,0,1,0,0,차대사람 - 횡단중,안전운전불이행,건조,맑음,단일로 - 기타,화물,남,23세,상해없음,보행자,남,79세,중상
2016101700100361,2016년 10월 17일 15시,월요일,강원도 춘천시 석사동,경상사고,0,0,1,0,차대차 - 측면직각충돌,신호위반,건조,맑음,교차로 - 교차로안,승용,여,31세,상해없음,승용,여,37세,경상
2016101700100362,2016년 10월 17일 15시,월요일,강원도 춘천시 효자동,경상사고,0,0,1,0,차대차 - 추돌,교차로운행방법위반,건조,맑음,교차로 - 교차로안,승용,남,44세,기타불명,이륜,남,43세,경상
2016101700100364,2016년 10월 17일 15시,월요일,강원도 평창군 진부면,중상사고,0,1,0,0,차대차 - 측면직각충돌,중앙선침범,건조,맑음,단일로 - 기타,승용,남,46세,상해없음,이륜,남,76세,중상
2016101700100398,2016년 10월 17일 16시,월요일,강원도 원주시 단구동,경상사고,0,0,1,0,차대사람 - 횡단중,안전운전불이행,건조,맑음,단일로 - 기타,승용,여,26세,상해없음,보행자,여,62세,경상
2016101700100399,2016년 10월 17일 16시,월요일,강원도 속초시 중앙동,경상사고,0,0,1,0,차대차 - 추돌,안전운전불이행,건조,맑음,교차로 - 교차로부근,승용,남,59세,상해없음,승용,여,33세,경상
2016101700100400,2016년 10월 17일 16시,월요일,강원도 삼척시 남양동,경상사고,0,0,3,0,차대차 - 추돌,안전거리미확보,건조,맑음,단일로 - 기타,건설기계,남,56세,상해없음,승용,여,59세,경상
2016101700100401,2016년 10월 17일 16시,월요일,강원도 정선군 정선읍,경상사고,0,0,1,0,차대차 - 측면충돌,직진우회전진행방해,건조,맑음,교차로 - 교차로안,승합,남,51세,상해없음,승용,여,24세,상해없음
2016101700100402,2016년 10월 17일 16시,월요일,강원도 양구군 양구읍,경상사고,0,0,1,0,차대차 - 측면직각충돌,기타,건조,맑음,교차로 - 교차로안,승용,남,54세,상해없음,승용,남,45세,경상
2016101700100446,2016년 10월 17일 17시,월요일,강원도 화천군 간동면,중상사고,0,1,0,0,차대사람 - 보도통행중,안전운전불이행,건조,맑음,단일로 - 기타,화물,남,42세,상해없음,보행자,여,80세,중상
2016101700100447,2016년 10월 17일 17시,월요일,강원도 태백시 통동,경상사고,0,0,1,0,차대사람 - 횡단중,보행자보호의무위반,건조,맑음,단일로 - 횡단보도상,승합,남,27세,상해없음,보행자,남,9세,경상
2016101700100490,2016년 10월 17일 18시,월요일,강원도 춘천시 동면,경상사고,0,0,2,0,차대차 - 추돌,안전거리미확보,건조,맑음,단일로 - 기타,승용,여,48세,상해없음,승용,남,48세,경상
2016101700100491,2016년 10월 17일 18시,월요일,강원도 강릉시 교동,경상사고,0,0,1,0,차대사람 - 횡단중,안전운전불이행,건조,맑음,교차로 - 교차로안,이륜,남,23세,상해없음,보행자,여,45세,경상
2016101700100492,2016년 10월 17일 18시,월요일,강원도 원주시 무실동,중상사고,0,1,1,0,차대차 - 추돌,안전운전불이행,건조,맑음,단일로 - 기타,승용,여,43세,상해없음,승용,남,39세,중상
2016101700100493,2016년 10월 17일 18시,월요일,강원도 속초시 교동,경상사고,0,0,1,0,차대사람 - 횡단중,안전운전불이행,건조,맑음,단일로 - 기타,승용,여,33세,상해없음,보행자,남,62세,경상
2016101700100532,2016년 10월 17일 19시,월요일,강원도 강릉시 주문진읍,경상사고,0,0,1,0,차대사람 - 횡단중,안전운전불이행,건조,맑음,단일로 - 기타,승용,여,23세,상해없음,보행자,여,66세,경상
2016101700100533,2016년 10월 17일 19시,월요일,강원도 강릉시 유산동,경상사고,0,0,1,0,차대차 - 추돌,안전운전불이행,건조,맑음,단일로 - 기타,승용,남,25세,상해없음,승용,여,54세,경상
2016101700100534,2016년 10월 17일 19시,월요일,강원도 강릉시 교동,중상사고,0,1,1,0,차대차 - 측면충돌,신호위반,건조,기타,교차로 - 교차로안,원동기,남,19세,상해없음,승용,남,50세,경상
2016101700100535,2016년 10월 17일 19시,월요일,강원도 횡성군 공근면,중상사고,0,1,0,0,차대사람 - 차도통행중,안전운전불이행,건조,맑음,단일로 - 기타,승용,남,32세,상해없음,보행자,남,52세,중상
2016101700100622,2016년 10월 17일 21시,월요일,강원도 강릉시 포남동,경상사고,0,0,3,0,차대차 - 측면충돌,신호위반,건조,맑음,교차로 - 교차로안,승용,여,52세,상해없음,승용,여,45세,경상
2016101700100646,2016년 10월 17일 22시,월요일,강원도 원주시 무실동,경상사고,0,0,1,0,차대차 - 측면충돌,차로위반,건조,맑음,단일로 - 기타,승용,남,59세,상해없음,이륜,남,34세,경상
2016101700100670,2016년 10월 17일 23시,월요일,강원도 원주시 단구동,경상사고,0,0,2,0,차대차 - 추돌,안전거리미확보,건조,맑음,교차로 - 교차로안,승용,남,30세,상해없음,승합,남,55세,경상
2016101700100671,2016년 10월 17일 23시,월요일,강원도 원주시 태장동,경상사고,0,0,3,0,차대차 - 추돌,안전거리미확보,건조,맑음,교차로 - 교차로부근,승용,남,60세,경상,화물,여,55세,경상
2016101800100044,2016년 10월 18일 05시,화요일,강원도 삼척시 남양동,중상사고,0,1,1,0,차대차 - 측면직각충돌,신호위반,건조,맑음,교차로 - 교차로안,승용,남,28세,경상,승용,남,32세,중상
2016101800100045,2016년 10월 18일 05시,화요일,강원도 동해시 천곡동,경상사고,0,0,1,0,차대차 - 측면직각충돌,신호위반,건조,맑음,교차로 - 교차로안,승용,남,30세,상해없음,승용,여,52세,경상
2016101800100122,2016년 10월 18일 08시,화요일,강원도 춘천시 석사동,경상사고,0,0,1,0,차대차 - 측면직각충돌,교차로운행방법위반,건조,맑음,교차로 - 교차로안,승용,여,35세,상해없음,승용,남,52세,경상
2016101800100123,2016년 10월 18일 08시,화요일,강원도 원주시 흥업면,중상사고,0,1,1,0,차대차 - 정면충돌,안전거리미확보,건조,맑음,단일로 - 기타,건설기계,남,43세,상해없음,승합,남,58세,경상
2016101800100169,2016년 10월 18일 09시,화요일,강원도 강릉시 임당동,경상사고,0,0,1,0,차대차 - 추돌,안전운전불이행,건조,맑음,교차로 - 교차로안,승용,남,23세,상해없음,승용,남,55세,경상
2016101800100196,2016년 10월 18일 10시,화요일,강원도 태백시 철암동,경상사고,0,0,1,0,차대차 - 측면직각충돌,안전운전불이행,건조,맑음,단일로 - 기타,승용,여,54세,상해없음,화물,남,29세,경상
2016101800100197,2016년 10월 18일 10시,화요일,강원도 정선군 고한읍,경상사고,0,0,1,0,차대차 - 기타,불법유턴,건조,맑음,단일로 - 기타,승용,남,49세,상해없음,승용,남,55세,경상
2016101800100226,2016년 10월 18일 11시,화요일,강원도 춘천시 동면,경상사고,0,0,1,0,차대차 - 측면직각충돌,안전운전불이행,건조,맑음,단일로 - 기타,승용,남,68세,상해없음,승용,남,43세,경상
2016101800100227,2016년 10월 18일 11시,화요일,강원도 강릉시 주문진읍,경상사고,0,0,4,0,차대차 - 측면직각충돌,신호위반,건조,맑음,교차로 - 교차로안,승용,여,48세,경상,화물,남,49세,경상
2016101800100228,2016년 10월 18일 11시,화요일,강원도 인제군 북면,경상사고,0,0,2,0,차대차 - 기타,안전거리미확보,건조,맑음,단일로 - 기타,승합,남,46세,상해없음,승용,남,28세,경상
2016101800100253,2016년 10월 18일 12시,화요일,강원도 강릉시 주문진읍,경상사고,0,0,1,0,차대사람 - 차도통행중,안전운전불이행,건조,맑음,단일로 - 기타,승용,남,58세,상해없음,보행자,남,63세,경상
2016101800100254,2016년 10월 18일 12시,화요일,강원도 동해시 묵호진동,경상사고,0,0,1,0,차대차 - 추돌,안전운전불이행,건조,맑음,단일로 - 기타,승용,여,42세,상해없음,승용,남,68세,경상
2016101800100272,2016년 10월 18일 13시,화요일,강원도 춘천시 남산면,부상신고사고,0,0,0,2,차대차 - 추돌,교차로운행방법위반,건조,맑음,교차로 - 교차로안,승용,남,22세,상해없음,이륜,남,20세,부상신고
2016101800100273,2016년 10월 18일 13시,화요일,강원도 원주시 단계동,중상사고,0,1,0,0,차대차 - 기타,안전운전불이행,건조,맑음,교차로 - 교차로안,승용,여,49세,상해없음,이륜,남,48세,중상
2016101800100308,2016년 10월 18일 14시,화요일,강원도 춘천시 후평동,중상사고,0,1,1,0,차대차 - 측면직각충돌,신호위반,건조,맑음,교차로 - 교차로안,승용,여,56세,상해없음,승합,남,20세,중상
2016101800100309,2016년 10월 18일 14시,화요일,강원도 원주시 지정면,경상사고,0,0,1,0,차대차 - 정면충돌,중앙선침범,건조,맑음,단일로 - 기타,승용,남,34세,상해없음,특수,남,55세,경상
2016101800100344,2016년 10월 18일 15시,화요일,강원도 강릉시 사천면,경상사고,0,0,1,0,차대차 - 기타,안전운전불이행,건조,맑음,단일로 - 기타,화물,남,55세,상해없음,자전거,여,8세,경상
2016101800100378,2016년 10월 18일 16시,화요일,강원도 춘천시 죽림동,경상사고,0,0,1,0,차대사람 - 기타,안전운전불이행,건조,맑음,단일로 - 기타,승용,남,75세,상해없음,보행자,여,50세,경상
2016101800100414,2016년 10월 18일 17시,화요일,강원도 강릉시 홍제동,경상사고,0,0,1,0,차대차 - 측면직각충돌,신호위반,건조,맑음,교차로 - 교차로안,화물,남,28세,상해없음,승용,여,28세,경상
2016101800100415,2016년 10월 18일 17시,화요일,강원도 삼척시 가곡면,경상사고,0,0,1,0,차대차 - 기타,안전운전불이행,습기,비,교차로 - 교차로안,자전거,여,82세,경상,화물,남,62세,상해없음
2016101800100450,2016년 10월 18일 18시,화요일,강원도 춘천시 후평동,중상사고,0,1,3,0,차대차 - 측면직각충돌,신호위반,건조,맑음,교차로 - 교차로안,승합,남,70세,상해없음,승용,남,63세,중상
2016101800100451,2016년 10월 18일 18시,화요일,강원도 원주시 지정면,경상사고,0,0,1,0,차대사람 - 기타,안전운전불이행,건조,맑음,단일로 - 기타,승용,여,31세,상해없음,보행자,남,78세,경상
2016101800100452,2016년 10월 18일 18시,화요일,강원도 정선군 남면,경상사고,0,0,1,0,차대차 - 기타,안전운전불이행,건조,맑음,단일로 - 기타,승용,남,26세,상해없음,승용,남,52세,경상
2016101800100453,2016년 10월 18일 18시,화요일,강원도 동해시 평릉동,경상사고,0,0,1,0,차대차 - 측면직각충돌,안전운전불이행,건조,맑음,교차로 - 교차로안,승용,여,41세,상해없음,승용,여,48세,경상
2016101800100511,2016년 10월 18일 19시,화요일,강원도 춘천시 후평동,중상사고,0,2,0,0,차대차 - 측면직각충돌,직진우회전진행방해,건조,맑음,교차로 - 교차로안,승용,여,53세,상해없음,승용,여,33세,중상
2016101800100512,2016년 10월 18일 19시,화요일,강원도 속초시 조양동,경상사고,0,0,1,0,차대사람 - 횡단중,안전운전불이행,건조,맑음,교차로 - 교차로안,승용,남,47세,상해없음,보행자,여,52세,경상
2016101800100513,2016년 10월 18일 19시,화요일,강원도 속초시 교동,경상사고,0,0,2,0,차대차 - 측면직각충돌,안전운전불이행,건조,맑음,교차로 - 교차로안,승용,남,31세,상해없음,이륜,남,19세,경상
2016101800100616,2016년 10월 18일 22시,화요일,강원도 원주시 반곡동,중상사고,0,1,1,0,차대차 - 측면충돌,신호위반,건조,맑음,교차로 - 교차로안,승용,남,72세,상해없음,승용,여,58세,중상
2016101800100617,2016년 10월 18일 22시,화요일,강원도 철원군 철원읍,중상사고,0,1,0,0,차대사람 - 횡단중,안전운전불이행,건조,맑음,단일로 - 기타,승합,남,39세,상해없음,보행자,여,77세,중상
2016101900100012,2016년 10월 19일 00시,수요일,강원도 인제군 인제읍,사망사고,1,0,0,0,차량단독 - 전도전복,안전운전불이행,건조,맑음,단일로 - 기타,이륜,남,50세,사망,,,,
2016101900100062,2016년 10월 19일 06시,수요일,강원도 태백시 황지동,경상사고,0,0,2,0,차대차 - 측면직각충돌,교차로운행방법위반,기타,안개,교차로 - 교차로안,승용,여,44세,상해없음,승용,남,32세,경상
2016101900100081,2016년 10월 19일 07시,수요일,강원도 정선군 정선읍,경상사고,0,0,1,0,차대차 - 기타,교차로운행방법위반,건조,맑음,교차로 - 교차로안,승용,남,78세,상해없음,승용,남,52세,경상
2016101900100109,2016년 10월 19일 08시,수요일,강원도 원주시 학성동,경상사고,0,0,1,0,차대차 - 정면충돌,차로위반,건조,맑음,단일로 - 기타,이륜,남,76세,상해없음,승용,남,54세,상해없음
2016101900100145,2016년 10월 19일 09시,수요일,강원도 원주시 흥업면,중상사고,0,1,0,0,차대사람 - 횡단중,보행자보호의무위반,건조,맑음,교차로 - 교차로부근,승용,남,76세,상해없음,보행자,남,19세,중상
2016101900100146,2016년 10월 19일 09시,수요일,강원도 홍천군 동면,중상사고,0,1,0,0,차대차 - 측면충돌,중앙선침범,건조,맑음,단일로 - 기타,승용,여,72세,상해없음,이륜,남,67세,중상
2016101900100147,2016년 10월 19일 09시,수요일,강원도 동해시 북평동,중상사고,0,1,0,0,차대차 - 추돌,안전운전불이행,건조,맑음,단일로 - 기타,승용,여,51세,상해없음,화물,남,53세,상해없음
2016101900100175,2016년 10월 19일 10시,수요일,강원도 춘천시 후평동,경상사고,0,0,1,0,차대차 - 기타,안전운전불이행,건조,맑음,단일로 - 기타,승용,남,63세,상해없음,승용,남,34세,경상
2016101900100176,2016년 10월 19일 10시,수요일,강원도 강릉시 구정면,경상사고,0,0,1,0,차대차 - 추돌,안전운전불이행,건조,맑음,단일로 - 기타,특수,남,56세,기타불명,이륜,남,47세,경상
2016101900100208,2016년 10월 19일 11시,수요일,강원도 양양군 서면,경상사고,0,0,1,0,차대사람 - 차도통행중,안전운전불이행,건조,맑음,단일로 - 기타,승합,남,47세,상해없음,보행자,남,44세,경상
2016101900100209,2016년 10월 19일 11시,수요일,강원도 평창군 대관령면,경상사고,0,0,1,2,차대차 - 측면직각충돌,중앙선침범,건조,맑음,단일로 - 기타,승용,남,60세,상해없음,화물,남,65세,경상
2016101900100237,2016년 10월 19일 12시,수요일,강원도 동해시 천곡동,경상사고,0,0,1,0,차대차 - 추돌,안전거리미확보,건조,맑음,교차로 - 교차로부근,승용,남,33세,상해없음,승용,남,75세,경상
2016101900100266,2016년 10월 19일 13시,수요일,강원도 춘천시 근화동,경상사고,0,0,1,0,차대사람 - 횡단중,안전운전불이행,건조,맑음,교차로 - 교차로부근,승용,여,44세,상해없음,보행자,여,79세,경상
2016101900100267,2016년 10월 19일 13시,수요일,강원도 고성군 죽왕면,경상사고,0,0,1,0,차대차 - 기타,안전운전불이행,건조,맑음,기타 - 기타,승용,남,64세,상해없음,승용,남,61세,상해없음
2016101900100299,2016년 10월 19일 14시,수요일,강원도 원주시 가현동,중상사고,0,1,0,0,차대차 - 측면충돌,안전운전불이행,건조,맑음,교차로 - 교차로안,건설기계,남,55세,상해없음,승합,남,64세,중상
2016101900100341,2016년 10월 19일 15시,수요일,강원도 동해시 쇄운동,중상사고,0,1,0,0,차대사람 - 횡단중,보행자보호의무위반,건조,맑음,교차로 - 교차로부근,승용,남,40세,상해없음,보행자,남,7세,중상
2016101900100378,2016년 10월 19일 16시,수요일,강원도 춘천시 온의동,중상사고,0,1,3,0,차대차 - 기타,안전운전불이행,건조,맑음,교차로 - 교차로안,기타불명,기타불명,기타불명,기타불명,승합,남,47세,상해없음
2016101900100379,2016년 10월 19일 16시,수요일,강원도 철원군 근남면,중상사고,0,1,0,0,차대차 - 측면충돌,직진우회전진행방해,건조,맑음,교차로 - 교차로안,화물,남,58세,상해없음,원동기,남,66세,중상
2016101900100417,2016년 10월 19일 17시,수요일,강원도 강릉시 포남동,경상사고,0,0,2,0,차대사람 - 기타,보행자보호의무위반,건조,맑음,단일로 - 횡단보도상,승용,남,61세,상해없음,보행자,남,7세,경상
2016101900100456,2016년 10월 19일 18시,수요일,강원도 춘천시 후평동,경상사고,0,0,1,0,차대차 - 정면충돌,안전운전불이행,건조,맑음,단일로 - 기타,이륜,남,19세,상해없음,자전거,남,18세,경상
2016101900100457,2016년 10월 19일 18시,수요일,강원도 원주시 일산동,경상사고,0,0,1,0,차대사람 - 횡단중,안전운전불이행,건조,맑음,단일로 - 기타,이륜,남,17세,상해없음,보행자,여,14세,경상
2016101900100458,2016년 10월 19일 18시,수요일,강원도 원주시 태장동,경상사고,0,0,4,0,차대차 - 정면충돌,안전거리미확보,건조,맑음,단일로 - 기타,승용,남,48세,상해없음,승용,남,22세,경상
2016101900100459,2016년 10월 19일 18시,수요일,강원도 원주시 무실동,경상사고,0,0,1,0,차대차 - 추돌,안전운전불이행,건조,맑음,단일로 - 기타,승용,여,43세,기타불명,승용,남,56세,경상
2016101900100573,2016년 10월 19일 20시,수요일,강원도 원주시 문막읍,경상사고,0,0,2,0,차대차 - 기타,안전운전불이행,건조,맑음,단일로 - 기타,승용,남,60세,상해없음,승용,남,45세,경상
2016101900100659,2016년 10월 19일 23시,수요일,강원도 원주시 단구동,중상사고,0,1,3,0,차대차 - 추돌,안전거리미확보,건조,맑음,교차로 - 교차로부근,승용,남,37세,상해없음,승용,여,39세,경상
2016102000100022,2016년 10월 20일 01시,목요일,강원도 춘천시 석사동,중상사고,0,1,0,0,차대차 - 정면충돌,안전운전불이행,건조,맑음,단일로 - 기타,화물,남,19세,상해없음,이륜,남,40세,중상
2016102000100214,2016년 10월 20일 11시,목요일,강원도 원주시 소초면,중상사고,0,1,0,0,차대차 - 정면충돌,중앙선침범,건조,맑음,단일로 - 기타,승용,남,57세,상해없음,화물,남,60세,중상
2016102000100235,2016년 10월 20일 12시,목요일,강원도 삼척시 교동,중상사고,0,1,2,0,차대차 - 기타,중앙선침범,건조,맑음,교차로 - 교차로안,승용,남,28세,경상,화물,남,72세,경상