사고번호,사고일시,요일,시군구,사고내용,사망자수,중상자수,경상자수,부상신고자수,사고유형,법규위반,노면상태,기상상태,도로형태,가해운전자 차종,가해운전자 성별,가해운전자 연령,가해운전자 상해정도,피해운전자 차종,피해운전자 성별,피해운전자 연령,피해운전자 상해정도
2016102000100284,2016년 10월 20일 14시,목요일,강원도 평창군 평창읍,중상사고,0,2,1,0,차대차 - 측면직각충돌,중앙선침범,건조,맑음,단일로 - 기타,승용,여,54세,상해없음,승용,남,47세,중상
2016102000100285,2016년 10월 20일 14시,목요일,강원도 철원군 갈말읍,부상신고사고,0,0,0,1,차대차 - 측면직각충돌,안전운전불이행,건조,맑음,단일로 - 기타,승용,남,76세,상해없음,승용,남,29세,상해없음
2016102000100309,2016년 10월 20일 15시,목요일,강원도 춘천시 효자동,경상사고,0,0,1,0,차대사람 - 횡단중,신호위반,건조,맑음,단일로 - 기타,이륜,남,22세,상해없음,보행자,남,26세,경상
2016102000100310,2016년 10월 20일 15시,목요일,강원도 속초시 조양동,중상사고,0,1,1,0,차대차 - 측면충돌,신호위반,건조,맑음,교차로 - 교차로안,승용,여,49세,상해없음,승용,여,37세,중상
2016102000100341,2016년 10월 20일 16시,목요일,강원도 춘천시 온의동,경상사고,0,0,1,0,차대차 - 측면충돌,직진우회전진행방해,건조,맑음,교차로 - 교차로안,승용,남,71세,상해없음,승용,여,62세,경상
2016102000100342,2016년 10월 20일 16시,목요일,강원도 춘천시 석사동,경상사고,0,0,1,0,차대차 - 추돌,안전운전불이행,건조,맑음,교차로 - 교차로안,승용,남,81세,상해없음,승용,여,50세,경상
2016102000100343,2016년 10월 20일 16시,목요일,강원도 원주시 지정면,경상사고,0,0,4,0,차대차 - 추돌,안전거리미확보,건조,맑음,교차로 - 교차로안,건설기계,남,54세,상해없음,승용,여,64세,경상
2016102000100344,2016년 10월 20일 16시,목요일,강원도 평창군 평창읍,중상사고,0,1,0,0,차대사람 - 횡단중,안전운전불이행,건조,맑음,교차로 - 교차로안,건설기계,남,59세,상해없음,보행자,여,70세,중상
2016102000100381,2016년 10월 20일 17시,목요일,강원도 강릉시 내곡동,경상사고,0,0,1,0,차대차 - 추돌,안전운전불이행,습기,비,단일로 - 기타,화물,남,30세,상해없음,원동기,남,55세,경상
2016102000100433,2016년 10월 20일 18시,목요일,강원도 홍천군 북방면,경상사고,0,0,4,0,차대차 - 측면충돌,중앙선침범,건조,맑음,단일로 - 기타,승용,여,45세,상해없음,승용,남,30세,경상
2016102000100481,2016년 10월 20일 19시,목요일,강원도 강릉시 포남동,중상사고,0,1,0,0,차대차 - 기타,안전운전불이행,습기,비,단일로 - 기타,승용,남,46세,상해없음,이륜,남,37세,중상
2016102000100482,2016년 10월 20일 19시,목요일,강원도 원주시 개운동,경상사고,0,0,1,0,차대차 - 정면충돌,교차로운행방법위반,건조,맑음,교차로 - 교차로안,승용,여,33세,상해없음,승용,남,57세,경상
2016102000100483,2016년 10월 20일 19시,목요일,강원도 고성군 토성면,중상사고,0,1,0,0,차량단독 - 전도전복,안전운전불이행,건조,맑음,단일로 - 기타,승용,남,61세,상해없음,,,,
2016102000100513,2016년 10월 20일 20시,목요일,강원도 춘천시 퇴계동,경상사고,0,0,3,0,차대차 - 추돌,안전운전불이행,건조,맑음,교차로 - 교차로부근,승용,남,72세,상해없음,승용,남,59세,경상
2016102000100514,2016년 10월 20일 20시,목요일,강원도 양구군 방산면,사망사고,1,0,0,0,차량단독 - 전도전복,안전운전불이행,건조,맑음,단일로 - 기타,화물,남,61세,사망,,,,
2016102000100561,2016년 10월 20일 21시,목요일,강원도 동해시 천곡동,경상사고,0,0,1,0,차대사람 - 기타,안전운전불이행,건조,맑음,교차로 - 교차로부근,승용,남,58세,상해없음,보행자,남,30세,경상
2016102000100614,2016년 10월 20일 23시,목요일,강원도 춘천시 후평동,중상사고,0,1,0,0,차대사람 - 길가장자리구역통행중,안전운전불이행,건조,맑음,단일로 - 기타,승용,여,39세,상해없음,보행자,여,24세,중상
2016102100100012,2016년 10월 21일 00시,금요일,강원도 춘천시 효자동,경상사고,0,0,1,0,차대사람 - 차도통행중,안전운전불이행,건조,맑음,단일로 - 기타,승용,남,45세,상해없음,보행자,여,26세,경상
2016102100100061,2016년 10월 21일 04시,금요일,강원도 춘천시 사농동,경상사고,0,0,1,0,차대차 - 측면직각충돌,중앙선침범,건조,맑음,교차로 - 교차로안,화물,남,75세,상해없음,승용,남,32세,경상
2016102100100108,2016년 10월 21일 07시,금요일,강원도 원주시 호저면,중상사고,0,1,3,0,차대차 - 정면충돌,안전거리미확보,건조,맑음,단일로 - 기타,승용,남,33세,경상,승용,남,36세,경상
2016102100100109,2016년 10월 21일 07시,금요일,강원도 태백시 동점동,경상사고,0,0,1,0,차대차 - 측면직각충돌,교차로운행방법위반,습기,비,교차로 - 교차로안,승용,남,66세,상해없음,승용,남,68세,상해없음
2016102100100110,2016년 10월 21일 07시,금요일,강원도 태백시 황지동,경상사고,0,0,1,0,차대차 - 측면직각충돌,직진우회전진행방해,습기,비,교차로 - 교차로안,화물,남,66세,상해없음,승용,남,28세,경상
2016102100100146,2016년 10월 21일 08시,금요일,강원도 속초시 교동,경상사고,0,0,2,0,차대차 - 추돌,안전운전불이행,건조,맑음,교차로 - 교차로부근,승용,남,80세,상해없음,승용,여,36세,경상
2016102100100147,2016년 10월 21일 08시,금요일,강원도 속초시 교동,부상신고사고,0,0,0,1,차대사람 - 횡단중,안전운전불이행,건조,맑음,교차로 - 교차로부근,기타불명,기타불명,기타불명,기타불명,보행자,여,16세,부상신고
2016102100100148,2016년 10월 21일 08시,금요일,강원도 태백시 황지동,경상사고,0,0,2,0,차대차 - 추돌,안전운전불이행,습기,비,단일로 - 기타,승용,남,45세,상해없음,승용,여,60세,경상
2016102100100247,2016년 10월 21일 11시,금요일,강원도 강릉시 입암동,경상사고,0,0,1,0,차대사람 - 횡단중,안전운전불이행,건조,맑음,기타 - 기타,승용,여,58세,상해없음,보행자,여,84세,경상
2016102100100248,2016년 10월 21일 11시,금요일,강원도 원주시 단계동,경상사고,0,0,2,0,차대차 - 측면충돌,안전운전불이행,건조,맑음,단일로 - 기타,승용,남,50세,상해없음,승용,여,57세,경상
2016102100100249,2016년 10월 21일 11시,금요일,강원도 원주시 호저면,경상사고,0,0,4,0,차대차 - 추돌,안전거리미확보,건조,맑음,단일로 - 기타,승용,남,59세,상해없음,승용,남,40세,경상
2016102100100273,2016년 10월 21일 12시,금요일,강원도 춘천시 퇴계동,경상사고,0,0,1,0,차대차 - 측면직각충돌,직진우회전진행방해,건조,맑음,교차로 - 교차로안,승용,남,37세,상해없음,승용,여,50세,경상
2016102100100302,2016년 10월 21일 13시,금요일,강원도 횡성군 공근면,중상사고,0,1,0,0,차대사람 - 기타,안전운전불이행,건조,맑음,단일로 - 기타,화물,남,43세,상해없음,보행자,남,61세,중상
2016102100100338,2016년 10월 21일 14시,금요일,강원도 영월군 남면,중상사고,0,1,0,0,차대사람 - 기타,안전운전불이행,건조,기타,기타 - 기타,승용,남,23세,상해없음,보행자,남,56세,중상
2016102100100417,2016년 10월 21일 16시,금요일,강원도 속초시 중앙동,중상사고,0,1,0,0,차대사람 - 횡단중,안전운전불이행,건조,맑음,단일로 - 기타,화물,남,55세,상해없음,보행자,여,55세,중상
2016102100100418,2016년 10월 21일 16시,금요일,강원도 삼척시 정상동,경상사고,0,0,1,0,차대차 - 추돌,안전운전불이행,건조,맑음,단일로 - 기타,승용,남,64세,상해없음,화물,남,57세,경상
2016102100100419,2016년 10월 21일 16시,금요일,강원도 철원군 갈말읍,사망사고,1,0,0,0,차대차 - 추돌,안전운전불이행,건조,맑음,단일로 - 기타,화물,남,52세,사망,건설기계,남,62세,상해없음
2016102100100452,2016년 10월 21일 17시,금요일,강원도 춘천시 온의동,부상신고사고,0,0,0,1,차대차 - 측면직각충돌,안전운전불이행,건조,맑음,단일로 - 기타,화물,남,58세,상해없음,승용,남,49세,부상신고
2016102100100453,2016년 10월 21일 17시,금요일,강원도 춘천시 우두동,경상사고,0,0,2,0,차대차 - 측면직각충돌,직진우회전진행방해,건조,맑음,교차로 - 교차로안,승용,남,54세,상해없음,승용,남,55세,경상
2016102100100493,2016년 10월 21일 18시,금요일,강원도 강릉시 홍제동,중상사고,0,1,0,0,차대사람 - 횡단중,안전운전불이행,건조,맑음,교차로 - 교차로안,승용,여,39세,상해없음,보행자,여,60세,중상
2016102100100494,2016년 10월 21일 18시,금요일,강원도 원주시 무실동,중상사고,0,1,1,0,차대차 - 측면충돌,안전거리미확보,건조,맑음,단일로 - 기타,화물,남,47세,상해없음,승용,남,63세,경상
2016102100100495,2016년 10월 21일 18시,금요일,강원도 원주시 단구동,경상사고,0,0,1,0,차대차 - 측면충돌,안전거리미확보,건조,맑음,단일로 - 기타,승용,남,45세,상해없음,승용,남,54세,경상
2016102100100496,2016년 10월 21일 18시,금요일,강원도 홍천군 내촌면,경상사고,0,0,1,0,차대사람 - 길가장자리구역통행중,안전운전불이행,건조,맑음,단일로 - 기타,승용,여,61세,상해없음,보행자,남,71세,경상
2016102100100497,2016년 10월 21일 18시,금요일,강원도 홍천군 홍천읍,중상사고,0,1,0,0,차대차 - 기타,안전운전불이행,건조,맑음,단일로 - 기타,승용,남,67세,상해없음,승용,남,75세,상해없음
2016102100100572,2016년 10월 21일 19시,금요일,강원도 춘천시 퇴계동,경상사고,0,0,1,0,차대차 - 추돌,안전운전불이행,건조,맑음,단일로 - 기타,승용,남,44세,상해없음,승합,남,62세,상해없음
2016102100100573,2016년 10월 21일 19시,금요일,강원도 원주시 우산동,중상사고,0,1,2,0,차대차 - 추돌,직진우회전진행방해,건조,맑음,교차로 - 교차로안,승용,남,50세,경상,승용,남,69세,경상
2016102100100574,2016년 10월 21일 19시,금요일,강원도 속초시 대포동,경상사고,0,0,2,0,차대차 - 측면직각충돌,안전거리미확보,건조,맑음,단일로 - 기타,화물,남,52세,상해없음,승용,남,43세,경상
2016102100100575,2016년 10월 21일 19시,금요일,강원도 평창군 미탄면,중상사고,0,1,0,0,차량단독 - 공작물충돌,안전운전불이행,건조,맑음,단일로 - 기타,승용,남,66세,상해없음,,,,
2016102100100634,2016년 10월 21일 20시,금요일,강원도 춘천시 퇴계동,경상사고,0,0,1,0,차대차 - 측면충돌,안전운전불이행,건조,맑음,교차로 - 교차로부근,승용,여,42세,상해없음,자전거,남,66세,경상
2016102100100635,2016년 10월 21일 20시,금요일,강원도 원주시 단계동,경상사고,0,0,1,0,차대차 - 추돌,안전거리미확보,건조,맑음,교차로 - 교차로부근,화물,남,46세,상해없음,승용,여,48세,경상
2016102100100682,2016년 10월 21일 21시,금요일,강원도 원주시 관설동,중상사고,0,1,1,0,차대차 - 측면충돌,안전거리미확보,건조,맑음,단일로 - 기타,승용,남,27세,상해없음,이륜,남,18세,경상
2016102100100683,2016년 10월 21일 21시,금요일,강원도 원주시 문막읍,중상사고,0,1,0,1,차대차 - 추돌,교차로운행방법위반,건조,맑음,교차로 - 교차로안,승용,남,46세,상해없음,이륜,남,23세,중상
2016102100100684,2016년 10월 21일 21시,금요일,강원도 원주시 평원동,중상사고,0,3,12,0,차대차 - 측면충돌,신호위반,건조,맑음,교차로 - 교차로안,승용,남,18세,경상,승합,남,54세,중상
2016102100100720,2016년 10월 21일 22시,금요일,강원도 강릉시 교동,경상사고,0,0,3,0,차대차 - 측면충돌,안전운전불이행,건조,맑음,교차로 - 교차로안,승용,남,61세,상해없음,승용,남,35세,경상
2016102100100721,2016년 10월 21일 22시,금요일,강원도 원주시 단구동,경상사고,0,0,1,0,차대차 - 추돌,안전거리미확보,건조,맑음,단일로 - 기타,승용,여,50세,상해없음,승용,남,36세,경상
2016102100100722,2016년 10월 21일 22시,금요일,강원도 원주시 단구동,경상사고,0,0,2,0,차대차 - 측면충돌,안전운전불이행,건조,맑음,교차로 - 교차로부근,승용,여,43세,상해없음,승용,남,23세,상해없음
2016102100100723,2016년 10월 21일 22시,금요일,강원도 원주시 단계동,경상사고,0,0,1,0,차대사람 - 보도통행중,안전운전불이행,건조,맑음,단일로 - 기타,승용,여,24세,상해없음,보행자,여,34세,경상
2016102100100754,2016년 10월 21일 23시,금요일,강원도 홍천군 남면,경상사고,0,0,1,0,차대차 - 측면충돌,교차로운행방법위반,건조,맑음,교차로 - 교차로안,승용,남,29세,상해없음,승합,여,42세,경상
2016102200100025,2016년 10월 22일 01시,토요일,강원도 원주시 단구동,경상사고,0,0,2,0,차대차 - 측면충돌,신호위반,건조,맑음,단일로 - 기타,승용,남,43세,상해없음,승용,남,25세,경상
2016102200100106,2016년 10월 22일 07시,토요일,강원도 춘천시 근화동,중상사고,0,1,0,0,차대차 - 측면충돌,신호위반,건조,맑음,단일로 - 횡단보도상,승용,남,47세,상해없음,자전거,남,79세,중상
2016102200100146,2016년 10월 22일 09시,토요일,강원도 횡성군 갑천면,중상사고,0,1,0,0,차대차 - 측면직각충돌,중앙선침범,건조,맑음,단일로 - 기타,이륜,남,85세,상해없음,승용,남,77세,상해없음
2016102200100169,2016년 10월 22일 10시,토요일,강원도 춘천시 신북읍,중상사고,0,1,0,0,차대차 - 정면충돌,안전운전불이행,건조,맑음,단일로 - 기타,화물,남,51세,상해없음,자전거,남,61세,중상
2016102200100170,2016년 10월 22일 10시,토요일,강원도 원주시 판부면,중상사고,0,1,1,0,차대차 - 측면충돌,교차로운행방법위반,건조,맑음,교차로 - 교차로부근,승용,남,69세,상해없음,승용,남,62세,경상
2016102200100199,2016년 10월 22일 11시,토요일,강원도 강릉시 명주동,중상사고,0,2,1,0,차대차 - 기타,안전운전불이행,건조,맑음,교차로 - 교차로부근,이륜,남,45세,상해없음,승용,남,61세,상해없음
2016102200100200,2016년 10월 22일 11시,토요일,강원도 양양군 서면,중상사고,0,1,2,0,차대차 - 추돌,안전운전불이행,건조,맑음,단일로 - 기타,승용,남,56세,상해없음,승용,남,40세,경상
2016102200100235,2016년 10월 22일 12시,토요일,강원도 강릉시 포남동,경상사고,0,0,1,0,차대차 - 추돌,안전운전불이행,건조,맑음,단일로 - 기타,화물,남,45세,상해없음,승용,남,28세,경상
2016102200100236,2016년 10월 22일 12시,토요일,강원도 영월군 영월읍,중상사고,0,1,0,0,차대차 - 측면직각충돌,안전운전불이행,건조,맑음,단일로 - 기타,원동기,남,48세,중상,승용,남,61세,상해없음
2016102200100277,2016년 10월 22일 13시,토요일,강원도 홍천군 내면,경상사고,0,0,1,0,차대사람 - 횡단중,안전운전불이행,건조,맑음,단일로 - 기타,승용,남,38세,상해없음,보행자,남,73세,경상
2016102200100278,2016년 10월 22일 13시,토요일,강원도 태백시 황지동,경상사고,0,0,2,0,차대차 - 측면충돌,신호위반,건조,맑음,교차로 - 교차로안,승용,여,32세,상해없음,승용,남,75세,경상
2016102200100352,2016년 10월 22일 15시,토요일,강원도 원주시 원동,중상사고,0,1,0,0,차대사람 - 보도통행중,보행자보호의무위반,건조,맑음,교차로 - 교차로안,승합,남,24세,기타불명,보행자,남,62세,중상
2016102200100420,2016년 10월 22일 17시,토요일,강원도 춘천시 서면,중상사고,0,1,3,0,차대차 - 측면충돌,교차로운행방법위반,건조,맑음,교차로 - 교차로안,화물,남,38세,상해없음,승용,남,50세,경상
2016102200100460,2016년 10월 22일 18시,토요일,강원도 춘천시 서면,경상사고,0,0,1,0,차대사람 - 횡단중,안전운전불이행,건조,맑음,단일로 - 기타,승용,남,72세,상해없음,보행자,여,57세,경상
2016102200100461,2016년 10월 22일 18시,토요일,강원도 강릉시 포남동,경상사고,0,0,2,0,차대차 - 정면충돌,안전운전불이행,건조,맑음,교차로 - 교차로안,승용,남,31세,상해없음,화물,남,35세,경상
2016102200100462,2016년 10월 22일 18시,토요일,강원도 강릉시 노암동,경상사고,0,0,3,0,차대차 - 추돌,안전운전불이행,건조,맑음,교차로 - 교차로부근,승용,남,48세,상해없음,승용,남,61세,경상
2016102200100524,2016년 10월 22일 19시,토요일,강원도 원주시 일산동,경상사고,0,0,2,0,차대차 - 측면충돌,안전운전불이행,건조,맑음,단일로 - 기타,승용,남,57세,상해없음,이륜,남,19세,경상
2016102200100525,2016년 10월 22일 19시,토요일,강원도 삼척시 우지동,중상사고,0,1,1,0,차대차 - 측면충돌,신호위반,건조,맑음,교차로 - 교차로안,승용,여,45세,상해없음,승용,남,34세,중상
2016102200100555,2016년 10월 22일 20시,토요일,강원도 춘천시 조양동,경상사고,0,0,2,0,차대사람 - 횡단중,안전운전불이행,건조,맑음,단일로 - 기타,승용,남,29세,상해없음,보행자,여,28세,경상
2016102200100556,2016년 10월 22일 20시,토요일,강원도 원주시 신림면,경상사고,0,0,3,0,차대차 - 정면충돌,중앙선침범,건조,맑음,단일로 - 기타,승용,남,31세,경상,승용,남,57세,경상
2016102200100557,2016년 10월 22일 20시,토요일,강원도 양양군 양양읍,중상사고,0,1,0,0,차대사람 - 횡단중,안전운전불이행,습기,비,교차로 - 교차로안,승용,여,52세,상해없음,보행자,남,59세,중상
2016102200100580,2016년 10월 22일 21시,토요일,강원도 춘천시 석사동,경상사고,0,0,2,0,차대차 - 추돌,안전운전불이행,건조,맑음,단일로 - 기타,승용,여,50세,상해없음,승용,남,26세,경상
2016102200100608,2016년 10월 22일 22시,토요일,강원도 속초시 조양동,중상사고,0,1,0,0,차대차 - 측면직각충돌,안전운전불이행,습기,비,단일로 - 기타,승용,남,53세,상해없음,이륜,남,58세,중상
2016102200100609,2016년 10월 22일 22시,토요일,강원도 양양군 강현면,중상사고,0,1,0,0,차대사람 - 기타,안전운전불이행,습기,비,단일로 - 기타,승용,남,31세,상해없음,보행자,남,38세,중상
2016102200100632,2016년 10월 22일 23시,토요일,강원도 속초시 조양동,경상사고,0,0,1,2,차대차 - 추돌,안전운전불이행,습기,비,단일로 - 기타,승용,남,20세,상해없음,승합,남,40세,경상
2016102300100035,2016년 10월 23일 01시,일요일,강원도 강릉시 남문동,경상사고,0,0,3,0,차대차 - 측면충돌,신호위반,습기,비,교차로 - 교차로안,승용,남,48세,상해없음,승용,남,41세,상해없음
2016102300100051,2016년 10월 23일 03시,일요일,강원도 원주시 소초면,중상사고,0,2,0,0,차량단독 - 전도전복,안전운전불이행,건조,맑음,단일로 - 기타,승용,남,23세,중상,,,,
2016102300100075,2016년 10월 23일 05시,일요일,강원도 춘천시 동면,경상사고,0,0,1,0,차대차 - 측면직각충돌,신호위반,건조,맑음,교차로 - 교차로안,승용,남,45세,상해없음,승용,남,67세,경상
2016102300100097,2016년 10월 23일 07시,일요일,강원도 횡성군 안흥면,중상사고,0,2,1,0,차대차 - 측면직각충돌,중앙선침범,건조,맑음,교차로 - 교차로부근,승용,남,35세,중상,화물,남,57세,중상
2016102300100152,2016년 10월 23일 10시,일요일,강원도 원주시 명륜동,중상사고,0,1,0,0,차대차 - 정면충돌,신호위반,건조,맑음,교차로 - 교차로안,이륜,여,72세,중상,승용,남,56세,상해없음
2016102300100198,2016년 10월 23일 12시,일요일,강원도 강릉시 교동,경상사고,0,0,2,0,차대차 - 기타,안전운전불이행,건조,맑음,교차로 - 교차로안,승용,여,38세,상해없음,화물,남,36세,경상
2016102300100215,2016년 10월 23일 13시,일요일,강원도 춘천시 신북읍,경상사고,0,0,3,0,차대차 - 측면직각충돌,직진우회전진행방해,건조,맑음,교차로 - 교차로안,화물,남,60세,상해없음,승용,남,66세,경상
2016102300100243,2016년 10월 23일 14시,일요일,강원도 영월군 주천면,중상사고,0,1,0,0,차대차 - 측면직각충돌,중앙선침범,습기,비,단일로 - 기타,승용,남,71세,상해없음,승용,여,52세,중상
2016102300100263,2016년 10월 23일 15시,일요일,강원도 원주시 무실동,중상사고,0,2,0,0,차대차 - 정면충돌,안전거리미확보,건조,맑음,단일로 - 기타,승용,남,34세,상해없음,승용,여,53세,중상
2016102300100264,2016년 10월 23일 15시,일요일,강원도 평창군 진부면,중상사고,0,1,2,0,차대차 - 측면충돌,안전운전불이행,습기,비,단일로 - 기타,승용,남,55세,상해없음,승용,남,53세,경상
2016102300100296,2016년 10월 23일 16시,일요일,강원도 춘천시 동내면,경상사고,0,0,1,0,차대차 - 기타,직진우회전진행방해,건조,맑음,교차로 - 교차로안,승용,남,60세,상해없음,원동기,남,40세,경상
2016102300100297,2016년 10월 23일 16시,일요일,강원도 춘천시 온의동,경상사고,0,0,1,0,차대차 - 측면충돌,안전운전불이행,건조,맑음,단일로 - 기타,승용,남,22세,상해없음,승용,여,50세,경상
2016102300100298,2016년 10월 23일 16시,일요일,강원도 원주시 우산동,중상사고,0,1,6,0,차대차 - 정면충돌,안전운전불이행,습기,비,단일로 - 기타,승용,남,22세,경상,승용,남,53세,경상
2016102300100339,2016년 10월 23일 17시,일요일,강원도 속초시 교동,경상사고,0,0,1,0,차대차 - 추돌,안전운전불이행,건조,맑음,단일로 - 기타,승용,여,59세,상해없음,승용,여,41세,경상
2016102300100340,2016년 10월 23일 17시,일요일,강원도 고성군 거진읍,사망사고,1,0,0,0,차량단독 - 전도전복,안전운전불이행,습기,흐림,단일로 - 기타,승용,남,57세,사망,,,,
2016102300100384,2016년 10월 23일 18시,일요일,강원도 철원군 근남면,경상사고,0,0,2,0,차대차 - 추돌,안전거리미확보,건조,맑음,단일로 - 기타,승용,여,26세,경상,건설기계,남,53세,상해없음
2016102300100444,2016년 10월 23일 19시,일요일,강원도 강릉시 홍제동,경상사고,0,0,4,0,차대차 - 추돌,안전운전불이행,건조,맑음,교차로 - 교차로부근,화물,남,64세,상해없음,승용,남,39세,경상
2016102300100445,2016년 10월 23일 19시,일요일,강원도 속초시 조양동,중상사고,0,1,0,0,차대차 - 측면충돌,안전운전불이행,건조,맑음,교차로 - 교차로안,승용,여,25세,상해없음,승용,남,57세,상해없음
2016102300100446,2016년 10월 23일 19시,일요일,강원도 영월군 영월읍,중상사고,0,1,0,0,차대사람 - 기타,안전운전불이행,건조,맑음,단일로 - 기타,승용,여,42세,상해없음,보행자,남,54세,중상
2016102300100447,2016년 10월 23일 19시,일요일,강원도 동해시 묵호진동,경상사고,0,0,2,0,차대차 - 측면충돌,안전운전불이행,습기,흐림,단일로 - 기타,승용,남,27세,상해없음,승용,여,30세,경상
2016102300100519,2016년 10월 23일 21시,일요일,강원도 춘천시 온의동,경상사고,0,0,1,0,차대사람 - 길가장자리구역통행중,안전운전불이행,건조,맑음,교차로 - 교차로안,승합,남,44세,상해없음,보행자,남,51세,경상
2016102300100520,2016년 10월 23일 21시,일요일,강원도 춘천시 남산면,경상사고,0,0,2,0,차대차 - 측면충돌,안전거리미확보,건조,맑음,단일로 - 기타,승용,남,72세,상해없음,승용,남,20세,상해없음
2016102300100521,2016년 10월 23일 21시,일요일,강원도 원주시 인동,경상사고,0,0,1,0,차대차 - 측면충돌,안전거리미확보,건조,맑음,단일로 - 기타,승용,남,42세,상해없음,승용,남,53세,경상
2016102300100551,2016년 10월 23일 22시,일요일,강원도 춘천시 석사동,경상사고,0,0,4,0,차대차 - 측면직각충돌,신호위반,건조,맑음,교차로 - 교차로안,승용,남,55세,상해없음,승용,여,38세,경상
2016102300100552,2016년 10월 23일 22시,일요일,강원도 강릉시 구정면,중상사고,0,1,0,0,차량단독 - 전도전복,안전운전불이행,건조,흐림,단일로 - 기타,원동기,남,58세,중상,,,,
2016102400100029,2016년 10월 24일 04시,월요일,강원도 철원군 갈말읍,중상사고,0,1,0,0,차량단독 - 전도전복,안전운전불이행,건조,맑음,교차로 - 교차로부근,승용,남,18세,상해없음,,,,
2016102400100033,2016년 10월 24일 05시,월요일,강원도 원주시 중앙동,중상사고,0,1,0,0,차대차 - 정면충돌,안전운전불이행,건조,맑음,단일로 - 기타,승용,여,64세,상해없음,자전거,남,72세,중상
2016102400100034,2016년 10월 24일 05시,월요일,강원도 원주시 단계동,경상사고,0,0,1,0,차대차 - 정면충돌,안전운전불이행,건조,맑음,교차로 - 교차로부근,승용,남,64세,상해없음,자전거,남,59세,경상
2016102400100035,2016년 10월 24일 05시,월요일,강원도 원주시 태장동,경상사고,0,0,1,0,차대사람 - 횡단중,안전운전불이행,건조,맑음,교차로 - 교차로안,승용,남,43세,상해없음,보행자,남,48세,경상
2016102400100036,2016년 10월 24일 05시,월요일,강원도 양구군 양구읍,중상사고,0,1,0,0,차대사람 - 횡단중,안전운전불이행,건조,흐림,교차로 - 교차로부근,승용,남,50세,상해없음,보행자,남,75세,중상
2016102400100050,2016년 10월 24일 06시,월요일,강원도 원주시 판부면,경상사고,0,0,1,0,차대차 - 정면충돌,중앙선침범,건조,맑음,단일로 - 기타,승용,남,29세,상해없음,승용,남,45세,경상
2016102400100122,2016년 10월 24일 08시,월요일,강원도 춘천시 효자동,경상사고,0,0,1,0,차대사람 - 차도통행중,교차로운행방법위반,건조,맑음,교차로 - 교차로안,승용,남,54세,상해없음,보행자,남,73세,경상
2016102400100123,2016년 10월 24일 08시,월요일,강원도 원주시 단계동,경상사고,0,0,1,1,차대차 - 측면충돌,교차로운행방법위반,건조,맑음,단일로 - 기타,화물,남,31세,부상신고,승용,여,42세,경상
2016102400100124,2016년 10월 24일 08시,월요일,강원도 속초시 교동,경상사고,0,0,1,0,차대차 - 측면직각충돌,안전운전불이행,건조,맑음,교차로 - 교차로안,승합,여,37세,상해없음,승용,여,40세,경상
2016102400100125,2016년 10월 24일 08시,월요일,강원도 영월군 남면,중상사고,0,2,0,0,차대차 - 기타,기타,건조,맑음,단일로 - 교량,특수,남,47세,상해없음,승용,남,77세,중상
2016102400100176,2016년 10월 24일 09시,월요일,강원도 춘천시 운교동,경상사고,0,0,1,0,차대차 - 측면충돌,신호위반,건조,맑음,교차로 - 교차로안,승용,남,25세,상해없음,이륜,남,24세,경상
2016102400100205,2016년 10월 24일 10시,월요일,강원도 삼척시 원덕읍,중상사고,0,2,0,0,차대차 - 측면직각충돌,안전거리미확보,건조,맑음,단일로 - 기타,건설기계,남,57세,상해없음,승용,남,64세,중상
2016102400100242,2016년 10월 24일 11시,월요일,강원도 태백시 화전동,경상사고,0,0,1,0,차대차 - 측면직각충돌,안전운전불이행,건조,맑음,교차로 - 교차로안,승용,남,57세,상해없음,건설기계,남,39세,상해없음
2016102400100273,2016년 10월 24일 12시,월요일,강원도 강릉시 교동,중상사고,0,1,1,0,차대차 - 추돌,신호위반,건조,맑음,교차로 - 교차로안,승용,여,53세,상해없음,승용,여,33세,경상
2016102400100274,2016년 10월 24일 12시,월요일,강원도 원주시 소초면,중상사고,0,1,0,0,차대차 - 추돌,안전거리미확보,건조,맑음,단일로 - 기타,승용,남,78세,상해없음,승용,남,41세,중상
2016102400100275,2016년 10월 24일 12시,월요일,강원도 삼척시 근덕면,경상사고,0,0,5,0,차대차 - 정면충돌,중앙선침범,건조,맑음,단일로 - 기타,승용,남,36세,상해없음,승합,남,54세,상해없음
2016102400100303,2016년 10월 24일 13시,월요일,강원도 강릉시 남문동,경상사고,0,0,1,0,차대차 - 측면충돌,안전운전불이행,건조,맑음,교차로 - 교차로안,승용,여,50세,상해없음,승용,여,51세,경상
2016102400100304,2016년 10월 24일 13시,월요일,강원도 강릉시 성내동,경상사고,0,0,3,0,차량단독 - 기타,안전운전불이행,건조,맑음,단일로 - 기타,승합,남,56세,경상,,,,
2016102400100305,2016년 10월 24일 13시,월요일,강원도 고성군 현내면,경상사고,0,0,2,0,차대차 - 정면충돌,중앙선침범,건조,맑음,단일로 - 기타,건설기계,남,52세,경상,화물,남,55세,경상