사고번호,사고일시,요일,시군구,사고내용,사망자수,중상자수,경상자수,부상신고자수,사고유형,법규위반,노면상태,기상상태,도로형태,가해운전자 차종,가해운전자 성별,가해운전자 연령,가해운전자 상해정도,피해운전자 차종,피해운전자 성별,피해운전자 연령,피해운전자 상해정도
2016110800100146,2016년 11월 8일 09시,화요일,강원도 원주시 단구동,중상사고,0,1,4,0,차대차 - 기타,안전운전불이행,건조,맑음,교차로 - 교차로안,승용,여,59세,중상,승용,여,36세,경상
2016110800100202,2016년 11월 8일 11시,화요일,강원도 강릉시 주문진읍,경상사고,0,0,1,0,차대차 - 측면충돌,안전운전불이행,건조,맑음,교차로 - 교차로안,승용,여,31세,상해없음,승용,여,45세,경상
2016110800100222,2016년 11월 8일 12시,화요일,강원도 춘천시 후평동,중상사고,0,1,0,0,차대차 - 측면직각충돌,안전운전불이행,건조,맑음,교차로 - 교차로부근,승용,남,69세,상해없음,자전거,남,82세,중상
2016110800100223,2016년 11월 8일 12시,화요일,강원도 강릉시 왕산면,경상사고,0,0,1,0,차대사람 - 기타,안전운전불이행,건조,맑음,교차로 - 교차로부근,승용,여,56세,상해없음,보행자,남,71세,경상
2016110800100224,2016년 11월 8일 12시,화요일,강원도 삼척시 원덕읍,중상사고,0,1,0,0,차대사람 - 차도통행중,안전운전불이행,건조,맑음,단일로 - 기타,승용,남,77세,상해없음,보행자,여,82세,중상
2016110800100225,2016년 11월 8일 12시,화요일,강원도 삼척시 도계읍,중상사고,0,1,1,0,차대차 - 측면직각충돌,안전운전불이행,건조,맑음,단일로 - 기타,화물,남,67세,중상,승용,남,29세,경상
2016110800100253,2016년 11월 8일 13시,화요일,강원도 원주시 단구동,경상사고,0,0,1,0,차대사람 - 횡단중,안전운전불이행,건조,맑음,교차로 - 교차로부근,화물,남,51세,상해없음,보행자,여,15세,경상
2016110800100287,2016년 11월 8일 14시,화요일,강원도 원주시 문막읍,중상사고,0,2,0,0,차대차 - 정면충돌,안전거리미확보,건조,맑음,단일로 - 기타,승용,여,72세,상해없음,승용,여,53세,중상
2016110800100288,2016년 11월 8일 14시,화요일,강원도 동해시 천곡동,경상사고,0,0,2,0,차대차 - 측면직각충돌,안전운전불이행,건조,맑음,교차로 - 교차로안,화물,남,59세,상해없음,승용,남,60세,경상
2016110800100358,2016년 11월 8일 16시,화요일,강원도 속초시 교동,경상사고,0,0,1,0,차대차 - 측면충돌,교차로운행방법위반,습기,흐림,교차로 - 교차로안,승용,남,34세,상해없음,승용,남,36세,경상
2016110800100397,2016년 11월 8일 17시,화요일,강원도 고성군 거진읍,경상사고,0,0,3,0,차대차 - 측면충돌,직진우회전진행방해,건조,맑음,교차로 - 교차로안,승용,남,65세,상해없음,승용,남,74세,경상
2016110800100446,2016년 11월 8일 18시,화요일,강원도 춘천시 동내면,경상사고,0,0,1,0,차대차 - 정면충돌,안전거리미확보,건조,맑음,단일로 - 기타,승용,여,46세,상해없음,승용,여,55세,경상
2016110800100447,2016년 11월 8일 18시,화요일,강원도 태백시 황지동,중상사고,0,1,1,0,차대차 - 정면충돌,교차로운행방법위반,건조,흐림,교차로 - 교차로안,승용,여,51세,상해없음,승용,남,50세,중상
2016110800100448,2016년 11월 8일 18시,화요일,강원도 횡성군 청일면,사망사고,1,0,0,0,차대사람 - 횡단중,안전운전불이행,건조,맑음,교차로 - 교차로안,승용,남,35세,상해없음,보행자,여,82세,사망
2016110800100507,2016년 11월 8일 19시,화요일,강원도 고성군 거진읍,중상사고,0,2,1,0,차대차 - 측면충돌,직진우회전진행방해,건조,맑음,교차로 - 교차로안,승용,남,77세,중상,승용,남,34세,경상
2016110800100569,2016년 11월 8일 21시,화요일,강원도 강릉시 주문진읍,경상사고,0,0,2,0,차대차 - 정면충돌,안전운전불이행,습기,흐림,단일로 - 기타,승용,남,29세,상해없음,승용,남,22세,경상
2016110800100570,2016년 11월 8일 21시,화요일,강원도 원주시 반곡동,경상사고,0,0,2,0,차대차 - 정면충돌,신호위반,건조,맑음,교차로 - 교차로안,원동기,남,16세,상해없음,승용,남,41세,경상
2016110800100623,2016년 11월 8일 23시,화요일,강원도 춘천시 석사동,경상사고,0,0,1,0,차대차 - 측면충돌,안전운전불이행,건조,맑음,단일로 - 기타,승용,남,48세,상해없음,승용,남,54세,경상
2016110800100624,2016년 11월 8일 23시,화요일,강원도 강릉시 노암동,부상신고사고,0,0,0,1,차대사람 - 기타,안전운전불이행,건조,맑음,단일로 - 기타,기타불명,기타불명,기타불명,기타불명,보행자,남,23세,부상신고
2016110900100027,2016년 11월 9일 02시,수요일,강원도 동해시 발한동,경상사고,0,0,7,0,차대차 - 측면직각충돌,안전운전불이행,습기,비,단일로 - 기타,승용,여,46세,상해없음,승용,남,20세,기타불명
2016110900100249,2016년 11월 9일 11시,수요일,강원도 삼척시 도계읍,경상사고,0,0,2,0,차대차 - 측면직각충돌,직진우회전진행방해,건조,맑음,교차로 - 교차로안,승용,남,56세,상해없음,승용,여,50세,경상
2016110900100322,2016년 11월 9일 13시,수요일,강원도 원주시 태장동,경상사고,0,0,1,0,차대사람 - 길가장자리구역통행중,안전운전불이행,건조,맑음,단일로 - 기타,승용,여,41세,상해없음,보행자,여,37세,경상
2016110900100355,2016년 11월 9일 14시,수요일,강원도 춘천시 후평동,경상사고,0,0,1,0,차대차 - 측면직각충돌,안전거리미확보,건조,맑음,단일로 - 기타,승용,남,36세,상해없음,이륜,남,38세,경상
2016110900100356,2016년 11월 9일 14시,수요일,강원도 철원군 서면,중상사고,0,1,0,0,차대차 - 측면충돌,중앙선침범,건조,맑음,단일로 - 기타,승용,남,27세,상해없음,승용,남,76세,중상
2016110900100384,2016년 11월 9일 15시,수요일,강원도 춘천시 중도동,중상사고,0,1,0,0,차대차 - 측면충돌,교차로운행방법위반,건조,맑음,교차로 - 교차로안,승용,남,43세,상해없음,이륜,남,52세,중상
2016110900100385,2016년 11월 9일 15시,수요일,강원도 원주시 무실동,경상사고,0,0,1,1,차대차 - 추돌,안전운전불이행,건조,맑음,단일로 - 기타,승용,여,59세,부상신고,승용,남,61세,경상
2016110900100440,2016년 11월 9일 17시,수요일,강원도 춘천시 퇴계동,부상신고사고,0,0,0,2,차대차 - 측면직각충돌,안전운전불이행,건조,맑음,단일로 - 기타,승용,여,54세,상해없음,승용,남,75세,상해없음
2016110900100441,2016년 11월 9일 17시,수요일,강원도 양구군 남면,경상사고,0,0,2,0,차대차 - 추돌,안전거리미확보,건조,흐림,교차로 - 교차로부근,승용,여,53세,상해없음,승용,남,32세,경상
2016110900100442,2016년 11월 9일 17시,수요일,강원도 홍천군 홍천읍,중상사고,0,1,0,0,차량단독 - 기타,안전운전불이행,건조,맑음,단일로 - 기타,승용,남,34세,중상,,,,
2016110900100484,2016년 11월 9일 18시,수요일,강원도 원주시 우산동,중상사고,0,3,2,0,차대차 - 정면충돌,차로위반,건조,맑음,교차로 - 교차로부근,화물,남,34세,상해없음,승용,여,49세,중상
2016110900100485,2016년 11월 9일 18시,수요일,강원도 원주시 단구동,경상사고,0,0,5,0,차대차 - 추돌,안전거리미확보,건조,맑음,교차로 - 교차로부근,화물,남,58세,상해없음,승용,여,49세,경상
2016110900100583,2016년 11월 9일 20시,수요일,강원도 강릉시 교동,중상사고,0,1,0,0,차대차 - 측면충돌,안전운전불이행,건조,맑음,단일로 - 기타,이륜,남,63세,중상,승용,남,38세,상해없음
2016110900100584,2016년 11월 9일 20시,수요일,강원도 원주시 판부면,중상사고,0,1,0,0,차대사람 - 횡단중,안전운전불이행,건조,맑음,교차로 - 교차로부근,승용,여,32세,상해없음,보행자,남,60세,중상
2016110900100610,2016년 11월 9일 21시,수요일,강원도 원주시 개운동,경상사고,0,0,1,0,차대차 - 정면충돌,안전운전불이행,건조,맑음,교차로 - 교차로부근,승합,남,61세,상해없음,승용,남,28세,경상
2016110900100636,2016년 11월 9일 22시,수요일,강원도 춘천시 동면,경상사고,0,0,1,0,차대차 - 측면직각충돌,교차로운행방법위반,건조,맑음,교차로 - 교차로안,승용,여,31세,상해없음,승용,남,34세,경상
2016110900100660,2016년 11월 9일 23시,수요일,강원도 원주시 단구동,경상사고,0,0,1,0,차대차 - 측면충돌,중앙선침범,건조,맑음,단일로 - 기타,승용,남,38세,상해없음,승용,남,46세,경상
2016110900100661,2016년 11월 9일 23시,수요일,강원도 홍천군 북방면,경상사고,0,0,1,0,차량단독 - 전도전복,안전운전불이행,건조,맑음,단일로 - 기타,승용,남,47세,경상,,,,
2016111000100042,2016년 11월 10일 04시,목요일,강원도 원주시 단계동,중상사고,0,1,0,0,차대사람 - 횡단중,안전운전불이행,건조,맑음,단일로 - 기타,승용,남,33세,상해없음,보행자,여,75세,중상
2016111000100051,2016년 11월 10일 05시,목요일,강원도 춘천시 칠전동,경상사고,0,0,1,0,차대차 - 측면충돌,신호위반,건조,맑음,교차로 - 교차로안,승용,여,36세,상해없음,건설기계,남,61세,경상
2016111000100088,2016년 11월 10일 07시,목요일,강원도 원주시 봉산동,경상사고,0,0,1,0,차대차 - 측면충돌,안전운전불이행,건조,맑음,단일로 - 기타,자전거,남,12세,경상,승용,남,36세,상해없음
2016111000100108,2016년 11월 10일 08시,목요일,강원도 원주시 무실동,중상사고,0,1,0,0,차대사람 - 횡단중,보행자보호의무위반,건조,맑음,교차로 - 교차로안,승용,여,60세,상해없음,보행자,여,51세,중상
2016111000100195,2016년 11월 10일 11시,목요일,강원도 원주시 단구동,경상사고,0,0,1,0,차대차 - 정면충돌,교차로운행방법위반,건조,흐림,교차로 - 교차로안,승용,여,39세,상해없음,승용,여,45세,경상
2016111000100196,2016년 11월 10일 11시,목요일,강원도 원주시 호저면,경상사고,0,0,1,0,차대차 - 측면충돌,안전운전불이행,건조,맑음,단일로 - 기타,화물,여,51세,상해없음,승용,여,49세,경상
2016111000100197,2016년 11월 10일 11시,목요일,강원도 인제군 남면,중상사고,0,1,0,0,차대사람 - 차도통행중,안전운전불이행,건조,맑음,단일로 - 기타,화물,남,54세,상해없음,보행자,남,64세,중상
2016111000100216,2016년 11월 10일 12시,목요일,강원도 원주시 단구동,경상사고,0,0,1,0,차대차 - 정면충돌,안전운전불이행,건조,맑음,교차로 - 교차로부근,승용,여,60세,상해없음,승용,여,36세,경상
2016111000100217,2016년 11월 10일 12시,목요일,강원도 삼척시 신기면,중상사고,0,1,0,0,차량단독 - 전도전복,안전운전불이행,건조,맑음,단일로 - 기타,농기계,남,73세,중상,,,,
2016111000100218,2016년 11월 10일 12시,목요일,강원도 횡성군 우천면,중상사고,0,1,0,0,차대차 - 측면직각충돌,안전운전불이행,건조,맑음,교차로 - 교차로안,승용,남,36세,상해없음,승합,남,54세,중상
2016111000100264,2016년 11월 10일 14시,목요일,강원도 강릉시 초당동,경상사고,0,0,1,0,차대차 - 추돌,안전운전불이행,건조,맑음,단일로 - 기타,승용,남,62세,상해없음,승용,남,68세,경상
2016111000100265,2016년 11월 10일 14시,목요일,강원도 정선군 임계면,중상사고,0,1,0,0,차대사람 - 기타,안전운전불이행,건조,맑음,단일로 - 기타,승용,남,70세,상해없음,보행자,여,74세,중상
2016111000100298,2016년 11월 10일 15시,목요일,강원도 고성군 간성읍,경상사고,0,0,1,0,차대차 - 측면충돌,직진우회전진행방해,건조,맑음,교차로 - 교차로안,화물,남,49세,상해없음,화물,남,60세,경상
2016111000100335,2016년 11월 10일 16시,목요일,강원도 원주시 단구동,경상사고,0,0,1,0,차대사람 - 횡단중,보행자보호의무위반,습기,비,단일로 - 기타,승용,여,63세,상해없음,보행자,남,48세,경상
2016111000100336,2016년 11월 10일 16시,목요일,강원도 양구군 양구읍,경상사고,0,0,2,0,차대차 - 기타,중앙선침범,습기,비,단일로 - 기타,승용,남,28세,상해없음,승용,남,61세,상해없음
2016111000100378,2016년 11월 10일 17시,목요일,강원도 삼척시 도계읍,경상사고,0,0,1,0,차대차 - 정면충돌,직진우회전진행방해,건조,맑음,교차로 - 교차로안,승용,남,44세,상해없음,승용,여,56세,경상
2016111000100379,2016년 11월 10일 17시,목요일,강원도 화천군 상서면,중상사고,0,1,0,0,차대차 - 기타,안전운전불이행,습기,흐림,단일로 - 기타,원동기,남,17세,중상,농기계,남,77세,상해없음
2016111000100433,2016년 11월 10일 18시,목요일,강원도 태백시 황지동,경상사고,0,0,1,0,차대차 - 측면직각충돌,불법유턴,건조,맑음,교차로 - 교차로안,승용,남,59세,상해없음,승용,남,64세,경상
2016111000100542,2016년 11월 10일 20시,목요일,강원도 춘천시 후평동,경상사고,0,0,1,0,차대사람 - 기타,기타,습기,비,단일로 - 기타,승용,남,42세,상해없음,보행자,남,32세,경상
2016111000100543,2016년 11월 10일 20시,목요일,강원도 원주시 호저면,중상사고,0,1,0,1,차대차 - 추돌,안전운전불이행,습기,비,교차로 - 교차로부근,화물,남,56세,부상신고,승용,남,28세,중상
2016111000100575,2016년 11월 10일 21시,목요일,강원도 춘천시 석사동,경상사고,0,0,1,0,차대차 - 기타,안전거리미확보,습기,비,단일로 - 기타,승용,남,56세,상해없음,이륜,남,18세,경상
2016111000100576,2016년 11월 10일 21시,목요일,강원도 강릉시 교동,경상사고,0,0,1,0,차대차 - 추돌,안전운전불이행,건조,맑음,교차로 - 교차로부근,승용,남,55세,상해없음,승용,남,59세,경상
2016111000100577,2016년 11월 10일 21시,목요일,강원도 원주시 단구동,부상신고사고,0,0,0,1,차대차 - 측면충돌,안전운전불이행,습기,비,교차로 - 교차로부근,이륜,여,45세,부상신고,승용,남,44세,상해없음
2016111000100578,2016년 11월 10일 21시,목요일,강원도 속초시 조양동,경상사고,0,0,4,0,차대차 - 추돌,안전운전불이행,습기,흐림,교차로 - 교차로부근,승용,남,52세,상해없음,승용,남,57세,경상
2016111000100579,2016년 11월 10일 21시,목요일,강원도 고성군 토성면,중상사고,0,2,1,0,차대차 - 추돌,안전운전불이행,습기,비,교차로 - 교차로부근,승용,남,63세,상해없음,승용,남,33세,중상
2016111000100640,2016년 11월 10일 23시,목요일,강원도 삼척시 남양동,경상사고,0,0,1,0,차대차 - 측면직각충돌,안전운전불이행,건조,맑음,단일로 - 기타,승용,남,62세,상해없음,자전거,남,20세,경상
2016111100100010,2016년 11월 11일 00시,금요일,강원도 강릉시 교동,경상사고,0,0,1,0,차대차 - 측면충돌,안전운전불이행,건조,맑음,교차로 - 교차로안,승용,남,54세,상해없음,이륜,남,21세,경상
2016111100100166,2016년 11월 11일 08시,금요일,강원도 춘천시 퇴계동,사망사고,1,0,0,0,차대사람 - 횡단중,안전운전불이행,습기,흐림,교차로 - 교차로안,건설기계,남,51세,상해없음,보행자,여,88세,사망
2016111100100167,2016년 11월 11일 08시,금요일,강원도 춘천시 동면,부상신고사고,0,0,0,3,차대차 - 측면직각충돌,직진우회전진행방해,건조,맑음,교차로 - 교차로안,승용,남,67세,상해없음,승용,여,35세,부상신고
2016111100100168,2016년 11월 11일 08시,금요일,강원도 원주시 태장동,경상사고,0,0,1,0,차대차 - 측면충돌,교차로운행방법위반,건조,맑음,교차로 - 교차로안,승용,여,47세,상해없음,승용,남,24세,경상
2016111100100169,2016년 11월 11일 08시,금요일,강원도 원주시 신림면,경상사고,0,0,1,1,차대차 - 추돌,안전운전불이행,습기,비,단일로 - 기타,화물,남,55세,부상신고,승용,남,55세,경상
2016111100100170,2016년 11월 11일 08시,금요일,강원도 속초시 청학동,경상사고,0,0,1,0,차대사람 - 기타,안전운전불이행,건조,맑음,단일로 - 기타,승용,여,54세,상해없음,보행자,남,77세,경상
2016111100100171,2016년 11월 11일 08시,금요일,강원도 삼척시 도계읍,중상사고,0,1,3,0,차대차 - 정면충돌,기타,건조,맑음,교차로 - 교차로안,화물,남,66세,상해없음,화물,남,43세,경상
2016111100100249,2016년 11월 11일 10시,금요일,강원도 춘천시 소양로4가,경상사고,0,0,3,0,차대차 - 정면충돌,안전거리미확보,건조,맑음,교차로 - 교차로부근,승용,남,40세,상해없음,승용,여,22세,경상
2016111100100250,2016년 11월 11일 10시,금요일,강원도 강릉시 옥계면,중상사고,0,1,1,0,차대차 - 추돌,안전운전불이행,건조,맑음,단일로 - 기타,화물,남,51세,상해없음,승용,남,77세,경상
2016111100100251,2016년 11월 11일 10시,금요일,강원도 영월군 영월읍,경상사고,0,0,2,0,차대차 - 측면직각충돌,안전거리미확보,건조,맑음,교차로 - 교차로안,화물,남,57세,상해없음,승용,남,68세,상해없음
2016111100100252,2016년 11월 11일 10시,금요일,강원도 동해시 구미동,경상사고,0,0,1,0,차대차 - 측면직각충돌,안전운전불이행,건조,맑음,단일로 - 기타,승용,남,46세,상해없음,자전거,여,71세,경상
2016111100100294,2016년 11월 11일 11시,금요일,강원도 춘천시 근화동,경상사고,0,0,1,1,차대차 - 측면충돌,교차로운행방법위반,건조,맑음,교차로 - 교차로안,승용,남,60세,상해없음,승용,남,56세,경상
2016111100100295,2016년 11월 11일 11시,금요일,강원도 인제군 남면,중상사고,0,1,1,0,차대차 - 측면충돌,안전운전불이행,건조,맑음,교차로 - 교차로부근,승용,남,75세,상해없음,승용,남,62세,상해없음
2016111100100296,2016년 11월 11일 11시,금요일,강원도 춘천시 동내면,경상사고,0,0,1,0,차대차 - 기타,안전거리미확보,건조,맑음,단일로 - 기타,기타불명,기타불명,기타불명,기타불명,승용,남,67세,경상
2016111100100331,2016년 11월 11일 12시,금요일,강원도 춘천시 사북면,경상사고,0,0,1,0,차대차 - 기타,중앙선침범,건조,맑음,단일로 - 기타,화물,남,69세,상해없음,승용,여,45세,경상
2016111100100332,2016년 11월 11일 12시,금요일,강원도 원주시 우산동,경상사고,0,0,1,0,차대차 - 정면충돌,안전운전불이행,건조,맑음,단일로 - 기타,승용,남,34세,상해없음,승용,남,56세,경상
2016111100100362,2016년 11월 11일 13시,금요일,강원도 춘천시 중앙로3가,경상사고,0,0,2,0,차대차 - 측면직각충돌,안전운전불이행,건조,맑음,단일로 - 기타,화물,남,69세,상해없음,승용,여,39세,경상
2016111100100363,2016년 11월 11일 13시,금요일,강원도 강릉시 임당동,중상사고,0,1,0,0,차대사람 - 횡단중,보행자보호의무위반,건조,맑음,단일로 - 기타,승용,남,62세,상해없음,보행자,여,64세,중상
2016111100100364,2016년 11월 11일 13시,금요일,강원도 삼척시 남양동,경상사고,0,0,1,0,차대차 - 측면직각충돌,교차로운행방법위반,건조,맑음,교차로 - 교차로안,승용,여,37세,상해없음,승용,남,54세,경상
2016111100100365,2016년 11월 11일 13시,금요일,강원도 화천군 화천읍,중상사고,0,1,0,0,차대사람 - 보도통행중,안전운전불이행,건조,맑음,단일로 - 기타,승용,남,78세,상해없음,보행자,여,61세,중상
2016111100100397,2016년 11월 11일 14시,금요일,강원도 원주시 관설동,경상사고,0,0,2,0,차대차 - 추돌,안전운전불이행,건조,맑음,교차로 - 교차로부근,승용,남,59세,상해없음,승용,여,38세,경상
2016111100100398,2016년 11월 11일 14시,금요일,강원도 화천군 사내면,경상사고,0,0,1,0,차대차 - 추돌,안전운전불이행,건조,흐림,단일로 - 기타,승용,남,56세,상해없음,승합,남,53세,경상
2016111100100399,2016년 11월 11일 14시,금요일,강원도 동해시 평릉동,경상사고,0,0,1,0,차대차 - 추돌,안전운전불이행,건조,맑음,단일로 - 기타,승용,남,49세,상해없음,화물,남,52세,경상
2016111100100400,2016년 11월 11일 14시,금요일,강원도 동해시 발한동,경상사고,0,0,1,0,차대사람 - 횡단중,보행자보호의무위반,건조,맑음,교차로 - 교차로부근,승용,남,67세,상해없음,보행자,남,8세,경상
2016111100100430,2016년 11월 11일 15시,금요일,강원도 춘천시 교동,경상사고,0,0,1,0,차대차 - 측면직각충돌,중앙선침범,건조,맑음,단일로 - 기타,승용,여,33세,상해없음,이륜,남,45세,경상
2016111100100469,2016년 11월 11일 16시,금요일,강원도 원주시 단계동,경상사고,0,0,1,0,차대차 - 정면충돌,안전운전불이행,건조,맑음,단일로 - 기타,이륜,남,17세,상해없음,승용,남,55세,상해없음
2016111100100470,2016년 11월 11일 16시,금요일,강원도 원주시 문막읍,중상사고,0,1,2,0,차대차 - 측면직각충돌,신호위반,건조,맑음,교차로 - 교차로안,승용,여,49세,상해없음,승용,여,47세,중상
2016111100100471,2016년 11월 11일 16시,금요일,강원도 홍천군 두촌면,중상사고,0,1,0,0,차대차 - 기타,안전운전불이행,건조,맑음,단일로 - 기타,화물,남,46세,상해없음,화물,여,54세,중상
2016111100100507,2016년 11월 11일 17시,금요일,강원도 춘천시 석사동,경상사고,0,0,1,0,차대사람 - 기타,안전운전불이행,건조,맑음,단일로 - 기타,승용,여,39세,상해없음,보행자,남,8세,경상
2016111100100508,2016년 11월 11일 17시,금요일,강원도 원주시 중앙동,경상사고,0,0,1,0,차대차 - 측면충돌,교차로운행방법위반,건조,맑음,교차로 - 교차로안,승용,남,52세,상해없음,승용,남,50세,경상
2016111100100509,2016년 11월 11일 17시,금요일,강원도 평창군 대관령면,경상사고,0,0,1,0,차대차 - 추돌,신호위반,건조,맑음,교차로 - 교차로안,승용,남,47세,상해없음,농기계,남,71세,경상
2016111100100570,2016년 11월 11일 18시,금요일,강원도 원주시 학성동,경상사고,0,0,1,0,차대차 - 정면충돌,교차로운행방법위반,건조,맑음,교차로 - 교차로안,승용,남,46세,상해없음,승용,여,55세,경상
2016111100100571,2016년 11월 11일 18시,금요일,강원도 원주시 무실동,중상사고,0,1,0,0,차대사람 - 횡단중,안전운전불이행,건조,맑음,단일로 - 기타,승용,여,43세,상해없음,보행자,여,80세,중상
2016111100100641,2016년 11월 11일 19시,금요일,강원도 춘천시 사농동,경상사고,0,0,1,0,차대차 - 측면직각충돌,안전운전불이행,건조,맑음,단일로 - 기타,승용,남,25세,상해없음,승용,남,52세,경상
2016111100100642,2016년 11월 11일 19시,금요일,강원도 원주시 봉산동,경상사고,0,0,1,0,차대차 - 측면충돌,안전운전불이행,건조,맑음,교차로 - 교차로안,승용,여,55세,상해없음,자전거,여,58세,경상
2016111100100643,2016년 11월 11일 19시,금요일,강원도 원주시 일산동,경상사고,0,0,2,0,차대사람 - 횡단중,안전운전불이행,건조,맑음,단일로 - 기타,승용,여,43세,상해없음,보행자,남,46세,경상
2016111100100688,2016년 11월 11일 20시,금요일,강원도 춘천시 효자동,경상사고,0,0,1,0,차대차 - 추돌,안전거리미확보,건조,맑음,교차로 - 교차로부근,승용,남,48세,상해없음,승용,여,50세,경상
2016111100100689,2016년 11월 11일 20시,금요일,강원도 원주시 문막읍,경상사고,0,0,1,0,차대사람 - 횡단중,안전운전불이행,건조,맑음,단일로 - 기타,승합,남,54세,상해없음,보행자,여,13세,경상
2016111100100690,2016년 11월 11일 20시,금요일,강원도 동해시 동회동,경상사고,0,0,1,0,차대사람 - 횡단중,안전운전불이행,건조,맑음,교차로 - 교차로안,승용,남,49세,상해없음,보행자,남,57세,경상
2016111100100743,2016년 11월 11일 22시,금요일,강원도 춘천시 근화동,경상사고,0,0,1,0,차대차 - 기타,안전운전불이행,건조,맑음,단일로 - 기타,승용,남,64세,상해없음,승용,남,35세,경상
2016111100100779,2016년 11월 11일 23시,금요일,강원도 원주시 일산동,중상사고,0,1,0,0,차대차 - 추돌,안전거리미확보,건조,맑음,교차로 - 교차로부근,승용,남,24세,상해없음,승용,남,55세,중상
2016111200100133,2016년 11월 12일 07시,토요일,강원도 양양군 서면,중상사고,0,1,0,0,차대차 - 추돌,안전운전불이행,건조,맑음,단일로 - 기타,승용,남,32세,상해없음,농기계,남,81세,중상
2016111200100171,2016년 11월 12일 09시,토요일,강원도 속초시 동명동,중상사고,0,2,0,0,차대차 - 측면직각충돌,교차로운행방법위반,건조,맑음,교차로 - 교차로안,승용,남,68세,상해없음,승합,남,71세,중상
2016111200100172,2016년 11월 12일 09시,토요일,강원도 삼척시 정상동,경상사고,0,0,4,0,차대차 - 추돌,안전운전불이행,건조,맑음,교차로 - 교차로부근,건설기계,남,40세,상해없음,승용,남,64세,경상
2016111200100199,2016년 11월 12일 10시,토요일,강원도 홍천군 화촌면,중상사고,0,1,0,0,차대차 - 정면충돌,안전운전불이행,건조,맑음,단일로 - 기타,승용,남,52세,상해없음,승용,남,47세,중상
2016111200100200,2016년 11월 12일 10시,토요일,강원도 원주시 가현동,경상사고,0,0,2,3,차대차 - 추돌,안전운전불이행,건조,맑음,단일로 - 기타,승용,남,22세,상해없음,승용,남,25세,경상
2016111200100267,2016년 11월 12일 12시,토요일,강원도 강릉시 사천면,경상사고,0,0,2,0,차대차 - 정면충돌,안전운전불이행,건조,맑음,단일로 - 기타,화물,남,60세,상해없음,승용,남,27세,경상
2016111200100268,2016년 11월 12일 12시,토요일,강원도 원주시 우산동,경상사고,0,0,2,0,차대차 - 정면충돌,교차로운행방법위반,건조,맑음,교차로 - 교차로안,승용,남,59세,상해없음,승용,남,22세,경상
2016111200100269,2016년 11월 12일 12시,토요일,강원도 원주시 무실동,경상사고,0,0,2,0,차량단독 - 전도전복,안전운전불이행,건조,맑음,교차로 - 교차로안,승합,남,55세,상해없음,,,,
2016111200100300,2016년 11월 12일 13시,토요일,강원도 강릉시 입암동,경상사고,0,0,4,0,차대차 - 추돌,안전운전불이행,건조,맑음,교차로 - 교차로부근,화물,남,65세,기타불명,화물,남,52세,경상
2016111200100301,2016년 11월 12일 13시,토요일,강원도 속초시 조양동,경상사고,0,0,2,0,차대차 - 측면충돌,직진우회전진행방해,건조,맑음,교차로 - 교차로안,승용,남,42세,상해없음,승용,남,51세,경상
2016111200100302,2016년 11월 12일 13시,토요일,강원도 양양군 양양읍,중상사고,0,1,2,0,차대차 - 추돌,안전운전불이행,건조,맑음,단일로 - 횡단보도부근,승용,여,48세,상해없음,승용,남,69세,경상
2016111200100339,2016년 11월 12일 14시,토요일,강원도 춘천시 서면,부상신고사고,0,0,0,3,차대차 - 측면직각충돌,안전운전불이행,건조,맑음,단일로 - 기타,승용,남,30세,상해없음,승용,남,42세,부상신고
2016111200100340,2016년 11월 12일 14시,토요일,강원도 원주시 신림면,경상사고,0,0,2,0,차대차 - 정면충돌,안전거리미확보,건조,맑음,단일로 - 기타,승합,남,43세,상해없음,승합,남,44세,경상
2016111200100341,2016년 11월 12일 14시,토요일,강원도 속초시 교동,경상사고,0,0,1,0,차대차 - 측면충돌,안전운전불이행,건조,맑음,단일로 - 기타,승용,남,27세,상해없음,원동기,남,16세,경상
2016111200100385,2016년 11월 12일 15시,토요일,강원도 강릉시 주문진읍,경상사고,0,0,1,0,차대차 - 측면충돌,안전운전불이행,건조,맑음,교차로 - 교차로안,자전거,남,61세,상해없음,자전거,남,70세,경상
2016111200100386,2016년 11월 12일 15시,토요일,강원도 속초시 동명동,경상사고,0,0,2,0,차대차 - 측면직각충돌,교차로운행방법위반,건조,맑음,교차로 - 교차로안,승용,남,39세,상해없음,승용,여,59세,경상
2016111200100387,2016년 11월 12일 15시,토요일,강원도 고성군 현내면,중상사고,0,1,3,0,차대차 - 측면충돌,직진우회전진행방해,건조,맑음,교차로 - 교차로안,승용,남,59세,상해없음,승용,남,32세,경상
2016111200100421,2016년 11월 12일 16시,토요일,강원도 강릉시 노암동,경상사고,0,0,1,0,차대사람 - 횡단중,안전운전불이행,건조,맑음,단일로 - 기타,승용,남,70세,상해없음,보행자,여,56세,경상
2016111200100422,2016년 11월 12일 16시,토요일,강원도 영월군 남면,경상사고,0,0,1,1,차대차 - 기타,안전운전불이행,건조,맑음,교차로 - 교차로부근,승용,남,72세,부상신고,화물,남,59세,경상
2016111200100455,2016년 11월 12일 17시,토요일,강원도 원주시 개운동,경상사고,0,0,1,0,차대차 - 정면충돌,안전운전불이행,건조,맑음,단일로 - 기타,승용,남,30세,상해없음,승용,남,26세,경상