사고번호,사고일시,요일,시군구,사고내용,사망자수,중상자수,경상자수,부상신고자수,사고유형,법규위반,노면상태,기상상태,도로형태,가해운전자 차종,가해운전자 성별,가해운전자 연령,가해운전자 상해정도,피해운전자 차종,피해운전자 성별,피해운전자 연령,피해운전자 상해정도
2016111200100456,2016년 11월 12일 17시,토요일,강원도 원주시 개운동,경상사고,0,0,1,0,차대차 - 정면충돌,불법유턴,건조,맑음,단일로 - 기타,승용,남,33세,상해없음,화물,여,48세,경상
2016111200100536,2016년 11월 12일 19시,토요일,강원도 홍천군 홍천읍,경상사고,0,0,3,0,차대차 - 기타,안전운전불이행,건조,맑음,단일로 - 기타,승용,남,29세,상해없음,승용,남,33세,경상
2016111200100537,2016년 11월 12일 19시,토요일,강원도 동해시 평릉동,중상사고,0,1,0,0,차대사람 - 횡단중,신호위반,건조,맑음,교차로 - 교차로부근,승용,남,73세,상해없음,보행자,남,6세,중상
2016111200100596,2016년 11월 12일 21시,토요일,강원도 춘천시 석사동,경상사고,0,0,1,0,차대차 - 측면직각충돌,안전운전불이행,건조,맑음,단일로 - 기타,승용,남,35세,상해없음,이륜,남,24세,경상
2016111200100597,2016년 11월 12일 21시,토요일,강원도 춘천시 신북읍,경상사고,0,0,1,0,차량단독 - 공작물충돌,안전운전불이행,건조,맑음,단일로 - 기타,승용,남,47세,경상,,,,
2016111200100598,2016년 11월 12일 21시,토요일,강원도 속초시 교동,경상사고,0,0,1,0,차대사람 - 횡단중,안전운전불이행,건조,맑음,단일로 - 기타,이륜,남,16세,상해없음,보행자,여,66세,경상
2016111200100637,2016년 11월 12일 23시,토요일,강원도 춘천시 동면,경상사고,0,0,1,0,차대차 - 측면충돌,안전운전불이행,건조,맑음,단일로 - 기타,승용,여,27세,상해없음,승용,여,46세,경상
2016111200100638,2016년 11월 12일 23시,토요일,강원도 원주시 단계동,중상사고,0,1,1,0,차대사람 - 횡단중,안전운전불이행,건조,맑음,단일로 - 기타,승용,남,33세,상해없음,보행자,남,56세,중상
2016111300100043,2016년 11월 13일 02시,일요일,강원도 원주시 봉산동,중상사고,0,1,0,0,차대차 - 정면충돌,신호위반,건조,맑음,교차로 - 교차로안,승용,남,24세,상해없음,승용,남,44세,중상
2016111300100097,2016년 11월 13일 07시,일요일,강원도 속초시 교동,경상사고,0,0,2,0,차대차 - 측면직각충돌,신호위반,건조,맑음,교차로 - 교차로안,승용,여,41세,상해없음,승용,남,21세,경상
2016111300100129,2016년 11월 13일 09시,일요일,강원도 원주시 봉산동,사망사고,1,0,0,0,차대차 - 측면충돌,직진우회전진행방해,습기,맑음,교차로 - 교차로안,승합,남,63세,상해없음,이륜,남,78세,사망
2016111300100152,2016년 11월 13일 10시,일요일,강원도 원주시 단구동,경상사고,0,0,2,0,차대차 - 측면충돌,직진우회전진행방해,습기,비,교차로 - 교차로안,승용,여,31세,경상,승용,남,45세,경상
2016111300100205,2016년 11월 13일 12시,일요일,강원도 원주시 관설동,경상사고,0,0,1,0,차대차 - 기타,안전운전불이행,건조,맑음,단일로 - 기타,승용,남,39세,상해없음,원동기,남,24세,경상
2016111300100206,2016년 11월 13일 12시,일요일,강원도 원주시 행구동,경상사고,0,0,2,0,차대차 - 측면충돌,직진우회전진행방해,건조,맑음,교차로 - 교차로안,승용,여,55세,상해없음,화물,남,43세,경상
2016111300100225,2016년 11월 13일 13시,일요일,강원도 원주시 명륜동,경상사고,0,0,1,2,차대차 - 측면충돌,안전운전불이행,건조,맑음,단일로 - 기타,승용,여,49세,상해없음,승용,남,32세,경상
2016111300100226,2016년 11월 13일 13시,일요일,강원도 화천군 화천읍,경상사고,0,0,1,0,차대사람 - 길가장자리구역통행중,안전운전불이행,건조,맑음,단일로 - 기타,승용,여,24세,상해없음,보행자,여,53세,경상
2016111300100248,2016년 11월 13일 14시,일요일,강원도 인제군 인제읍,경상사고,0,0,3,0,차대차 - 추돌,안전운전불이행,건조,맑음,교차로 - 교차로부근,승합,남,48세,상해없음,승용,남,57세,경상
2016111300100280,2016년 11월 13일 15시,일요일,강원도 평창군 봉평면,경상사고,0,0,3,0,차대차 - 추돌,안전운전불이행,건조,맑음,단일로 - 기타,승용,남,37세,상해없음,승용,남,37세,경상
2016111300100303,2016년 11월 13일 16시,일요일,강원도 강릉시 안현동,경상사고,0,0,1,0,차대차 - 측면충돌,안전운전불이행,건조,맑음,교차로 - 교차로안,승용,여,21세,상해없음,승용,여,25세,경상
2016111300100335,2016년 11월 13일 17시,일요일,강원도 삼척시 도계읍,경상사고,0,0,2,0,차대차 - 측면직각충돌,안전운전불이행,건조,맑음,단일로 - 기타,승용,남,80세,상해없음,승용,남,81세,상해없음
2016111300100336,2016년 11월 13일 17시,일요일,강원도 정선군 남면,중상사고,0,1,0,0,차대차 - 기타,기타,건조,맑음,단일로 - 기타,기타불명,기타불명,기타불명,기타불명,승용,남,40세,상해없음
2016111300100375,2016년 11월 13일 18시,일요일,강원도 강릉시 내곡동,중상사고,0,1,0,0,차대사람 - 횡단중,안전운전불이행,건조,맑음,교차로 - 교차로부근,승용,남,59세,상해없음,보행자,여,77세,중상
2016111300100376,2016년 11월 13일 18시,일요일,강원도 원주시 단구동,경상사고,0,0,1,0,차대차 - 정면충돌,안전거리미확보,건조,맑음,교차로 - 교차로부근,화물,남,62세,상해없음,승용,여,44세,경상
2016111300100377,2016년 11월 13일 18시,일요일,강원도 인제군 북면,중상사고,0,1,1,0,차대사람 - 길가장자리구역통행중,안전운전불이행,건조,맑음,단일로 - 기타,승용,남,33세,상해없음,보행자,여,57세,중상
2016111300100427,2016년 11월 13일 19시,일요일,강원도 횡성군 공근면,경상사고,0,0,2,0,차대차 - 기타,중앙선침범,건조,맑음,단일로 - 기타,승용,남,57세,상해없음,승용,남,26세,경상
2016111300100461,2016년 11월 13일 20시,일요일,강원도 춘천시 석사동,경상사고,0,0,1,0,차대차 - 기타,안전거리미확보,건조,맑음,단일로 - 기타,기타불명,기타불명,기타불명,기타불명,원동기,남,40세,경상
2016111300100540,2016년 11월 13일 23시,일요일,강원도 원주시 단계동,경상사고,0,0,3,0,차대차 - 정면충돌,신호위반,건조,맑음,교차로 - 교차로안,승용,남,73세,상해없음,승용,남,58세,경상
2016111400100077,2016년 11월 14일 07시,월요일,강원도 원주시 단계동,경상사고,0,0,1,0,차대차 - 측면충돌,신호위반,건조,맑음,교차로 - 교차로안,승용,여,52세,상해없음,승용,남,70세,경상
2016111400100125,2016년 11월 14일 08시,월요일,강원도 춘천시 효자동,경상사고,0,0,1,0,차대차 - 측면직각충돌,직진우회전진행방해,건조,맑음,교차로 - 교차로안,자전거,남,16세,경상,승용,남,46세,상해없음
2016111400100126,2016년 11월 14일 08시,월요일,강원도 춘천시 동면,경상사고,0,0,3,0,차대차 - 측면직각충돌,신호위반,건조,맑음,교차로 - 교차로안,승용,남,37세,상해없음,승용,남,44세,경상
2016111400100127,2016년 11월 14일 08시,월요일,강원도 강릉시 입암동,경상사고,0,0,1,0,차대차 - 추돌,안전운전불이행,건조,맑음,단일로 - 기타,화물,남,65세,상해없음,승용,남,47세,경상
2016111400100180,2016년 11월 14일 09시,월요일,강원도 강릉시 옥천동,경상사고,0,0,1,0,차대사람 - 기타,안전운전불이행,건조,맑음,단일로 - 기타,승용,남,47세,상해없음,보행자,남,49세,경상
2016111400100181,2016년 11월 14일 09시,월요일,강원도 삼척시 교동,경상사고,0,0,1,0,차대차 - 측면충돌,직진우회전진행방해,건조,맑음,교차로 - 교차로안,승용,남,24세,상해없음,이륜,여,51세,경상
2016111400100182,2016년 11월 14일 09시,월요일,강원도 태백시 황지동,경상사고,0,0,1,0,차대사람 - 횡단중,보행자보호의무위반,건조,맑음,단일로 - 횡단보도상,승용,남,65세,상해없음,보행자,여,48세,경상
2016111400100234,2016년 11월 14일 11시,월요일,강원도 원주시 단계동,경상사고,0,0,1,1,차대차 - 측면충돌,안전운전불이행,건조,맑음,단일로 - 기타,승용,여,70세,부상신고,이륜,남,39세,경상
2016111400100271,2016년 11월 14일 12시,월요일,강원도 영월군 영월읍,경상사고,0,0,1,0,차대차 - 측면직각충돌,교차로운행방법위반,건조,맑음,교차로 - 교차로안,승용,남,62세,상해없음,승용,여,44세,경상
2016111400100296,2016년 11월 14일 13시,월요일,강원도 춘천시 효자동,경상사고,0,0,1,0,차대사람 - 기타,안전운전불이행,건조,맑음,단일로 - 기타,승용,남,32세,상해없음,보행자,여,23세,경상
2016111400100297,2016년 11월 14일 13시,월요일,강원도 원주시 단구동,중상사고,0,1,2,0,차대차 - 정면충돌,안전운전불이행,건조,맑음,교차로 - 교차로부근,승용,남,58세,상해없음,승용,여,65세,경상
2016111400100298,2016년 11월 14일 13시,월요일,강원도 홍천군 홍천읍,경상사고,0,0,2,0,차대차 - 측면직각충돌,차로위반,건조,맑음,단일로 - 기타,승용,남,73세,상해없음,승용,여,56세,경상
2016111400100299,2016년 11월 14일 13시,월요일,강원도 고성군 거진읍,경상사고,0,0,2,0,차대차 - 측면충돌,직진우회전진행방해,건조,맑음,교차로 - 교차로안,승용,남,60세,상해없음,원동기,여,65세,경상
2016111400100300,2016년 11월 14일 13시,월요일,강원도 철원군 김화읍,중상사고,0,1,0,0,차대사람 - 기타,안전운전불이행,습기,맑음,단일로 - 기타,화물,남,53세,상해없음,보행자,남,69세,중상
2016111400100330,2016년 11월 14일 14시,월요일,강원도 양구군 양구읍,경상사고,0,0,1,0,차대차 - 측면충돌,안전운전불이행,습기,흐림,교차로 - 교차로안,화물,남,56세,상해없음,승용,남,38세,경상
2016111400100386,2016년 11월 14일 16시,월요일,강원도 춘천시 후평동,경상사고,0,0,1,0,차대차 - 측면직각충돌,직진우회전진행방해,습기,흐림,교차로 - 교차로안,승용,남,69세,상해없음,승용,남,76세,경상
2016111400100387,2016년 11월 14일 16시,월요일,강원도 동해시 동회동,경상사고,0,0,1,0,차대차 - 측면직각충돌,신호위반,건조,맑음,교차로 - 교차로안,승용,여,31세,상해없음,자전거,남,13세,경상
2016111400100437,2016년 11월 14일 17시,월요일,강원도 강릉시 구정면,경상사고,0,0,1,0,차대차 - 기타,중앙선침범,건조,맑음,단일로 - 기타,건설기계,남,52세,상해없음,승용,남,67세,경상
2016111400100438,2016년 11월 14일 17시,월요일,강원도 원주시 단계동,경상사고,0,0,1,0,차대차 - 추돌,안전운전불이행,건조,맑음,단일로 - 기타,화물,남,61세,상해없음,승용,남,29세,경상
2016111400100495,2016년 11월 14일 18시,월요일,강원도 강릉시 주문진읍,중상사고,0,1,0,0,차대사람 - 횡단중,보행자보호의무위반,건조,기타,교차로 - 교차로안,화물,남,57세,상해없음,보행자,여,82세,중상
2016111400100496,2016년 11월 14일 18시,월요일,강원도 원주시 태장동,경상사고,0,0,1,0,차대차 - 추돌,안전거리미확보,건조,맑음,교차로 - 교차로부근,승용,남,24세,상해없음,승용,남,47세,상해없음
2016111400100497,2016년 11월 14일 18시,월요일,강원도 홍천군 홍천읍,중상사고,0,1,0,0,차대차 - 추돌,안전거리미확보,건조,맑음,교차로 - 교차로부근,승용,남,22세,상해없음,승용,여,42세,중상
2016111400100498,2016년 11월 14일 18시,월요일,강원도 인제군 북면,중상사고,0,1,0,0,차대차 - 측면직각충돌,안전운전불이행,건조,맑음,교차로 - 교차로안,승용,남,40세,기타불명,승용,남,33세,중상
2016111400100544,2016년 11월 14일 19시,월요일,강원도 춘천시 퇴계동,경상사고,0,0,2,0,차대차 - 측면직각충돌,신호위반,건조,맑음,교차로 - 교차로안,승용,여,68세,상해없음,승용,남,62세,경상
2016111400100545,2016년 11월 14일 19시,월요일,강원도 태백시 장성동,경상사고,0,0,1,0,차대사람 - 횡단중,보행자보호의무위반,건조,흐림,단일로 - 기타,승용,남,61세,상해없음,보행자,남,17세,경상
2016111400100584,2016년 11월 14일 20시,월요일,강원도 춘천시 퇴계동,경상사고,0,0,1,0,차대차 - 정면충돌,신호위반,건조,맑음,교차로 - 교차로안,승용,남,20세,상해없음,이륜,남,20세,경상
2016111500100030,2016년 11월 15일 01시,화요일,강원도 원주시 문막읍,경상사고,0,0,1,0,차대차 - 측면충돌,안전거리미확보,건조,맑음,단일로 - 기타,승용,남,32세,상해없음,화물,남,54세,경상
2016111500100031,2016년 11월 15일 01시,화요일,강원도 원주시 행구동,경상사고,0,0,1,0,차대차 - 측면충돌,중앙선침범,건조,맑음,교차로 - 교차로안,승용,남,26세,상해없음,승용,남,51세,경상
2016111500100115,2016년 11월 15일 08시,화요일,강원도 원주시 단계동,경상사고,0,0,2,0,차대차 - 정면충돌,안전거리미확보,건조,맑음,단일로 - 기타,승용,남,24세,상해없음,승용,남,34세,경상
2016111500100116,2016년 11월 15일 08시,화요일,강원도 원주시 명륜동,중상사고,0,1,0,0,차대차 - 정면충돌,안전운전불이행,건조,맑음,기타 - 기타,승용,남,41세,상해없음,자전거,남,15세,중상
2016111500100160,2016년 11월 15일 09시,화요일,강원도 삼척시 남양동,경상사고,0,0,1,0,차대차 - 측면직각충돌,안전운전불이행,건조,맑음,단일로 - 기타,원동기,남,47세,경상,승용,남,74세,상해없음
2016111500100161,2016년 11월 15일 09시,화요일,강원도 홍천군 내면,중상사고,0,1,2,0,차대차 - 정면충돌,중앙선침범,건조,맑음,단일로 - 기타,화물,남,52세,경상,화물,남,43세,중상
2016111500100237,2016년 11월 15일 11시,화요일,강원도 원주시 단계동,경상사고,0,0,1,0,차대사람 - 횡단중,안전운전불이행,건조,맑음,단일로 - 기타,화물,남,38세,상해없음,보행자,남,59세,경상
2016111500100264,2016년 11월 15일 12시,화요일,강원도 원주시 문막읍,경상사고,0,0,1,0,차대차 - 정면충돌,신호위반,건조,맑음,단일로 - 기타,화물,남,54세,상해없음,화물,남,75세,상해없음
2016111500100299,2016년 11월 15일 13시,화요일,강원도 화천군 하남면,경상사고,0,0,1,0,차대차 - 정면충돌,중앙선침범,건조,맑음,단일로 - 기타,화물,남,50세,상해없음,승용,여,33세,경상
2016111500100373,2016년 11월 15일 15시,화요일,강원도 춘천시 석사동,경상사고,0,0,1,0,차대차 - 측면직각충돌,안전거리미확보,건조,맑음,단일로 - 기타,승용,남,23세,상해없음,승합,남,55세,경상
2016111500100374,2016년 11월 15일 15시,화요일,강원도 속초시 조양동,중상사고,0,1,0,0,차대사람 - 횡단중,안전운전불이행,건조,맑음,교차로 - 교차로안,승합,여,35세,상해없음,보행자,남,67세,중상
2016111500100416,2016년 11월 15일 16시,화요일,강원도 강릉시 입암동,중상사고,0,1,0,0,차대사람 - 횡단중,보행자보호의무위반,건조,맑음,교차로 - 교차로안,화물,남,62세,상해없음,보행자,여,59세,중상
2016111500100417,2016년 11월 15일 16시,화요일,강원도 원주시 무실동,경상사고,0,0,1,0,차대사람 - 횡단중,보행자보호의무위반,건조,맑음,교차로 - 교차로부근,승용,여,46세,상해없음,보행자,남,6세,경상
2016111500100418,2016년 11월 15일 16시,화요일,강원도 동해시 천곡동,경상사고,0,0,1,0,차대차 - 측면직각충돌,안전운전불이행,건조,맑음,교차로 - 교차로부근,승용,남,58세,상해없음,원동기,남,32세,경상
2016111500100470,2016년 11월 15일 17시,화요일,강원도 춘천시 퇴계동,중상사고,0,1,0,0,차대사람 - 차도통행중,안전운전불이행,건조,맑음,교차로 - 교차로부근,승용,여,45세,상해없음,보행자,여,90세 이상,중상
2016111500100471,2016년 11월 15일 17시,화요일,강원도 철원군 동송읍,경상사고,0,0,4,0,차대차 - 정면충돌,중앙선침범,건조,맑음,단일로 - 기타,승용,남,55세,상해없음,승용,여,41세,경상
2016111500100472,2016년 11월 15일 17시,화요일,강원도 철원군 동송읍,경상사고,0,0,2,0,차대사람 - 길가장자리구역통행중,안전운전불이행,건조,맑음,단일로 - 기타,화물,여,46세,상해없음,보행자,여,13세,경상
2016111500100515,2016년 11월 15일 18시,화요일,강원도 춘천시 효자동,경상사고,0,0,1,0,차대사람 - 횡단중,보행자보호의무위반,건조,맑음,단일로 - 횡단보도상,승용,여,42세,상해없음,보행자,남,21세,경상
2016111500100516,2016년 11월 15일 18시,화요일,강원도 춘천시 퇴계동,경상사고,0,0,1,0,차대사람 - 기타,안전운전불이행,건조,맑음,단일로 - 기타,승합,남,38세,상해없음,보행자,여,21세,경상
2016111500100517,2016년 11월 15일 18시,화요일,강원도 강릉시 사천면,경상사고,0,0,1,0,차대차 - 측면충돌,안전운전불이행,건조,맑음,교차로 - 교차로안,기타불명,기타불명,기타불명,기타불명,승합,남,67세,경상
2016111500100518,2016년 11월 15일 18시,화요일,강원도 강릉시 견소동,경상사고,0,0,1,0,차대차 - 정면충돌,중앙선침범,건조,흐림,교차로 - 교차로부근,승합,남,48세,상해없음,승용,여,45세,경상
2016111500100519,2016년 11월 15일 18시,화요일,강원도 원주시 단구동,경상사고,0,0,1,0,차대사람 - 횡단중,보행자보호의무위반,건조,맑음,교차로 - 교차로부근,승용,남,34세,상해없음,보행자,남,82세,경상
2016111500100520,2016년 11월 15일 18시,화요일,강원도 원주시 우산동,경상사고,0,0,1,0,차대차 - 정면충돌,안전운전불이행,건조,맑음,교차로 - 교차로안,화물,남,61세,상해없음,승용,남,48세,경상
2016111500100521,2016년 11월 15일 18시,화요일,강원도 태백시 황지동,부상신고사고,0,0,0,1,차대사람 - 기타,안전운전불이행,건조,맑음,기타 - 기타,기타불명,기타불명,기타불명,기타불명,보행자,여,28세,부상신고
2016111500100582,2016년 11월 15일 19시,화요일,강원도 원주시 단계동,경상사고,0,0,1,0,차대차 - 정면충돌,교차로운행방법위반,건조,맑음,교차로 - 교차로안,승용,남,72세,상해없음,이륜,남,18세,경상
2016111500100619,2016년 11월 15일 20시,화요일,강원도 원주시 단계동,부상신고사고,0,0,0,1,차대차 - 측면충돌,안전운전불이행,건조,맑음,단일로 - 기타,이륜,남,21세,부상신고,승용,남,43세,상해없음
2016111500100620,2016년 11월 15일 20시,화요일,강원도 양양군 양양읍,경상사고,0,0,2,0,차대차 - 측면직각충돌,신호위반,건조,맑음,교차로 - 교차로안,화물,남,55세,상해없음,승용,남,55세,경상
2016111500100659,2016년 11월 15일 21시,화요일,강원도 춘천시 퇴계동,경상사고,0,0,1,1,차대차 - 정면충돌,안전운전불이행,건조,맑음,단일로 - 기타,승용,남,61세,상해없음,승용,여,56세,부상신고
2016111500100714,2016년 11월 15일 23시,화요일,강원도 속초시 교동,중상사고,0,1,0,0,차대차 - 정면충돌,신호위반,건조,맑음,교차로 - 교차로안,승용,여,53세,상해없음,원동기,남,25세,중상
2016111600100069,2016년 11월 16일 06시,수요일,강원도 원주시 단계동,경상사고,0,0,1,0,차대차 - 정면충돌,교차로운행방법위반,건조,맑음,교차로 - 교차로안,승용,남,52세,상해없음,승용,남,63세,경상
2016111600100070,2016년 11월 16일 06시,수요일,강원도 동해시 발한동,사망사고,1,0,0,0,차대차 - 측면직각충돌,안전운전불이행,건조,맑음,단일로 - 기타,승용,남,49세,사망,화물,남,49세,상해없음
2016111600100098,2016년 11월 16일 07시,수요일,강원도 원주시 흥업면,부상신고사고,0,0,0,1,차대차 - 추돌,안전운전불이행,건조,맑음,기타 - 기타,기타불명,기타불명,기타불명,기타불명,승용,여,21세,부상신고
2016111600100135,2016년 11월 16일 08시,수요일,강원도 속초시 교동,중상사고,0,1,1,0,차대차 - 측면충돌,직진우회전진행방해,건조,맑음,교차로 - 교차로안,승용,남,35세,상해없음,승용,여,50세,중상
2016111600100136,2016년 11월 16일 08시,수요일,강원도 동해시 신흥동,경상사고,0,0,1,0,차대차 - 기타,안전운전불이행,건조,맑음,단일로 - 기타,화물,남,59세,상해없음,이륜,남,66세,경상
2016111600100185,2016년 11월 16일 09시,수요일,강원도 강릉시 홍제동,경상사고,0,0,1,0,차대차 - 추돌,안전운전불이행,건조,맑음,단일로 - 기타,화물,남,68세,상해없음,승용,남,43세,경상
2016111600100186,2016년 11월 16일 09시,수요일,강원도 속초시 교동,중상사고,0,1,0,0,차대차 - 측면충돌,안전운전불이행,건조,맑음,단일로 - 기타,승용,여,31세,상해없음,자전거,남,89세,중상
2016111600100222,2016년 11월 16일 10시,수요일,강원도 강릉시 홍제동,경상사고,0,0,3,0,차대차 - 추돌,안전운전불이행,건조,맑음,교차로 - 교차로안,승용,여,46세,상해없음,승용,남,60세,상해없음
2016111600100223,2016년 11월 16일 10시,수요일,강원도 삼척시 오분동,중상사고,0,2,0,0,차대차 - 추돌,안전거리미확보,건조,맑음,단일로 - 기타,승용,남,57세,상해없음,승용,남,36세,중상
2016111600100302,2016년 11월 16일 12시,수요일,강원도 강릉시 주문진읍,경상사고,0,0,1,0,차대차 - 추돌,안전운전불이행,건조,맑음,교차로 - 교차로안,이륜,남,35세,경상,승용,남,68세,상해없음
2016111600100303,2016년 11월 16일 12시,수요일,강원도 원주시 단계동,경상사고,0,0,2,0,차대차 - 기타,안전운전불이행,건조,맑음,교차로 - 교차로안,승용,여,42세,상해없음,승용,여,24세,경상
2016111600100304,2016년 11월 16일 12시,수요일,강원도 원주시 문막읍,부상신고사고,0,0,0,1,차대차 - 추돌,교차로운행방법위반,건조,맑음,교차로 - 교차로부근,화물,남,53세,상해없음,자전거,여,55세,부상신고
2016111600100331,2016년 11월 16일 13시,수요일,강원도 춘천시 근화동,경상사고,0,0,2,0,차대차 - 측면직각충돌,안전운전불이행,건조,맑음,교차로 - 교차로부근,원동기,남,58세,경상,승용,여,56세,상해없음
2016111600100363,2016년 11월 16일 14시,수요일,강원도 강릉시 주문진읍,경상사고,0,0,1,0,차대차 - 추돌,안전운전불이행,건조,맑음,단일로 - 기타,승합,남,50세,상해없음,승용,남,70세,경상
2016111600100394,2016년 11월 16일 15시,수요일,강원도 삼척시 교동,경상사고,0,0,1,0,차대차 - 추돌,안전운전불이행,건조,맑음,교차로 - 교차로부근,승용,남,66세,상해없음,승용,여,46세,경상
2016111600100430,2016년 11월 16일 16시,수요일,강원도 춘천시 석사동,경상사고,0,0,1,0,차대차 - 측면충돌,교차로운행방법위반,건조,맑음,교차로 - 교차로안,승합,남,43세,상해없음,승용,여,36세,경상
2016111600100431,2016년 11월 16일 16시,수요일,강원도 속초시 교동,경상사고,0,0,1,0,차대차 - 기타,안전운전불이행,건조,맑음,단일로 - 기타,화물,남,62세,상해없음,자전거,남,11세,경상
2016111600100432,2016년 11월 16일 16시,수요일,강원도 동해시 효가동,경상사고,0,0,2,0,차대차 - 추돌,안전거리미확보,건조,맑음,단일로 - 기타,승용,남,69세,상해없음,승용,남,34세,상해없음
2016111600100471,2016년 11월 16일 17시,수요일,강원도 삼척시 사직동,경상사고,0,0,1,0,차대차 - 측면직각충돌,안전운전불이행,건조,맑음,교차로 - 교차로안,승용,여,61세,상해없음,승용,남,23세,경상
2016111600100472,2016년 11월 16일 17시,수요일,강원도 횡성군 갑천면,중상사고,0,1,0,0,차대사람 - 횡단중,안전운전불이행,건조,맑음,교차로 - 교차로부근,승용,남,45세,상해없음,보행자,여,78세,중상
2016111600100473,2016년 11월 16일 17시,수요일,강원도 동해시 부곡동,경상사고,0,0,1,0,차대차 - 측면직각충돌,안전거리미확보,건조,맑음,단일로 - 기타,승합,여,57세,상해없음,승용,여,56세,경상
2016111600100474,2016년 11월 16일 17시,수요일,강원도 동해시 귀운동,경상사고,0,0,1,0,차량단독 - 공작물충돌,안전운전불이행,건조,맑음,단일로 - 교량,화물,남,54세,경상,,,,
2016111600100519,2016년 11월 16일 18시,수요일,강원도 춘천시 신동면,부상신고사고,0,0,0,3,차대차 - 정면충돌,교차로운행방법위반,건조,맑음,교차로 - 교차로안,승용,여,64세,상해없음,승합,남,54세,부상신고
2016111600100520,2016년 11월 16일 18시,수요일,강원도 강릉시 사천면,경상사고,0,0,2,0,차대차 - 정면충돌,중앙선침범,건조,맑음,단일로 - 기타,승용,여,25세,상해없음,승용,여,31세,경상
2016111600100521,2016년 11월 16일 18시,수요일,강원도 원주시 명륜동,경상사고,0,0,1,0,차대차 - 정면충돌,안전운전불이행,건조,맑음,교차로 - 교차로부근,승용,여,37세,상해없음,자전거,남,30세,경상
2016111600100522,2016년 11월 16일 18시,수요일,강원도 평창군 대관령면,경상사고,0,0,1,0,차대차 - 추돌,안전거리미확보,건조,맑음,단일로 - 기타,승용,여,58세,상해없음,화물,남,38세,경상
2016111600100570,2016년 11월 16일 19시,수요일,강원도 춘천시 운교동,경상사고,0,0,1,0,차대차 - 측면직각충돌,안전운전불이행,건조,맑음,교차로 - 교차로안,승용,남,58세,상해없음,이륜,여,45세,경상
2016111600100571,2016년 11월 16일 19시,수요일,강원도 속초시 교동,경상사고,0,0,1,0,차대차 - 측면충돌,안전거리미확보,건조,맑음,단일로 - 기타,승합,남,42세,상해없음,이륜,남,36세,경상
2016111600100603,2016년 11월 16일 20시,수요일,강원도 춘천시 운교동,중상사고,0,1,0,0,차대사람 - 길가장자리구역통행중,안전운전불이행,건조,맑음,단일로 - 기타,승용,여,23세,상해없음,보행자,남,56세,중상
2016111600100604,2016년 11월 16일 20시,수요일,강원도 춘천시 퇴계동,부상신고사고,0,0,0,1,차대차 - 추돌,안전거리미확보,건조,맑음,단일로 - 기타,승용,남,18세,상해없음,승용,남,18세,부상신고
2016111600100605,2016년 11월 16일 20시,수요일,강원도 원주시 단계동,중상사고,0,1,1,0,차대차 - 추돌,안전운전불이행,건조,맑음,단일로 - 기타,승용,남,54세,상해없음,승합,남,55세,상해없음
2016111600100683,2016년 11월 16일 23시,수요일,강원도 원주시 단구동,경상사고,0,0,3,0,차대차 - 추돌,안전운전불이행,건조,맑음,단일로 - 기타,승용,남,31세,상해없음,승용,여,56세,경상
2016111700100035,2016년 11월 17일 01시,목요일,강원도 원주시 흥업면,중상사고,0,1,1,0,차량단독 - 전도전복,안전운전불이행,건조,맑음,단일로 - 기타,승용,남,25세,상해없음,,,,
2016111700100077,2016년 11월 17일 06시,목요일,강원도 춘천시 효자동,중상사고,0,2,0,0,차대차 - 측면직각충돌,신호위반,건조,맑음,교차로 - 교차로안,승용,남,37세,기타불명,승용,남,39세,중상
2016111700100123,2016년 11월 17일 08시,목요일,강원도 화천군 간동면,중상사고,0,3,1,0,차대차 - 기타,중앙선침범,건조,맑음,단일로 - 기타,화물,남,51세,상해없음,화물,남,69세,경상
2016111700100180,2016년 11월 17일 10시,목요일,강원도 원주시 중앙동,경상사고,0,0,4,0,차대차 - 측면충돌,안전거리미확보,건조,맑음,단일로 - 기타,승합,남,74세,상해없음,승용,남,19세,경상
2016111700100181,2016년 11월 17일 10시,목요일,강원도 속초시 교동,중상사고,0,1,0,0,차대사람 - 길가장자리구역통행중,보행자보호의무위반,건조,맑음,단일로 - 기타,승용,여,52세,상해없음,보행자,여,62세,중상
2016111700100182,2016년 11월 17일 10시,목요일,강원도 홍천군 홍천읍,경상사고,0,0,1,0,차대사람 - 횡단중,안전운전불이행,건조,맑음,교차로 - 교차로안,승용,여,59세,상해없음,보행자,여,82세,경상
2016111700100183,2016년 11월 17일 10시,목요일,강원도 태백시 황지동,경상사고,0,0,1,0,차대차 - 측면직각충돌,교차로운행방법위반,건조,맑음,교차로 - 교차로안,승용,남,50세,상해없음,승용,남,43세,경상
2016111700100215,2016년 11월 17일 11시,목요일,강원도 원주시 일산동,중상사고,0,1,0,0,차대사람 - 횡단중,안전운전불이행,건조,맑음,단일로 - 기타,승용,남,77세,상해없음,보행자,여,58세,중상