사고번호,사고일시,요일,시군구,사고내용,사망자수,중상자수,경상자수,부상신고자수,사고유형,법규위반,노면상태,기상상태,도로형태,가해운전자 차종,가해운전자 성별,가해운전자 연령,가해운전자 상해정도,피해운전자 차종,피해운전자 성별,피해운전자 연령,피해운전자 상해정도
2016112100100420,2016년 11월 21일 17시,월요일,강원도 춘천시 근화동,경상사고,0,0,1,0,차대사람 - 횡단중,안전운전불이행,건조,맑음,단일로 - 기타,자전거,남,54세,상해없음,보행자,남,50세,경상
2016112100100421,2016년 11월 21일 17시,월요일,강원도 강릉시 옥천동,중상사고,0,1,0,0,차대차 - 기타,안전운전불이행,건조,맑음,교차로 - 교차로안,승용,여,39세,상해없음,원동기,남,51세,중상
2016112100100475,2016년 11월 21일 18시,월요일,강원도 동해시 효가동,경상사고,0,0,1,0,차대차 - 측면직각충돌,안전운전불이행,건조,맑음,교차로 - 교차로안,승용,남,72세,상해없음,자전거,남,42세,경상
2016112100100525,2016년 11월 21일 19시,월요일,강원도 강릉시 주문진읍,경상사고,0,0,1,0,차대사람 - 횡단중,안전운전불이행,건조,맑음,교차로 - 교차로안,승용,남,75세,상해없음,보행자,여,64세,경상
2016112100100582,2016년 11월 21일 21시,월요일,강원도 강릉시 두산동,경상사고,0,0,1,0,차대사람 - 횡단중,안전운전불이행,건조,맑음,단일로 - 기타,승용,남,50세,상해없음,보행자,남,63세,경상
2016112200100010,2016년 11월 22일 00시,화요일,강원도 원주시 태장동,중상사고,0,1,0,0,차대사람 - 횡단중,안전거리미확보,건조,맑음,교차로 - 교차로안,승용,남,29세,상해없음,보행자,남,48세,중상
2016112200100037,2016년 11월 22일 04시,화요일,강원도 속초시 장사동,중상사고,0,1,0,0,차대차 - 추돌,안전운전불이행,습기,비,단일로 - 기타,이륜,남,21세,중상,화물,남,54세,상해없음
2016112200100075,2016년 11월 22일 07시,화요일,강원도 춘천시 효자동,경상사고,0,0,2,0,차대차 - 추돌,안전운전불이행,습기,흐림,교차로 - 교차로부근,승용,여,39세,상해없음,승용,남,53세,경상
2016112200100076,2016년 11월 22일 07시,화요일,강원도 춘천시 근화동,경상사고,0,0,3,0,차대차 - 측면충돌,안전거리미확보,건조,맑음,단일로 - 기타,승합,남,42세,상해없음,승용,남,32세,경상
2016112200100077,2016년 11월 22일 07시,화요일,강원도 춘천시 효자동,경상사고,0,0,1,0,차대차 - 측면직각충돌,안전운전불이행,습기,맑음,단일로 - 기타,화물,남,58세,상해없음,승용,여,45세,경상
2016112200100153,2016년 11월 22일 10시,화요일,강원도 원주시 봉산동,경상사고,0,0,2,1,차대차 - 측면충돌,신호위반,습기,비,교차로 - 교차로안,승용,여,53세,부상신고,승용,남,54세,경상
2016112200100154,2016년 11월 22일 10시,화요일,강원도 삼척시 성북동,사망사고,1,0,0,0,차대사람 - 횡단중,안전운전불이행,건조,흐림,교차로 - 교차로안,승용,남,38세,상해없음,보행자,남,79세,사망
2016112200100155,2016년 11월 22일 10시,화요일,강원도 정선군 정선읍,경상사고,0,0,1,0,차대차 - 정면충돌,안전운전불이행,건조,맑음,단일로 - 기타,승용,남,30세,상해없음,승용,여,64세,경상
2016112200100156,2016년 11월 22일 10시,화요일,강원도 인제군 북면,경상사고,0,0,3,0,차대차 - 추돌,안전운전불이행,습기,흐림,교차로 - 교차로부근,승용,남,66세,상해없음,승용,남,69세,경상
2016112200100157,2016년 11월 22일 10시,화요일,강원도 양구군 양구읍,경상사고,0,0,1,0,차대차 - 측면충돌,안전운전불이행,건조,맑음,교차로 - 교차로부근,화물,남,75세,상해없음,이륜,남,66세,경상
2016112200100181,2016년 11월 22일 11시,화요일,강원도 원주시 봉산동,중상사고,0,1,0,2,차대차 - 정면충돌,중앙선침범,건조,맑음,단일로 - 기타,승용,여,53세,상해없음,승용,남,37세,중상
2016112200100315,2016년 11월 22일 16시,화요일,강원도 강릉시 초당동,중상사고,0,1,2,0,차대차 - 추돌,신호위반,건조,맑음,교차로 - 교차로안,승용,남,42세,경상,승용,남,61세,경상
2016112200100316,2016년 11월 22일 16시,화요일,강원도 삼척시 교동,경상사고,0,0,2,0,차대차 - 측면충돌,직진우회전진행방해,습기,비,교차로 - 교차로안,승용,여,63세,경상,화물,남,50세,경상
2016112200100353,2016년 11월 22일 17시,화요일,강원도 춘천시 후평동,경상사고,0,0,1,0,차대차 - 측면직각충돌,교차로운행방법위반,건조,맑음,교차로 - 교차로안,승합,남,67세,상해없음,화물,남,27세,경상
2016112200100354,2016년 11월 22일 17시,화요일,강원도 강릉시 노암동,경상사고,0,0,1,0,차대사람 - 기타,보행자보호의무위반,습기,비,교차로 - 교차로안,승용,남,51세,상해없음,보행자,남,65세,경상
2016112200100355,2016년 11월 22일 17시,화요일,강원도 동해시 쇄운동,중상사고,0,1,0,0,차대차 - 추돌,안전운전불이행,습기,비,교차로 - 교차로안,건설기계,남,59세,상해없음,화물,남,28세,중상
2016112200100404,2016년 11월 22일 18시,화요일,강원도 원주시 흥업면,경상사고,0,0,1,0,차대사람 - 길가장자리구역통행중,안전운전불이행,건조,맑음,단일로 - 기타,승용,여,55세,상해없음,보행자,여,24세,경상
2016112200100405,2016년 11월 22일 18시,화요일,강원도 속초시 조양동,중상사고,0,1,1,0,차대차 - 추돌,안전운전불이행,습기,비,교차로 - 교차로부근,승용,남,61세,상해없음,승용,남,30세,경상
2016112200100406,2016년 11월 22일 18시,화요일,강원도 속초시 교동,경상사고,0,0,1,0,차대차 - 정면충돌,교차로운행방법위반,습기,비,교차로 - 교차로안,승용,남,57세,상해없음,이륜,남,28세,경상
2016112200100458,2016년 11월 22일 19시,화요일,강원도 원주시 단계동,경상사고,0,0,1,0,차대사람 - 횡단중,안전운전불이행,건조,맑음,단일로 - 횡단보도부근,승용,여,54세,상해없음,보행자,여,15세,경상
2016112200100549,2016년 11월 22일 22시,화요일,강원도 강릉시 교동,경상사고,0,0,1,0,차대사람 - 횡단중,안전운전불이행,습기,비,교차로 - 교차로안,화물,남,37세,상해없음,보행자,남,46세,경상
2016112200100550,2016년 11월 22일 22시,화요일,강원도 원주시 단구동,경상사고,0,0,3,0,차대차 - 추돌,안전운전불이행,건조,맑음,교차로 - 교차로부근,승용,남,37세,상해없음,화물,남,36세,경상
2016112200100575,2016년 11월 22일 23시,화요일,강원도 춘천시 석사동,경상사고,0,0,1,0,차대차 - 측면충돌,신호위반,건조,맑음,교차로 - 교차로안,승용,남,24세,상해없음,승용,남,46세,경상
2016112300100013,2016년 11월 23일 00시,수요일,강원도 원주시 단구동,중상사고,0,1,0,0,차대사람 - 횡단중,보행자보호의무위반,건조,맑음,교차로 - 교차로안,승용,남,30세,상해없음,보행자,남,60세,중상
2016112300100014,2016년 11월 23일 00시,수요일,강원도 삼척시 사직동,경상사고,0,0,1,0,차대차 - 측면충돌,신호위반,습기,흐림,교차로 - 교차로안,승용,남,30세,상해없음,승합,남,65세,경상
2016112300100030,2016년 11월 23일 01시,수요일,강원도 강릉시 포남동,중상사고,0,1,0,0,차대차 - 추돌,안전운전불이행,건조,맑음,단일로 - 기타,승용,남,27세,상해없음,승용,남,32세,중상
2016112300100031,2016년 11월 23일 01시,수요일,강원도 강릉시 포남동,경상사고,0,0,4,0,차대차 - 측면직각충돌,안전운전불이행,습기,흐림,교차로 - 교차로안,승용,남,64세,상해없음,승용,남,44세,경상
2016112300100096,2016년 11월 23일 07시,수요일,강원도 춘천시 서면,중상사고,0,1,0,0,차대차 - 추돌,안전운전불이행,건조,맑음,단일로 - 기타,승용,남,37세,상해없음,승용,여,57세,중상
2016112300100127,2016년 11월 23일 08시,수요일,강원도 춘천시 퇴계동,경상사고,0,0,1,0,차대차 - 측면충돌,신호위반,건조,맑음,교차로 - 교차로안,승합,남,33세,상해없음,승용,남,69세,경상
2016112300100128,2016년 11월 23일 08시,수요일,강원도 원주시 개운동,경상사고,0,0,1,0,차대사람 - 길가장자리구역통행중,안전운전불이행,건조,맑음,단일로 - 기타,승용,여,40세,상해없음,보행자,여,18세,경상
2016112300100169,2016년 11월 23일 09시,수요일,강원도 춘천시 퇴계동,경상사고,0,0,1,0,차대차 - 측면직각충돌,안전거리미확보,건조,맑음,단일로 - 기타,승용,여,61세,상해없음,승용,여,47세,경상
2016112300100170,2016년 11월 23일 09시,수요일,강원도 원주시 개운동,중상사고,0,1,0,0,차대차 - 정면충돌,안전운전불이행,건조,맑음,교차로 - 교차로부근,승용,남,32세,상해없음,승용,남,73세,중상
2016112300100171,2016년 11월 23일 09시,수요일,강원도 원주시 봉산동,경상사고,0,0,1,0,차대차 - 측면직각충돌,교차로운행방법위반,건조,맑음,교차로 - 교차로안,승합,남,29세,상해없음,승용,남,62세,상해없음
2016112300100201,2016년 11월 23일 10시,수요일,강원도 강릉시 포남동,중상사고,0,1,0,0,차대차 - 추돌,안전운전불이행,건조,맑음,교차로 - 교차로안,승용,남,51세,상해없음,원동기,남,49세,중상
2016112300100202,2016년 11월 23일 10시,수요일,강원도 원주시 개운동,경상사고,0,0,1,0,차대차 - 기타,불법유턴,건조,맑음,단일로 - 기타,화물,남,28세,상해없음,승용,남,50세,상해없음
2016112300100203,2016년 11월 23일 10시,수요일,강원도 삼척시 원덕읍,경상사고,0,0,2,0,차대차 - 추돌,안전운전불이행,건조,맑음,교차로 - 교차로부근,건설기계,남,38세,상해없음,승용,남,34세,경상
2016112300100235,2016년 11월 23일 11시,수요일,강원도 춘천시 동면,경상사고,0,0,2,0,차대차 - 측면충돌,교차로운행방법위반,건조,맑음,교차로 - 교차로안,승용,여,44세,경상,특수,남,45세,경상
2016112300100236,2016년 11월 23일 11시,수요일,강원도 강릉시 옥천동,경상사고,0,0,1,0,차대차 - 추돌,안전운전불이행,건조,맑음,단일로 - 기타,승용,남,48세,상해없음,이륜,남,31세,경상
2016112300100283,2016년 11월 23일 13시,수요일,강원도 춘천시 동내면,중상사고,0,1,1,0,차대차 - 측면직각충돌,차로위반,건조,맑음,교차로 - 교차로부근,승용,남,24세,상해없음,화물,남,21세,경상
2016112300100284,2016년 11월 23일 13시,수요일,강원도 원주시 봉산동,경상사고,0,0,1,0,차대차 - 정면충돌,교차로운행방법위반,건조,맑음,교차로 - 교차로안,승용,남,75세,상해없음,승용,여,30세,경상
2016112300100305,2016년 11월 23일 14시,수요일,강원도 원주시 단계동,경상사고,0,0,2,0,차대차 - 정면충돌,안전운전불이행,건조,맑음,단일로 - 기타,승용,남,32세,상해없음,승용,남,22세,경상
2016112300100306,2016년 11월 23일 14시,수요일,강원도 원주시 단계동,경상사고,0,0,1,0,차대차 - 정면충돌,안전운전불이행,건조,맑음,교차로 - 교차로부근,승용,여,34세,상해없음,승용,남,46세,경상
2016112300100337,2016년 11월 23일 15시,수요일,강원도 춘천시 퇴계동,경상사고,0,0,2,0,차대차 - 측면직각충돌,신호위반,건조,맑음,교차로 - 교차로안,승용,남,78세,기타불명,승용,남,63세,경상
2016112300100338,2016년 11월 23일 15시,수요일,강원도 춘천시 신동면,부상신고사고,0,0,0,1,차대차 - 측면충돌,교차로운행방법위반,건조,맑음,교차로 - 교차로부근,건설기계,남,59세,상해없음,승용,남,46세,상해없음
2016112300100373,2016년 11월 23일 16시,수요일,강원도 원주시 단구동,경상사고,0,0,1,0,차대차 - 측면충돌,교차로운행방법위반,건조,맑음,교차로 - 교차로안,승용,남,57세,상해없음,승용,남,53세,경상
2016112300100409,2016년 11월 23일 17시,수요일,강원도 원주시 반곡동,경상사고,0,0,1,0,차대사람 - 기타,안전운전불이행,건조,맑음,단일로 - 기타,승합,남,55세,상해없음,보행자,남,57세,경상
2016112300100457,2016년 11월 23일 18시,수요일,강원도 춘천시 후평동,경상사고,0,0,1,0,차대차 - 측면직각충돌,기타,건조,맑음,단일로 - 기타,승용,여,27세,상해없음,이륜,남,31세,경상
2016112300100458,2016년 11월 23일 18시,수요일,강원도 영월군 영월읍,중상사고,0,1,0,0,차대사람 - 횡단중,보행자보호의무위반,건조,맑음,단일로 - 기타,승용,여,38세,상해없음,보행자,남,69세,중상
2016112300100501,2016년 11월 23일 19시,수요일,강원도 강릉시 노암동,중상사고,0,1,0,0,차대사람 - 횡단중,보행자보호의무위반,건조,맑음,단일로 - 기타,승용,남,51세,상해없음,보행자,남,69세,중상
2016112300100502,2016년 11월 23일 19시,수요일,강원도 강릉시 포남동,경상사고,0,0,3,0,차대차 - 추돌,안전운전불이행,건조,맑음,교차로 - 교차로부근,화물,남,70세,상해없음,승용,남,26세,경상
2016112300100503,2016년 11월 23일 19시,수요일,강원도 홍천군 홍천읍,중상사고,0,4,1,0,차대차 - 추돌,안전운전불이행,건조,맑음,단일로 - 교량,화물,남,43세,경상,승용,남,21세,중상
2016112300100562,2016년 11월 23일 21시,수요일,강원도 원주시 신림면,중상사고,0,1,0,0,차대사람 - 횡단중,안전운전불이행,건조,맑음,단일로 - 기타,승용,남,55세,상해없음,보행자,여,48세,중상
2016112300100594,2016년 11월 23일 22시,수요일,강원도 원주시 인동,경상사고,0,0,1,0,차대차 - 측면충돌,안전운전불이행,건조,맑음,단일로 - 기타,승용,남,26세,상해없음,승용,남,30세,경상
2016112300100595,2016년 11월 23일 22시,수요일,강원도 동해시 동회동,경상사고,0,0,1,0,차대사람 - 길가장자리구역통행중,안전운전불이행,건조,맑음,단일로 - 기타,기타불명,기타불명,기타불명,기타불명,보행자,남,45세,경상
2016112300100619,2016년 11월 23일 23시,수요일,강원도 춘천시 석사동,경상사고,0,0,1,0,차대사람 - 기타,보행자보호의무위반,건조,맑음,단일로 - 기타,승용,남,32세,상해없음,보행자,여,21세,경상
2016112400100243,2016년 11월 24일 11시,목요일,강원도 강릉시 지변동,경상사고,0,0,1,0,차대차 - 기타,안전운전불이행,건조,맑음,교차로 - 교차로안,승용,남,37세,상해없음,승용,남,27세,경상
2016112400100244,2016년 11월 24일 11시,목요일,강원도 동해시 이로동,경상사고,0,0,1,0,차대차 - 추돌,안전거리미확보,건조,맑음,단일로 - 기타,승용,여,38세,상해없음,승용,여,54세,경상
2016112400100275,2016년 11월 24일 12시,목요일,강원도 강릉시 성남동,경상사고,0,0,1,0,차대사람 - 횡단중,보행자보호의무위반,건조,맑음,단일로 - 횡단보도상,승용,여,46세,상해없음,보행자,여,81세,경상
2016112400100303,2016년 11월 24일 13시,목요일,강원도 삼척시 당저동,경상사고,0,0,1,0,차대차 - 측면충돌,직진우회전진행방해,건조,맑음,교차로 - 교차로안,승용,여,60세,상해없음,원동기,남,53세,경상
2016112400100373,2016년 11월 24일 15시,목요일,강원도 강릉시 옥천동,중상사고,0,1,0,0,차대사람 - 횡단중,보행자보호의무위반,건조,맑음,단일로 - 횡단보도상,승용,남,60세,상해없음,보행자,남,49세,중상
2016112400100374,2016년 11월 24일 15시,목요일,강원도 원주시 명륜동,경상사고,0,0,2,0,차대차 - 측면충돌,신호위반,건조,맑음,교차로 - 교차로안,승용,여,51세,상해없음,승용,남,63세,경상
2016112400100375,2016년 11월 24일 15시,목요일,강원도 영월군 주천면,경상사고,0,0,1,0,차대차 - 측면충돌,중앙선침범,건조,맑음,단일로 - 기타,승용,여,62세,상해없음,승용,여,32세,경상
2016112400100376,2016년 11월 24일 15시,목요일,강원도 철원군 동송읍,중상사고,0,1,0,0,차대사람 - 횡단중,안전운전불이행,건조,맑음,교차로 - 교차로안,승용,여,32세,상해없음,보행자,남,70세,중상
2016112400100406,2016년 11월 24일 16시,목요일,강원도 홍천군 홍천읍,경상사고,0,0,3,0,차대차 - 측면충돌,교차로운행방법위반,건조,맑음,교차로 - 교차로안,승용,남,80세,상해없음,승용,남,50세,경상
2016112400100444,2016년 11월 24일 17시,목요일,강원도 강릉시 교동,중상사고,0,1,0,0,차대사람 - 횡단중,안전운전불이행,건조,흐림,단일로 - 기타,승용,남,25세,상해없음,보행자,남,71세,중상
2016112400100445,2016년 11월 24일 17시,목요일,강원도 원주시 단계동,경상사고,0,0,1,1,차대차 - 정면충돌,안전거리미확보,건조,맑음,단일로 - 기타,승용,여,36세,상해없음,승용,남,28세,경상
2016112400100446,2016년 11월 24일 17시,목요일,강원도 홍천군 홍천읍,경상사고,0,0,1,0,차대사람 - 횡단중,안전운전불이행,건조,맑음,단일로 - 기타,화물,남,42세,상해없음,보행자,여,81세,경상
2016112400100447,2016년 11월 24일 17시,목요일,강원도 평창군 평창읍,경상사고,0,0,2,0,차대차 - 추돌,안전운전불이행,건조,맑음,단일로 - 기타,승용,남,65세,상해없음,화물,남,44세,경상
2016112400100502,2016년 11월 24일 18시,목요일,강원도 강릉시 노암동,경상사고,0,0,1,0,차대차 - 측면충돌,안전운전불이행,건조,맑음,교차로 - 교차로부근,승용,남,61세,상해없음,승용,남,34세,기타불명
2016112400100503,2016년 11월 24일 18시,목요일,강원도 원주시 흥업면,경상사고,0,0,9,0,차대차 - 정면충돌,안전거리미확보,건조,맑음,단일로 - 기타,화물,남,36세,상해없음,화물,남,60세,경상
2016112400100544,2016년 11월 24일 19시,목요일,강원도 춘천시 석사동,경상사고,0,0,1,0,차대차 - 추돌,안전거리미확보,건조,맑음,교차로 - 교차로부근,승용,남,61세,기타불명,승용,남,52세,경상
2016112400100545,2016년 11월 24일 19시,목요일,강원도 춘천시 효자동,부상신고사고,0,0,0,1,차대차 - 정면충돌,차로위반,건조,맑음,단일로 - 기타,승합,남,67세,상해없음,이륜,남,22세,부상신고
2016112400100611,2016년 11월 24일 21시,목요일,강원도 삼척시 남양동,경상사고,0,0,1,0,차대사람 - 횡단중,보행자보호의무위반,건조,맑음,단일로 - 횡단보도상,승용,남,64세,상해없음,보행자,여,43세,경상
2016112400100642,2016년 11월 24일 22시,목요일,강원도 원주시 단계동,경상사고,0,0,1,0,차대차 - 기타,차로위반,건조,맑음,단일로 - 기타,승용,남,48세,상해없음,이륜,남,17세,경상
2016112500100006,2016년 11월 25일 00시,금요일,강원도 원주시 우산동,경상사고,0,0,1,1,차대차 - 정면충돌,안전거리미확보,건조,맑음,교차로 - 교차로부근,승용,남,21세,부상신고,화물,남,58세,경상
2016112500100022,2016년 11월 25일 01시,금요일,강원도 원주시 명륜동,경상사고,0,0,2,0,차대차 - 정면충돌,교차로운행방법위반,건조,맑음,교차로 - 교차로안,승용,여,51세,경상,승용,남,36세,경상
2016112500100164,2016년 11월 25일 09시,금요일,강원도 춘천시 동산면,중상사고,0,2,1,0,차대차 - 정면충돌,직진우회전진행방해,건조,맑음,교차로 - 교차로안,승용,남,54세,경상,승용,여,37세,중상
2016112500100260,2016년 11월 25일 13시,금요일,강원도 춘천시 석사동,중상사고,0,1,0,0,차대차 - 측면직각충돌,안전운전불이행,건조,맑음,교차로 - 교차로안,승용,남,56세,상해없음,자전거,남,71세,중상
2016112500100261,2016년 11월 25일 13시,금요일,강원도 강릉시 포남동,경상사고,0,0,1,0,차대차 - 추돌,안전운전불이행,건조,맑음,교차로 - 교차로안,승용,여,34세,상해없음,승용,여,51세,경상
2016112500100262,2016년 11월 25일 13시,금요일,강원도 삼척시 정상동,경상사고,0,0,1,0,차대사람 - 횡단중,안전운전불이행,건조,맑음,교차로 - 교차로안,승용,여,40세,상해없음,보행자,남,68세,경상
2016112500100296,2016년 11월 25일 14시,금요일,강원도 태백시 통동,경상사고,0,0,1,0,차대사람 - 횡단중,보행자보호의무위반,건조,맑음,단일로 - 기타,승용,남,78세,상해없음,보행자,남,73세,경상
2016112500100297,2016년 11월 25일 14시,금요일,강원도 고성군 죽왕면,중상사고,0,1,8,0,차대차 - 추돌,안전운전불이행,건조,맑음,단일로 - 기타,건설기계,남,38세,상해없음,승용,여,26세,경상
2016112500100298,2016년 11월 25일 14시,금요일,강원도 원주시 문막읍,중상사고,0,1,3,0,차대차 - 추돌,안전거리미확보,건조,맑음,단일로 - 기타,승용,남,20세,상해없음,승용,남,61세,경상
2016112500100331,2016년 11월 25일 15시,금요일,강원도 춘천시 운교동,경상사고,0,0,1,0,차대차 - 정면충돌,직진우회전진행방해,건조,맑음,교차로 - 교차로안,승용,여,37세,상해없음,승용,여,52세,경상
2016112500100374,2016년 11월 25일 16시,금요일,강원도 춘천시 퇴계동,경상사고,0,0,3,0,차대사람 - 보도통행중,안전운전불이행,건조,맑음,단일로 - 기타,승용,남,27세,상해없음,보행자,남,10세,경상
2016112500100375,2016년 11월 25일 16시,금요일,강원도 양구군 양구읍,경상사고,0,0,1,0,차대차 - 정면충돌,안전운전불이행,건조,맑음,교차로 - 교차로안,승용,남,73세,상해없음,화물,남,60세,경상
2016112500100411,2016년 11월 25일 17시,금요일,강원도 강릉시 교동,경상사고,0,0,1,0,차대사람 - 횡단중,안전운전불이행,건조,맑음,단일로 - 기타,자전거,남,25세,상해없음,보행자,여,4세,경상
2016112500100412,2016년 11월 25일 17시,금요일,강원도 강릉시 지변동,경상사고,0,0,1,0,차대차 - 측면직각충돌,교차로운행방법위반,건조,맑음,교차로 - 교차로안,승용,남,31세,상해없음,승용,여,51세,경상
2016112500100413,2016년 11월 25일 17시,금요일,강원도 원주시 무실동,경상사고,0,0,1,0,차대차 - 정면충돌,안전거리미확보,건조,맑음,단일로 - 기타,승용,남,40세,상해없음,승용,남,48세,상해없음
2016112500100414,2016년 11월 25일 17시,금요일,강원도 원주시 봉산동,경상사고,0,0,2,0,차대차 - 정면충돌,기타,기타,기타,단일로 - 기타,승용,남,71세,상해없음,승용,남,69세,상해없음
2016112500100415,2016년 11월 25일 17시,금요일,강원도 평창군 진부면,경상사고,0,0,2,0,차대사람 - 길가장자리구역통행중,안전운전불이행,건조,맑음,단일로 - 교량,이륜,남,46세,경상,보행자,여,76세,경상
2016112500100416,2016년 11월 25일 17시,금요일,강원도 정선군 정선읍,중상사고,0,1,0,0,차대사람 - 횡단중,안전운전불이행,건조,맑음,교차로 - 교차로안,승용,남,63세,상해없음,보행자,남,59세,중상
2016112500100469,2016년 11월 25일 18시,금요일,강원도 홍천군 홍천읍,경상사고,0,0,1,0,차대차 - 기타,안전운전불이행,건조,맑음,단일로 - 기타,승용,남,34세,상해없음,승용,남,58세,경상
2016112500100523,2016년 11월 25일 19시,금요일,강원도 춘천시 온의동,경상사고,0,0,2,0,차대차 - 측면직각충돌,직진우회전진행방해,건조,맑음,교차로 - 교차로안,원동기,여,47세,경상,승합,남,57세,경상
2016112500100524,2016년 11월 25일 19시,금요일,강원도 춘천시 퇴계동,경상사고,0,0,2,0,차대차 - 측면직각충돌,교차로운행방법위반,건조,맑음,교차로 - 교차로부근,승용,남,35세,상해없음,원동기,남,15세,경상
2016112500100525,2016년 11월 25일 19시,금요일,강원도 춘천시 석사동,중상사고,0,1,0,0,차대차 - 측면직각충돌,안전운전불이행,건조,맑음,교차로 - 교차로부근,승용,남,28세,상해없음,원동기,남,21세,중상
2016112500100526,2016년 11월 25일 19시,금요일,강원도 원주시 단구동,경상사고,0,0,1,0,차대차 - 정면충돌,직진우회전진행방해,건조,기타,교차로 - 교차로안,승용,여,24세,상해없음,승용,여,43세,경상
2016112500100659,2016년 11월 25일 22시,금요일,강원도 원주시 반곡동,경상사고,0,0,1,0,차대차 - 정면충돌,안전운전불이행,건조,맑음,단일로 - 기타,승용,남,54세,기타불명,승용,남,53세,경상
2016112500100660,2016년 11월 25일 22시,금요일,강원도 영월군 영월읍,부상신고사고,0,0,0,1,차대차 - 추돌,안전거리미확보,건조,맑음,단일로 - 기타,승용,남,30세,상해없음,화물,남,39세,부상신고
2016112500100661,2016년 11월 25일 22시,금요일,강원도 정선군 정선읍,중상사고,0,3,2,0,차대차 - 정면충돌,안전운전불이행,건조,맑음,교차로 - 교차로안,승용,남,58세,중상,승용,여,59세,경상
2016112500100690,2016년 11월 25일 23시,금요일,강원도 춘천시 퇴계동,경상사고,0,0,1,0,차대차 - 추돌,안전운전불이행,건조,맑음,교차로 - 교차로부근,승용,여,51세,상해없음,승용,여,48세,상해없음
2016112500100691,2016년 11월 25일 23시,금요일,강원도 강릉시 입암동,경상사고,0,0,1,0,차대차 - 추돌,안전운전불이행,건조,맑음,교차로 - 교차로부근,승용,여,37세,상해없음,승용,여,57세,경상
2016112600100015,2016년 11월 26일 00시,토요일,강원도 춘천시 중앙로1가,경상사고,0,0,1,0,차대차 - 측면직각충돌,교차로운행방법위반,건조,맑음,교차로 - 교차로안,승용,남,57세,상해없음,원동기,남,36세,경상
2016112600100107,2016년 11월 26일 06시,토요일,강원도 원주시 단계동,경상사고,0,0,1,0,차대사람 - 횡단중,안전운전불이행,건조,맑음,단일로 - 횡단보도부근,승용,남,73세,상해없음,보행자,남,50세,경상
2016112600100122,2016년 11월 26일 07시,토요일,강원도 속초시 교동,중상사고,0,1,0,0,차대차 - 추돌,안전운전불이행,건조,맑음,단일로 - 기타,승용,남,24세,상해없음,승용,남,68세,중상
2016112600100123,2016년 11월 26일 07시,토요일,강원도 홍천군 홍천읍,경상사고,0,0,2,0,차대차 - 측면직각충돌,신호위반,건조,맑음,교차로 - 교차로안,승용,남,48세,상해없음,승용,남,24세,경상
2016112600100170,2016년 11월 26일 10시,토요일,강원도 원주시 호저면,중상사고,0,1,1,0,차대차 - 추돌,안전거리미확보,건조,맑음,교차로 - 교차로부근,승용,남,48세,상해없음,승용,남,27세,중상
2016112600100171,2016년 11월 26일 10시,토요일,강원도 원주시 문막읍,경상사고,0,0,2,0,차대차 - 추돌,안전운전불이행,건조,맑음,단일로 - 기타,승용,남,66세,상해없음,승용,남,46세,상해없음
2016112600100192,2016년 11월 26일 11시,토요일,강원도 춘천시 퇴계동,중상사고,0,1,0,0,차대차 - 측면직각충돌,안전거리미확보,건조,맑음,단일로 - 기타,승합,남,55세,상해없음,이륜,남,58세,중상
2016112600100248,2016년 11월 26일 13시,토요일,강원도 원주시 무실동,경상사고,0,0,2,1,차대차 - 정면충돌,안전운전불이행,건조,맑음,단일로 - 기타,승용,여,53세,부상신고,승용,여,39세,경상
2016112600100249,2016년 11월 26일 13시,토요일,강원도 원주시 호저면,중상사고,0,2,3,0,차대차 - 추돌,안전운전불이행,적설,눈,단일로 - 교량,승용,여,40세,상해없음,승용,남,46세,중상
2016112600100250,2016년 11월 26일 13시,토요일,강원도 원주시 호저면,경상사고,0,0,2,0,차대차 - 추돌,안전운전불이행,습기,눈,단일로 - 교량,승용,여,47세,상해없음,승용,남,70세,경상
2016112600100282,2016년 11월 26일 14시,토요일,강원도 홍천군 홍천읍,경상사고,0,0,1,0,차대사람 - 횡단중,보행자보호의무위반,건조,맑음,단일로 - 횡단보도상,승용,남,54세,상해없음,보행자,남,43세,경상
2016112600100321,2016년 11월 26일 15시,토요일,강원도 강릉시 주문진읍,경상사고,0,0,2,0,차량단독 - 전도전복,안전운전불이행,건조,맑음,단일로 - 기타,승용,남,81세,상해없음,,,,
2016112600100322,2016년 11월 26일 15시,토요일,강원도 강릉시 성내동,경상사고,0,0,1,0,차대차 - 측면충돌,신호위반,건조,맑음,교차로 - 교차로안,화물,여,55세,상해없음,승용,여,49세,경상
2016112600100323,2016년 11월 26일 15시,토요일,강원도 원주시 흥업면,경상사고,0,0,1,0,차대차 - 정면충돌,안전거리미확보,결빙,눈,단일로 - 기타,승용,남,44세,상해없음,승용,여,49세,경상
2016112600100324,2016년 11월 26일 15시,토요일,강원도 원주시 흥업면,중상사고,0,1,0,0,차대차 - 추돌,안전거리미확보,습기,눈,단일로 - 기타,승용,남,34세,상해없음,승합,남,41세,중상
2016112600100364,2016년 11월 26일 16시,토요일,강원도 춘천시 동면,중상사고,0,2,4,1,차대차 - 추돌,안전운전불이행,결빙,맑음,단일로 - 기타,승용,남,50세,상해없음,승용,여,53세,상해없음