사고번호,사고일시,요일,시군구,사고내용,사망자수,중상자수,경상자수,부상신고자수,사고유형,법규위반,노면상태,기상상태,도로형태,가해운전자 차종,가해운전자 성별,가해운전자 연령,가해운전자 상해정도,피해운전자 차종,피해운전자 성별,피해운전자 연령,피해운전자 상해정도
2016113000100577,2016년 11월 30일 22시,수요일,강원도 삼척시 남양동,경상사고,0,0,1,0,차대사람 - 횡단중,안전운전불이행,건조,맑음,교차로 - 교차로안,승용,여,43세,상해없음,보행자,남,54세,경상
2016113000100616,2016년 11월 30일 23시,수요일,강원도 속초시 조양동,중상사고,0,1,0,0,차대사람 - 기타,안전운전불이행,건조,맑음,단일로 - 기타,승용,남,57세,상해없음,보행자,남,58세,중상
2016120100100078,2016년 12월 1일 06시,목요일,강원도 철원군 갈말읍,중상사고,0,1,0,0,차대사람 - 횡단중,안전운전불이행,건조,맑음,단일로 - 기타,화물,남,61세,상해없음,보행자,남,82세,중상
2016120100100135,2016년 12월 1일 08시,목요일,강원도 춘천시 우두동,경상사고,0,0,1,0,차대차 - 측면충돌,신호위반,건조,맑음,교차로 - 교차로안,승용,남,78세,상해없음,승용,여,30세,경상
2016120100100136,2016년 12월 1일 08시,목요일,강원도 원주시 중앙동,경상사고,0,0,2,0,차대차 - 정면충돌,신호위반,건조,맑음,교차로 - 교차로안,승용,남,61세,상해없음,승용,남,55세,경상
2016120100100137,2016년 12월 1일 08시,목요일,강원도 원주시 단구동,경상사고,0,0,1,0,차대차 - 측면충돌,신호위반,건조,맑음,교차로 - 교차로안,이륜,남,75세,상해없음,승용,여,44세,경상
2016120100100138,2016년 12월 1일 08시,목요일,강원도 원주시 단계동,중상사고,0,1,1,0,차대차 - 정면충돌,교차로운행방법위반,건조,맑음,교차로 - 교차로안,승용,남,31세,상해없음,승용,남,64세,경상
2016120100100187,2016년 12월 1일 09시,목요일,강원도 동해시 천곡동,경상사고,0,0,2,0,차대차 - 측면직각충돌,교차로운행방법위반,건조,맑음,교차로 - 교차로안,승용,남,69세,상해없음,승용,남,53세,경상
2016120100100214,2016년 12월 1일 10시,목요일,강원도 강릉시 교동,경상사고,0,0,2,0,차대차 - 기타,안전운전불이행,건조,맑음,단일로 - 기타,승용,남,65세,상해없음,승용,남,60세,경상
2016120100100215,2016년 12월 1일 10시,목요일,강원도 원주시 개운동,경상사고,0,0,1,0,차대사람 - 길가장자리구역통행중,안전운전불이행,건조,맑음,단일로 - 기타,승용,여,47세,상해없음,보행자,남,51세,경상
2016120100100216,2016년 12월 1일 10시,목요일,강원도 태백시 황지동,경상사고,0,0,2,0,차대차 - 기타,안전운전불이행,건조,맑음,단일로 - 기타,승용,남,52세,상해없음,승용,남,57세,상해없음
2016120100100243,2016년 12월 1일 11시,목요일,강원도 홍천군 서면,중상사고,0,2,1,0,차량단독 - 공작물충돌,안전운전불이행,건조,맑음,단일로 - 기타,승용,여,27세,경상,,,,
2016120100100265,2016년 12월 1일 12시,목요일,강원도 춘천시 석사동,경상사고,0,0,1,0,차대차 - 측면직각충돌,안전거리미확보,건조,맑음,교차로 - 교차로부근,승용,남,40세,상해없음,이륜,남,44세,경상
2016120100100294,2016년 12월 1일 13시,목요일,강원도 철원군 김화읍,경상사고,0,0,1,0,차량단독 - 기타,안전운전불이행,건조,맑음,교차로 - 교차로안,승합,남,50세,상해없음,,,,
2016120100100321,2016년 12월 1일 14시,목요일,강원도 정선군 정선읍,경상사고,0,0,1,0,차대차 - 측면충돌,안전운전불이행,건조,맑음,단일로 - 기타,승용,여,56세,상해없음,화물,여,67세,경상
2016120100100322,2016년 12월 1일 14시,목요일,강원도 인제군 인제읍,경상사고,0,0,2,0,차대차 - 추돌,안전운전불이행,건조,맑음,단일로 - 기타,화물,남,49세,상해없음,승용,남,31세,경상
2016120100100360,2016년 12월 1일 15시,목요일,강원도 춘천시 동면,경상사고,0,0,1,0,차대차 - 측면직각충돌,안전운전불이행,건조,맑음,단일로 - 기타,화물,남,76세,기타불명,승용,남,56세,경상
2016120100100361,2016년 12월 1일 15시,목요일,강원도 춘천시 후평동,경상사고,0,0,1,0,차대사람 - 기타,안전운전불이행,건조,맑음,단일로 - 기타,승용,여,50세,상해없음,보행자,여,86세,경상
2016120100100393,2016년 12월 1일 16시,목요일,강원도 원주시 명륜동,부상신고사고,0,0,0,1,차대사람 - 기타,안전운전불이행,건조,맑음,단일로 - 기타,기타불명,기타불명,기타불명,기타불명,보행자,여,9세,부상신고
2016120100100394,2016년 12월 1일 16시,목요일,강원도 속초시 장사동,중상사고,0,1,3,0,차대차 - 추돌,안전운전불이행,건조,맑음,단일로 - 기타,승용,남,63세,중상,승용,남,64세,경상
2016120100100438,2016년 12월 1일 17시,목요일,강원도 강릉시 임당동,경상사고,0,0,1,0,차대차 - 측면충돌,과속,건조,맑음,단일로 - 기타,이륜,남,18세,상해없음,승용,남,51세,상해없음
2016120100100439,2016년 12월 1일 17시,목요일,강원도 원주시 단계동,경상사고,0,0,1,0,차대차 - 정면충돌,안전운전불이행,건조,맑음,교차로 - 교차로부근,기타불명,기타불명,기타불명,기타불명,이륜,남,74세,경상
2016120100100440,2016년 12월 1일 17시,목요일,강원도 속초시 노학동,경상사고,0,0,1,0,차대차 - 정면충돌,중앙선침범,건조,맑음,교차로 - 교차로부근,승용,여,66세,상해없음,승용,여,50세,경상
2016120100100495,2016년 12월 1일 18시,목요일,강원도 춘천시 석사동,경상사고,0,0,5,0,차대차 - 측면직각충돌,안전거리미확보,건조,맑음,단일로 - 기타,화물,여,56세,상해없음,승용,여,42세,경상
2016120100100570,2016년 12월 1일 20시,목요일,강원도 원주시 반곡동,경상사고,0,0,2,0,차대차 - 측면직각충돌,신호위반,건조,맑음,교차로 - 교차로안,승용,여,46세,상해없음,승용,남,42세,경상
2016120100100604,2016년 12월 1일 21시,목요일,강원도 강릉시 입암동,경상사고,0,0,1,0,차대차 - 추돌,안전운전불이행,건조,맑음,단일로 - 기타,승용,남,34세,상해없음,승용,남,50세,경상
2016120100100605,2016년 12월 1일 21시,목요일,강원도 속초시 교동,중상사고,0,2,3,0,차대차 - 추돌,안전운전불이행,건조,맑음,교차로 - 교차로부근,승용,남,53세,상해없음,승용,여,29세,중상
2016120100100606,2016년 12월 1일 21시,목요일,강원도 동해시 천곡동,경상사고,0,0,2,0,차대차 - 측면직각충돌,교차로운행방법위반,건조,맑음,교차로 - 교차로안,승용,남,30세,상해없음,승용,남,66세,경상
2016120100100607,2016년 12월 1일 21시,목요일,강원도 횡성군 둔내면,중상사고,0,1,0,0,차대차 - 기타,안전거리미확보,건조,맑음,단일로 - 기타,기타불명,기타불명,기타불명,기타불명,승용,여,51세,중상
2016120200100037,2016년 12월 2일 02시,금요일,강원도 춘천시 효자동,부상신고사고,0,0,0,1,차대사람 - 보도통행중,안전운전불이행,건조,맑음,단일로 - 기타,승용,남,35세,상해없음,보행자,남,39세,부상신고
2016120200100062,2016년 12월 2일 05시,금요일,강원도 춘천시 소양로2가,경상사고,0,0,1,0,차대차 - 측면직각충돌,안전운전불이행,건조,맑음,단일로 - 기타,승용,남,20세,상해없음,승용,여,60세,경상
2016120200100136,2016년 12월 2일 08시,금요일,강원도 춘천시 소양로4가,경상사고,0,0,1,0,차대차 - 추돌,안전거리미확보,건조,맑음,교차로 - 교차로부근,승용,남,44세,상해없음,승용,여,45세,경상
2016120200100137,2016년 12월 2일 08시,금요일,강원도 철원군 동송읍,경상사고,0,0,1,0,차대사람 - 횡단중,안전운전불이행,건조,맑음,단일로 - 기타,승용,남,21세,상해없음,보행자,여,16세,경상
2016120200100138,2016년 12월 2일 08시,금요일,강원도 동해시 쇄운동,경상사고,0,0,2,0,차대차 - 측면직각충돌,안전운전불이행,건조,맑음,교차로 - 교차로부근,승합,남,67세,상해없음,승용,남,69세,경상
2016120200100177,2016년 12월 2일 09시,금요일,강원도 강릉시 포남동,경상사고,0,0,1,0,차대차 - 추돌,신호위반,건조,맑음,교차로 - 교차로안,승용,여,61세,상해없음,승용,남,61세,경상
2016120200100178,2016년 12월 2일 09시,금요일,강원도 원주시 단계동,경상사고,0,0,1,0,차대차 - 정면충돌,안전거리미확보,건조,맑음,교차로 - 교차로안,승용,남,44세,상해없음,승용,남,47세,경상
2016120200100204,2016년 12월 2일 10시,금요일,강원도 춘천시 효자동,경상사고,0,0,2,0,차대차 - 측면직각충돌,교차로운행방법위반,건조,맑음,교차로 - 교차로안,승용,남,57세,상해없음,승용,남,54세,경상
2016120200100205,2016년 12월 2일 10시,금요일,강원도 삼척시 정상동,경상사고,0,0,1,0,차대차 - 추돌,안전거리미확보,건조,맑음,단일로 - 기타,화물,남,62세,상해없음,화물,여,57세,경상
2016120200100271,2016년 12월 2일 12시,금요일,강원도 평창군 대화면,중상사고,0,1,1,0,차량단독 - 공작물충돌,안전운전불이행,건조,맑음,단일로 - 기타,화물,남,23세,중상,,,,
2016120200100303,2016년 12월 2일 13시,금요일,강원도 강릉시 교동,경상사고,0,0,1,0,차대차 - 측면직각충돌,안전운전불이행,건조,맑음,교차로 - 교차로안,승용,여,48세,상해없음,이륜,남,40세,경상
2016120200100304,2016년 12월 2일 13시,금요일,강원도 원주시 중앙동,경상사고,0,0,1,0,차대사람 - 횡단중,보행자보호의무위반,건조,맑음,교차로 - 교차로부근,승용,남,49세,상해없음,보행자,남,54세,경상
2016120200100341,2016년 12월 2일 14시,금요일,강원도 원주시 단계동,경상사고,0,0,1,0,차대차 - 기타,안전운전불이행,건조,맑음,단일로 - 기타,승용,남,60세,상해없음,이륜,남,44세,경상
2016120200100379,2016년 12월 2일 15시,금요일,강원도 원주시 문막읍,경상사고,0,0,1,0,차대차 - 정면충돌,안전거리미확보,건조,맑음,교차로 - 교차로부근,승합,남,64세,상해없음,승용,남,67세,경상
2016120200100416,2016년 12월 2일 16시,금요일,강원도 춘천시 효자동,중상사고,0,1,0,0,차대사람 - 횡단중,보행자보호의무위반,건조,맑음,교차로 - 교차로안,승합,여,58세,상해없음,보행자,여,61세,중상
2016120200100465,2016년 12월 2일 17시,금요일,강원도 춘천시 남산면,경상사고,0,0,1,0,차대사람 - 기타,안전운전불이행,건조,맑음,단일로 - 기타,승용,남,64세,상해없음,보행자,남,52세,경상
2016120200100466,2016년 12월 2일 17시,금요일,강원도 강릉시 옥천동,중상사고,0,1,0,0,차대사람 - 기타,안전운전불이행,건조,맑음,단일로 - 기타,승용,여,57세,상해없음,보행자,여,68세,중상
2016120200100467,2016년 12월 2일 17시,금요일,강원도 원주시 단계동,경상사고,0,0,3,0,차대차 - 추돌,안전거리미확보,건조,맑음,단일로 - 기타,승용,남,25세,상해없음,승용,여,53세,경상
2016120200100468,2016년 12월 2일 17시,금요일,강원도 원주시 명륜동,경상사고,0,0,1,0,차대차 - 정면충돌,중앙선침범,건조,맑음,단일로 - 기타,승용,여,46세,상해없음,승용,여,54세,경상
2016120200100469,2016년 12월 2일 17시,금요일,강원도 동해시 용정동,경상사고,0,0,2,0,차대차 - 측면직각충돌,직진우회전진행방해,건조,맑음,교차로 - 교차로안,화물,남,67세,상해없음,승용,남,37세,경상
2016120200100522,2016년 12월 2일 18시,금요일,강원도 강릉시 옥천동,경상사고,0,0,1,0,차대사람 - 횡단중,보행자보호의무위반,건조,맑음,단일로 - 기타,승합,남,43세,상해없음,보행자,남,54세,경상
2016120200100523,2016년 12월 2일 18시,금요일,강원도 원주시 관설동,사망사고,1,1,0,0,차대사람 - 횡단중,보행자보호의무위반,건조,맑음,단일로 - 횡단보도상,화물,남,51세,상해없음,보행자,남,16세,사망
2016120200100524,2016년 12월 2일 18시,금요일,강원도 양양군 강현면,경상사고,0,0,1,0,차대차 - 측면충돌,교차로운행방법위반,건조,맑음,교차로 - 교차로안,승용,남,40세,상해없음,승용,남,49세,상해없음
2016120200100525,2016년 12월 2일 18시,금요일,강원도 영월군 영월읍,중상사고,0,1,0,0,차대사람 - 횡단중,안전운전불이행,건조,맑음,단일로 - 기타,승용,기타불명,기타불명,기타불명,보행자,여,80세,중상
2016120200100526,2016년 12월 2일 18시,금요일,강원도 인제군 남면,경상사고,0,0,1,0,차대차 - 측면충돌,신호위반,건조,흐림,교차로 - 교차로안,승용,여,50세,상해없음,승용,남,73세,경상
2016120200100527,2016년 12월 2일 18시,금요일,강원도 동해시 묵호진동,경상사고,0,0,1,0,차대차 - 기타,안전운전불이행,건조,맑음,교차로 - 교차로부근,승용,남,50세,상해없음,이륜,남,19세,경상
2016120200100528,2016년 12월 2일 18시,금요일,강원도 춘천시 동내면,경상사고,0,0,4,0,차대차 - 추돌,안전운전불이행,건조,맑음,단일로 - 기타,승용,남,38세,상해없음,승용,여,31세,경상
2016120200100619,2016년 12월 2일 20시,금요일,강원도 속초시 교동,경상사고,0,0,1,0,차대차 - 측면충돌,안전운전불이행,건조,맑음,단일로 - 횡단보도부근,자전거,남,40세,경상,승용,남,57세,상해없음
2016120200100675,2016년 12월 2일 22시,금요일,강원도 춘천시 석사동,경상사고,0,0,2,0,차대차 - 추돌,안전운전불이행,건조,맑음,교차로 - 교차로부근,승용,남,34세,상해없음,승합,남,62세,경상
2016120200100676,2016년 12월 2일 22시,금요일,강원도 철원군 동송읍,경상사고,0,0,1,0,차대차 - 측면충돌,안전운전불이행,건조,맑음,단일로 - 기타,화물,남,18세,상해없음,승용,여,51세,경상
2016120200100706,2016년 12월 2일 23시,금요일,강원도 원주시 단구동,경상사고,0,0,1,0,차대차 - 정면충돌,안전운전불이행,건조,맑음,단일로 - 기타,승용,여,44세,상해없음,승용,남,46세,경상
2016120200100707,2016년 12월 2일 23시,금요일,강원도 횡성군 둔내면,경상사고,0,0,4,0,차대차 - 추돌,과속,건조,맑음,단일로 - 기타,승용,남,23세,경상,승용,여,27세,경상
2016120300100039,2016년 12월 3일 01시,토요일,강원도 원주시 단계동,중상사고,0,1,0,0,차대차 - 측면충돌,교차로운행방법위반,건조,맑음,교차로 - 교차로안,승용,남,64세,상해없음,승용,여,42세,중상
2016120300100061,2016년 12월 3일 02시,토요일,강원도 원주시 학성동,중상사고,0,1,0,0,차대사람 - 횡단중,보행자보호의무위반,건조,맑음,교차로 - 교차로안,승용,남,62세,상해없음,보행자,남,58세,중상
2016120300100133,2016년 12월 3일 07시,토요일,강원도 속초시 교동,경상사고,0,0,1,0,차대차 - 측면충돌,신호위반,건조,맑음,교차로 - 교차로안,승용,여,55세,상해없음,승용,여,48세,경상
2016120300100134,2016년 12월 3일 07시,토요일,강원도 횡성군 우천면,중상사고,0,1,0,0,차대차 - 정면충돌,안전운전불이행,건조,맑음,단일로 - 기타,승용,남,60세,상해없음,승용,남,40세,중상
2016120300100176,2016년 12월 3일 09시,토요일,강원도 춘천시 소양로1가,경상사고,0,0,1,0,차대차 - 측면직각충돌,안전운전불이행,건조,맑음,단일로 - 기타,승합,남,59세,상해없음,화물,남,76세,기타불명
2016120300100260,2016년 12월 3일 12시,토요일,강원도 춘천시 남산면,경상사고,0,0,3,0,차대차 - 정면충돌,안전운전불이행,건조,맑음,교차로 - 교차로안,화물,남,61세,상해없음,승용,남,57세,경상
2016120300100261,2016년 12월 3일 12시,토요일,강원도 강릉시 주문진읍,경상사고,0,0,1,0,차대차 - 측면충돌,신호위반,건조,맑음,교차로 - 교차로안,승용,여,47세,상해없음,승용,남,68세,경상
2016120300100262,2016년 12월 3일 12시,토요일,강원도 삼척시 신기면,중상사고,0,1,0,0,차량단독 - 전도전복,안전운전불이행,건조,맑음,단일로 - 기타,원동기,남,78세,중상,,,,
2016120300100263,2016년 12월 3일 12시,토요일,강원도 동해시 송정동,중상사고,0,1,0,0,차대차 - 측면직각충돌,안전운전불이행,건조,맑음,단일로 - 기타,건설기계,남,44세,상해없음,화물,남,42세,중상
2016120300100264,2016년 12월 3일 12시,토요일,강원도 원주시 지정면,경상사고,0,0,2,0,차대차 - 추돌,안전거리미확보,건조,맑음,단일로 - 기타,화물,남,52세,상해없음,승용,여,70세,경상
2016120300100315,2016년 12월 3일 13시,토요일,강원도 춘천시 우두동,경상사고,0,0,1,0,차대차 - 기타,차로위반,건조,맑음,단일로 - 기타,기타불명,기타불명,기타불명,기타불명,승합,남,41세,상해없음
2016120300100316,2016년 12월 3일 13시,토요일,강원도 강릉시 교동,경상사고,0,0,1,0,차대차 - 측면충돌,안전운전불이행,건조,맑음,교차로 - 교차로안,승용,여,57세,상해없음,원동기,남,71세,경상
2016120300100317,2016년 12월 3일 13시,토요일,강원도 양구군 남면,중상사고,0,2,1,0,차대차 - 정면충돌,중앙선침범,건조,맑음,단일로 - 기타,승용,남,58세,상해없음,화물,남,48세,중상
2016120300100346,2016년 12월 3일 14시,토요일,강원도 원주시 단구동,중상사고,0,2,1,0,차대차 - 측면충돌,직진우회전진행방해,건조,맑음,교차로 - 교차로안,승용,여,51세,경상,승용,여,56세,중상
2016120300100347,2016년 12월 3일 14시,토요일,강원도 원주시 개운동,경상사고,0,0,1,0,차대차 - 정면충돌,교차로운행방법위반,건조,맑음,교차로 - 교차로안,승용,남,53세,상해없음,자전거,남,83세,경상
2016120300100372,2016년 12월 3일 15시,토요일,강원도 양양군 양양읍,경상사고,0,0,1,0,차대차 - 추돌,안전운전불이행,건조,맑음,단일로 - 기타,화물,여,46세,상해없음,화물,남,72세,상해없음
2016120300100373,2016년 12월 3일 15시,토요일,강원도 홍천군 홍천읍,경상사고,0,0,2,0,차대차 - 측면충돌,안전운전불이행,건조,맑음,교차로 - 교차로안,농기계,남,47세,상해없음,승용,남,69세,경상
2016120300100374,2016년 12월 3일 15시,토요일,강원도 횡성군 횡성읍,중상사고,0,2,0,0,차대차 - 추돌,안전거리미확보,건조,맑음,단일로 - 터널,승용,여,30세,기타불명,승용,남,33세,중상
2016120300100406,2016년 12월 3일 16시,토요일,강원도 춘천시 퇴계동,경상사고,0,0,1,0,차대차 - 기타,신호위반,건조,맑음,교차로 - 교차로안,승용,여,25세,상해없음,이륜,남,21세,경상
2016120300100442,2016년 12월 3일 17시,토요일,강원도 횡성군 서원면,경상사고,0,0,1,0,차대차 - 정면충돌,중앙선침범,건조,맑음,단일로 - 기타,화물,남,56세,상해없음,승용,남,53세,경상
2016120300100525,2016년 12월 3일 19시,토요일,강원도 원주시 우산동,중상사고,0,2,0,0,차대차 - 정면충돌,교차로운행방법위반,건조,맑음,교차로 - 교차로안,승용,남,60세,상해없음,승용,남,37세,중상
2016120300100563,2016년 12월 3일 20시,토요일,강원도 강릉시 입암동,경상사고,0,0,2,0,차대차 - 추돌,안전운전불이행,건조,맑음,교차로 - 교차로부근,승용,남,39세,상해없음,승용,남,31세,경상
2016120300100623,2016년 12월 3일 22시,토요일,강원도 속초시 영랑동,중상사고,0,2,2,0,차대차 - 측면충돌,중앙선침범,건조,맑음,단일로 - 기타,승용,남,28세,상해없음,화물,남,71세,중상
2016120300100648,2016년 12월 3일 23시,토요일,강원도 원주시 단구동,중상사고,0,1,0,0,차대사람 - 기타,안전운전불이행,건조,맑음,교차로 - 교차로부근,승용,남,42세,상해없음,보행자,남,42세,중상
2016120400100030,2016년 12월 4일 01시,일요일,강원도 강릉시 교동,경상사고,0,0,1,0,차대차 - 측면충돌,안전운전불이행,건조,맑음,교차로 - 교차로부근,승용,남,43세,상해없음,승용,남,52세,경상
2016120400100031,2016년 12월 4일 01시,일요일,강원도 삼척시 도계읍,사망사고,1,0,0,0,차량단독 - 전도전복,안전운전불이행,건조,맑음,단일로 - 기타,승용,남,23세,사망,,,,
2016120400100046,2016년 12월 4일 02시,일요일,강원도 원주시 단계동,중상사고,0,1,2,0,차량단독 - 전도전복,안전운전불이행,건조,맑음,단일로 - 기타,승용,남,27세,중상,,,,
2016120400100077,2016년 12월 4일 06시,일요일,강원도 춘천시 온의동,부상신고사고,0,0,0,2,차량단독 - 전도전복,안전운전불이행,건조,맑음,단일로 - 기타,승용,남,22세,부상신고,,,,
2016120400100123,2016년 12월 4일 10시,일요일,강원도 태백시 문곡동,사망사고,1,0,0,0,차량단독 - 공작물충돌,안전운전불이행,건조,흐림,단일로 - 기타,승용,남,44세,사망,,,,
2016120400100160,2016년 12월 4일 12시,일요일,강원도 춘천시 우두동,중상사고,0,2,2,0,차대차 - 측면직각충돌,안전운전불이행,건조,맑음,단일로 - 기타,승용,여,67세,상해없음,화물,남,39세,경상
2016120400100161,2016년 12월 4일 12시,일요일,강원도 양양군 양양읍,경상사고,0,0,1,0,차대사람 - 기타,안전운전불이행,건조,맑음,단일로 - 기타,승용,남,74세,상해없음,보행자,여,8세,경상
2016120400100183,2016년 12월 4일 13시,일요일,강원도 춘천시 소양로1가,중상사고,0,1,0,0,차대차 - 추돌,안전운전불이행,건조,맑음,교차로 - 교차로부근,승용,여,54세,상해없음,자전거,남,85세,중상
2016120400100184,2016년 12월 4일 13시,일요일,강원도 삼척시 도계읍,중상사고,0,1,0,0,차대차 - 측면직각충돌,안전운전불이행,건조,맑음,교차로 - 교차로안,승용,남,56세,상해없음,승용,남,52세,상해없음
2016120400100185,2016년 12월 4일 13시,일요일,강원도 평창군 진부면,경상사고,0,0,3,0,차대차 - 기타,안전운전불이행,건조,맑음,교차로 - 교차로안,승용,남,72세,상해없음,화물,남,61세,경상
2016120400100250,2016년 12월 4일 16시,일요일,강원도 인제군 인제읍,중상사고,0,1,0,0,차량단독 - 공작물충돌,안전운전불이행,건조,맑음,단일로 - 기타,승용,여,44세,상해없음,,,,
2016120400100280,2016년 12월 4일 17시,일요일,강원도 춘천시 효자동,경상사고,0,0,1,0,차대사람 - 횡단중,보행자보호의무위반,건조,맑음,단일로 - 기타,기타불명,기타불명,기타불명,기타불명,보행자,여,16세,경상
2016120400100281,2016년 12월 4일 17시,일요일,강원도 강릉시 홍제동,경상사고,0,0,1,0,차대차 - 추돌,안전운전불이행,건조,기타,단일로 - 기타,승용,남,56세,상해없음,승용,남,25세,경상
2016120400100347,2016년 12월 4일 19시,일요일,강원도 춘천시 온의동,경상사고,0,0,1,0,차대차 - 측면직각충돌,안전거리미확보,건조,맑음,교차로 - 교차로부근,승용,남,51세,상해없음,승합,남,42세,상해없음
2016120400100348,2016년 12월 4일 19시,일요일,강원도 원주시 단계동,중상사고,0,1,0,0,차대사람 - 횡단중,안전운전불이행,건조,맑음,교차로 - 교차로부근,승용,남,76세,상해없음,보행자,남,57세,중상
2016120400100416,2016년 12월 4일 23시,일요일,강원도 춘천시 후평동,경상사고,0,0,1,0,차대차 - 측면충돌,중앙선침범,건조,흐림,단일로 - 기타,화물,남,31세,상해없음,승용,여,59세,경상
2016120500100021,2016년 12월 5일 01시,월요일,강원도 강릉시 죽헌동,경상사고,0,0,2,0,차대차 - 측면충돌,안전운전불이행,건조,맑음,단일로 - 기타,화물,여,50세,경상,화물,남,53세,상해없음
2016120500100055,2016년 12월 5일 06시,월요일,강원도 철원군 동송읍,경상사고,0,0,1,0,차대차 - 측면직각충돌,교차로운행방법위반,습기,비,교차로 - 교차로안,승용,남,39세,상해없음,승용,남,54세,경상
2016120500100084,2016년 12월 5일 07시,월요일,강원도 춘천시 후평동,중상사고,0,1,1,0,차대차 - 측면직각충돌,직진우회전진행방해,습기,흐림,교차로 - 교차로안,화물,남,42세,중상,승용,남,45세,경상
2016120500100117,2016년 12월 5일 08시,월요일,강원도 화천군 상서면,사망사고,1,0,0,0,차량단독 - 도로외이탈 - 추락,안전운전불이행,습기,비,단일로 - 기타,화물,남,56세,사망,,,,
2016120500100175,2016년 12월 5일 10시,월요일,강원도 원주시 학성동,중상사고,0,1,0,0,차대사람 - 횡단중,보행자보호의무위반,건조,맑음,단일로 - 횡단보도상,화물,남,50세,기타불명,보행자,여,76세,중상
2016120500100176,2016년 12월 5일 10시,월요일,강원도 원주시 행구동,경상사고,0,0,1,0,차대차 - 정면충돌,교차로운행방법위반,건조,맑음,교차로 - 교차로안,승용,여,57세,기타불명,승용,여,46세,경상
2016120500100206,2016년 12월 5일 11시,월요일,강원도 평창군 봉평면,경상사고,0,0,3,0,차대차 - 측면직각충돌,안전운전불이행,습기,흐림,교차로 - 교차로안,승용,남,47세,상해없음,승용,여,45세,경상
2016120500100241,2016년 12월 5일 12시,월요일,강원도 춘천시 서면,경상사고,0,0,1,0,차대차 - 측면직각충돌,안전운전불이행,건조,맑음,단일로 - 기타,승용,남,59세,상해없음,승용,여,45세,경상
2016120500100325,2016년 12월 5일 16시,월요일,강원도 삼척시 남양동,경상사고,0,0,3,0,차대차 - 측면충돌,직진우회전진행방해,건조,맑음,교차로 - 교차로안,화물,남,73세,상해없음,승용,남,76세,경상
2016120500100362,2016년 12월 5일 17시,월요일,강원도 춘천시 효자동,부상신고사고,0,0,0,4,차대차 - 측면충돌,차로위반,건조,맑음,단일로 - 기타,승용,남,42세,상해없음,승합,남,43세,상해없음
2016120500100401,2016년 12월 5일 18시,월요일,강원도 춘천시 동면,경상사고,0,0,3,0,차대차 - 측면직각충돌,교차로운행방법위반,건조,맑음,교차로 - 교차로안,승합,남,61세,상해없음,승용,남,31세,경상
2016120500100402,2016년 12월 5일 18시,월요일,강원도 원주시 문막읍,사망사고,1,1,0,0,차대사람 - 길가장자리구역통행중,안전운전불이행,건조,맑음,단일로 - 기타,승용,여,36세,상해없음,보행자,여,72세,사망
2016120500100403,2016년 12월 5일 18시,월요일,강원도 원주시 학성동,경상사고,0,0,1,0,차대사람 - 횡단중,안전운전불이행,건조,맑음,단일로 - 기타,승용,남,63세,상해없음,보행자,여,55세,경상
2016120500100508,2016년 12월 5일 20시,월요일,강원도 양구군 양구읍,경상사고,0,0,1,0,차대차 - 기타,안전운전불이행,습기,맑음,단일로 - 기타,승용,남,23세,상해없음,이륜,남,21세,경상
2016120500100539,2016년 12월 5일 21시,월요일,강원도 강릉시 사천면,경상사고,0,0,6,0,차대차 - 정면충돌,중앙선침범,건조,맑음,단일로 - 기타,농기계,남,56세,상해없음,승용,여,49세,경상
2016120500100540,2016년 12월 5일 21시,월요일,강원도 원주시 단계동,경상사고,0,0,1,0,차대차 - 정면충돌,교차로운행방법위반,건조,맑음,교차로 - 교차로부근,승용,남,38세,상해없음,이륜,남,18세,경상
2016120500100541,2016년 12월 5일 21시,월요일,강원도 원주시 단구동,경상사고,0,0,3,0,차대사람 - 횡단중,보행자보호의무위반,습기,비,교차로 - 교차로안,승용,여,46세,상해없음,보행자,여,17세,경상
2016120500100595,2016년 12월 5일 23시,월요일,강원도 원주시 소초면,중상사고,0,1,1,0,차대차 - 추돌,안전거리미확보,건조,맑음,단일로 - 기타,승용,남,21세,경상,농기계,남,67세,중상
2016120600100016,2016년 12월 6일 01시,화요일,강원도 춘천시 칠전동,경상사고,0,0,1,0,차대차 - 측면직각충돌,안전운전불이행,건조,맑음,단일로 - 기타,승용,남,28세,상해없음,승용,남,55세,경상
2016120600100056,2016년 12월 6일 06시,화요일,강원도 원주시 단구동,경상사고,0,0,1,0,차대차 - 측면충돌,안전운전불이행,건조,맑음,단일로 - 기타,승용,남,21세,상해없음,이륜,남,46세,경상
2016120600100074,2016년 12월 6일 07시,화요일,강원도 영월군 영월읍,경상사고,0,0,1,0,차대차 - 측면충돌,교차로운행방법위반,건조,맑음,교차로 - 교차로안,승용,남,40세,상해없음,승용,여,28세,경상
2016120600100131,2016년 12월 6일 09시,화요일,강원도 강릉시 홍제동,경상사고,0,0,3,0,차대차 - 추돌,신호위반,건조,맑음,교차로 - 교차로안,승용,남,58세,상해없음,승용,여,33세,경상
2016120600100210,2016년 12월 6일 12시,화요일,강원도 강릉시 입암동,경상사고,0,0,2,0,차대차 - 측면충돌,안전운전불이행,건조,맑음,교차로 - 교차로안,승용,남,28세,상해없음,승용,남,44세,경상