사고번호,사고일시,요일,시군구,사고내용,사망자수,중상자수,경상자수,부상신고자수,사고유형,법규위반,노면상태,기상상태,도로형태,가해운전자 차종,가해운전자 성별,가해운전자 연령,가해운전자 상해정도,피해운전자 차종,피해운전자 성별,피해운전자 연령,피해운전자 상해정도
2016120600100240,2016년 12월 6일 13시,화요일,강원도 속초시 대포동,경상사고,0,0,3,0,차대차 - 추돌,안전운전불이행,건조,맑음,단일로 - 기타,승용,남,28세,상해없음,승용,남,33세,경상
2016120600100265,2016년 12월 6일 14시,화요일,강원도 평창군 진부면,중상사고,0,2,2,0,차대차 - 추돌,안전거리미확보,건조,맑음,단일로 - 터널,승합,남,22세,경상,화물,남,44세,상해없음
2016120600100295,2016년 12월 6일 15시,화요일,강원도 춘천시 소양로2가,경상사고,0,0,4,0,차대차 - 측면직각충돌,기타,건조,맑음,단일로 - 기타,승용,여,64세,경상,승용,남,24세,경상
2016120600100296,2016년 12월 6일 15시,화요일,강원도 원주시 명륜동,부상신고사고,0,0,0,1,차대사람 - 길가장자리구역통행중,안전운전불이행,건조,맑음,단일로 - 기타,기타불명,기타불명,기타불명,기타불명,보행자,여,20세,부상신고
2016120600100297,2016년 12월 6일 15시,화요일,강원도 원주시 우산동,경상사고,0,0,2,1,차대차 - 측면충돌,직진우회전진행방해,건조,맑음,교차로 - 교차로안,승용,남,24세,부상신고,승용,남,52세,경상
2016120600100329,2016년 12월 6일 16시,화요일,강원도 횡성군 안흥면,경상사고,0,0,1,0,차대사람 - 기타,안전운전불이행,건조,맑음,단일로 - 기타,승용,남,52세,상해없음,보행자,남,39세,경상
2016120600100368,2016년 12월 6일 17시,화요일,강원도 원주시 문막읍,경상사고,0,0,2,0,차대차 - 기타,교차로운행방법위반,건조,맑음,교차로 - 교차로안,승용,여,53세,상해없음,승용,여,43세,경상
2016120600100369,2016년 12월 6일 17시,화요일,강원도 원주시 태장동,경상사고,0,0,2,0,차대차 - 기타,교차로운행방법위반,건조,맑음,교차로 - 교차로안,승용,여,59세,상해없음,승용,남,48세,경상
2016120600100370,2016년 12월 6일 17시,화요일,강원도 평창군 진부면,사망사고,1,0,2,0,차량단독 - 공작물충돌,안전운전불이행,건조,맑음,단일로 - 기타,화물,남,59세,사망,,,,
2016120600100371,2016년 12월 6일 17시,화요일,강원도 정선군 남면,경상사고,0,0,6,0,차대차 - 추돌,안전운전불이행,건조,맑음,단일로 - 기타,승용,남,77세,경상,승용,여,56세,경상
2016120600100372,2016년 12월 6일 17시,화요일,강원도 정선군 남면,경상사고,0,0,3,1,차대차 - 측면충돌,안전운전불이행,건조,흐림,단일로 - 기타,승용,남,33세,부상신고,승용,여,54세,경상
2016120600100414,2016년 12월 6일 18시,화요일,강원도 원주시 태장동,경상사고,0,0,1,0,차대차 - 추돌,안전운전불이행,건조,맑음,교차로 - 교차로부근,승용,여,24세,상해없음,승용,여,43세,경상
2016120600100492,2016년 12월 6일 20시,화요일,강원도 춘천시 퇴계동,경상사고,0,0,3,1,차대차 - 측면직각충돌,차로위반,건조,맑음,교차로 - 교차로안,승용,남,29세,상해없음,승합,남,48세,경상
2016120700100022,2016년 12월 7일 01시,수요일,강원도 원주시 단구동,경상사고,0,0,1,0,차대차 - 정면충돌,신호위반,건조,맑음,교차로 - 교차로안,승용,남,34세,상해없음,승용,여,44세,경상
2016120700100067,2016년 12월 7일 06시,수요일,강원도 강릉시 옥천동,경상사고,0,0,1,0,차대차 - 측면충돌,안전운전불이행,건조,맑음,교차로 - 교차로안,승용,남,56세,상해없음,원동기,남,24세,경상
2016120700100093,2016년 12월 7일 07시,수요일,강원도 원주시 문막읍,경상사고,0,0,1,0,차대차 - 추돌,안전거리미확보,건조,맑음,단일로 - 기타,승용,남,76세,상해없음,승용,남,28세,경상
2016120700100123,2016년 12월 7일 08시,수요일,강원도 춘천시 효자동,경상사고,0,0,3,0,차대차 - 측면직각충돌,신호위반,적설,눈,교차로 - 교차로안,승용,남,24세,상해없음,승용,남,68세,경상
2016120700100155,2016년 12월 7일 09시,수요일,강원도 춘천시 근화동,경상사고,0,0,1,0,차대차 - 추돌,안전운전불이행,건조,맑음,교차로 - 교차로부근,승용,여,37세,상해없음,승용,남,43세,경상
2016120700100156,2016년 12월 7일 09시,수요일,강원도 강릉시 옥천동,중상사고,0,1,0,0,차대사람 - 횡단중,안전운전불이행,건조,맑음,단일로 - 기타,승용,남,54세,상해없음,보행자,여,23세,중상
2016120700100191,2016년 12월 7일 10시,수요일,강원도 원주시 호저면,경상사고,0,0,1,0,차대차 - 측면충돌,안전운전불이행,건조,맑음,단일로 - 기타,이륜,남,73세,경상,승합,남,58세,상해없음
2016120700100248,2016년 12월 7일 12시,수요일,강원도 춘천시 동내면,경상사고,0,0,1,0,차대차 - 추돌,안전거리미확보,건조,맑음,단일로 - 기타,승용,여,18세,상해없음,승용,여,43세,경상
2016120700100249,2016년 12월 7일 12시,수요일,강원도 강릉시 주문진읍,중상사고,0,1,1,0,차대차 - 측면충돌,중앙선침범,건조,맑음,단일로 - 기타,승용,남,53세,상해없음,승용,남,42세,경상
2016120700100250,2016년 12월 7일 12시,수요일,강원도 횡성군 둔내면,경상사고,0,0,1,0,차대차 - 측면직각충돌,중앙선침범,건조,맑음,단일로 - 기타,승용,여,65세,상해없음,승용,남,19세,경상
2016120700100300,2016년 12월 7일 14시,수요일,강원도 원주시 소초면,중상사고,0,2,3,0,차대차 - 측면충돌,직진우회전진행방해,건조,맑음,교차로 - 교차로안,승용,남,53세,경상,승용,남,24세,경상
2016120700100323,2016년 12월 7일 15시,수요일,강원도 춘천시 온의동,중상사고,0,1,1,0,차대차 - 측면직각충돌,안전운전불이행,건조,맑음,교차로 - 교차로안,승용,여,52세,중상,승용,남,62세,경상
2016120700100324,2016년 12월 7일 15시,수요일,강원도 강릉시 성남동,경상사고,0,0,1,0,차대사람 - 횡단중,안전운전불이행,건조,맑음,교차로 - 교차로안,화물,남,43세,상해없음,보행자,남,70세,경상
2016120700100362,2016년 12월 7일 16시,수요일,강원도 원주시 태장동,경상사고,0,0,2,0,차대차 - 정면충돌,중앙선침범,건조,맑음,교차로 - 교차로안,승용,남,76세,상해없음,승용,남,51세,경상
2016120700100385,2016년 12월 7일 17시,수요일,강원도 춘천시 온의동,경상사고,0,0,1,0,차대차 - 기타,신호위반,건조,맑음,교차로 - 교차로안,승용,남,75세,상해없음,이륜,남,41세,경상
2016120700100386,2016년 12월 7일 17시,수요일,강원도 춘천시 석사동,중상사고,0,1,0,0,차대차 - 기타,교차로운행방법위반,습기,흐림,교차로 - 교차로안,승용,남,29세,상해없음,이륜,남,33세,중상
2016120700100387,2016년 12월 7일 17시,수요일,강원도 춘천시 근화동,중상사고,0,1,0,0,차대차 - 측면직각충돌,신호위반,건조,맑음,교차로 - 교차로부근,승용,남,68세,상해없음,자전거,남,65세,중상
2016120700100388,2016년 12월 7일 17시,수요일,강원도 강릉시 청량동,중상사고,0,1,9,0,차대차 - 추돌,안전거리미확보,건조,맑음,단일로 - 기타,화물,남,65세,기타불명,승용,남,47세,경상
2016120700100435,2016년 12월 7일 18시,수요일,강원도 춘천시 동면,경상사고,0,0,1,0,차대차 - 측면직각충돌,안전운전불이행,건조,맑음,교차로 - 교차로안,승용,남,40세,상해없음,승용,여,33세,경상
2016120700100436,2016년 12월 7일 18시,수요일,강원도 동해시 천곡동,중상사고,0,2,0,0,차대사람 - 길가장자리구역통행중,안전운전불이행,건조,맑음,교차로 - 교차로부근,승용,남,45세,상해없음,보행자,여,62세,중상
2016120700100490,2016년 12월 7일 19시,수요일,강원도 춘천시 효자동,중상사고,0,1,0,0,차대사람 - 횡단중,안전운전불이행,건조,맑음,단일로 - 기타,승용,남,23세,상해없음,보행자,남,54세,중상
2016120700100526,2016년 12월 7일 20시,수요일,강원도 원주시 태장동,경상사고,0,0,2,0,차대차 - 정면충돌,차로위반,건조,맑음,단일로 - 기타,승용,남,50세,상해없음,승용,여,59세,경상
2016120700100561,2016년 12월 7일 21시,수요일,강원도 춘천시 조양동,경상사고,0,0,1,0,차대차 - 정면충돌,안전운전불이행,건조,맑음,단일로 - 기타,승용,남,59세,상해없음,승용,남,58세,경상
2016120700100562,2016년 12월 7일 21시,수요일,강원도 원주시 단계동,경상사고,0,0,2,0,차대차 - 추돌,안전운전불이행,건조,맑음,교차로 - 교차로부근,승용,남,26세,상해없음,승용,남,35세,경상
2016120800100031,2016년 12월 8일 01시,목요일,강원도 동해시 송정동,경상사고,0,0,1,0,차대차 - 측면직각충돌,교차로운행방법위반,건조,맑음,교차로 - 교차로안,승용,남,62세,상해없음,승용,남,36세,경상
2016120800100061,2016년 12월 8일 04시,목요일,강원도 원주시 문막읍,경상사고,0,0,1,0,차대사람 - 횡단중,보행자보호의무위반,건조,맑음,단일로 - 기타,기타불명,기타불명,기타불명,기타불명,보행자,남,49세,경상
2016120800100170,2016년 12월 8일 08시,목요일,강원도 원주시 명륜동,경상사고,0,0,1,0,차대사람 - 횡단중,안전운전불이행,건조,맑음,교차로 - 교차로안,승용,남,21세,상해없음,보행자,남,45세,경상
2016120800100214,2016년 12월 8일 09시,목요일,강원도 춘천시 후평동,부상신고사고,0,0,0,1,차대사람 - 길가장자리구역통행중,안전운전불이행,건조,맑음,단일로 - 기타,승용,여,56세,상해없음,보행자,남,75세,부상신고
2016120800100240,2016년 12월 8일 10시,목요일,강원도 횡성군 둔내면,중상사고,0,1,1,0,차대차 - 측면직각충돌,중앙선침범,건조,맑음,단일로 - 기타,승용,여,48세,상해없음,화물,남,51세,경상
2016120800100268,2016년 12월 8일 11시,목요일,강원도 홍천군 홍천읍,경상사고,0,0,1,0,차대사람 - 횡단중,안전운전불이행,건조,맑음,단일로 - 기타,승용,남,66세,상해없음,보행자,여,77세,경상
2016120800100269,2016년 12월 8일 11시,목요일,강원도 횡성군 횡성읍,경상사고,0,0,1,0,차대차 - 측면충돌,안전운전불이행,건조,맑음,단일로 - 기타,승용,남,34세,상해없음,자전거,남,76세,경상
2016120800100270,2016년 12월 8일 11시,목요일,강원도 동해시 천곡동,경상사고,0,0,2,0,차대차 - 측면직각충돌,안전운전불이행,건조,맑음,단일로 - 기타,승용,여,41세,상해없음,승용,여,26세,경상
2016120800100303,2016년 12월 8일 12시,목요일,강원도 인제군 북면,부상신고사고,0,0,0,1,차대차 - 측면직각충돌,안전거리미확보,건조,맑음,단일로 - 교량,화물,남,41세,상해없음,승용,남,27세,부상신고
2016120800100328,2016년 12월 8일 13시,목요일,강원도 원주시 우산동,경상사고,0,0,1,0,차대차 - 정면충돌,안전운전불이행,건조,맑음,교차로 - 교차로안,승용,남,34세,상해없음,자전거,남,75세,경상
2016120800100329,2016년 12월 8일 13시,목요일,강원도 평창군 대관령면,경상사고,0,0,1,0,차대차 - 측면직각충돌,안전운전불이행,건조,맑음,단일로 - 기타,화물,남,44세,상해없음,승용,남,66세,경상
2016120800100354,2016년 12월 8일 14시,목요일,강원도 인제군 남면,중상사고,0,1,0,0,차대차 - 추돌,안전거리미확보,건조,맑음,교차로 - 교차로안,승용,남,66세,상해없음,승용,남,50세,중상
2016120800100424,2016년 12월 8일 16시,목요일,강원도 영월군 영월읍,경상사고,0,0,1,0,차대차 - 측면직각충돌,교차로운행방법위반,건조,기타,교차로 - 교차로안,승용,남,58세,상해없음,원동기,남,78세,경상
2016120800100425,2016년 12월 8일 16시,목요일,강원도 홍천군 홍천읍,경상사고,0,0,1,0,차대사람 - 횡단중,안전운전불이행,건조,맑음,교차로 - 교차로안,승용,남,62세,상해없음,보행자,여,82세,경상
2016120800100461,2016년 12월 8일 17시,목요일,강원도 춘천시 온의동,경상사고,0,0,1,0,차대차 - 측면직각충돌,불법유턴,건조,맑음,단일로 - 기타,이륜,남,44세,상해없음,승용,남,53세,경상
2016120800100462,2016년 12월 8일 17시,목요일,강원도 춘천시 운교동,부상신고사고,0,0,0,1,차대차 - 측면충돌,안전거리미확보,건조,맑음,단일로 - 기타,화물,남,42세,상해없음,이륜,남,55세,부상신고
2016120800100463,2016년 12월 8일 17시,목요일,강원도 원주시 중앙동,경상사고,0,0,1,0,차대차 - 정면충돌,교차로운행방법위반,건조,맑음,교차로 - 교차로안,이륜,남,70세,상해없음,이륜,남,23세,경상
2016120800100504,2016년 12월 8일 18시,목요일,강원도 춘천시 석사동,경상사고,0,0,6,0,차대차 - 추돌,안전거리미확보,건조,맑음,단일로 - 기타,승용,남,53세,상해없음,승용,여,37세,경상
2016120800100505,2016년 12월 8일 18시,목요일,강원도 춘천시 퇴계동,중상사고,0,1,0,0,차대차 - 측면직각충돌,안전운전불이행,습기,흐림,교차로 - 교차로부근,승용,남,61세,상해없음,이륜,남,33세,중상
2016120800100506,2016년 12월 8일 18시,목요일,강원도 홍천군 남면,중상사고,0,1,0,0,차대사람 - 기타,안전운전불이행,건조,맑음,교차로 - 교차로부근,승용,남,60세,상해없음,보행자,남,38세,중상
2016120800100560,2016년 12월 8일 19시,목요일,강원도 춘천시 요선동,중상사고,0,1,0,0,차대사람 - 횡단중,안전운전불이행,건조,맑음,단일로 - 기타,이륜,남,16세,상해없음,보행자,여,53세,중상
2016120800100561,2016년 12월 8일 19시,목요일,강원도 춘천시 퇴계동,경상사고,0,0,3,0,차대차 - 추돌,안전거리미확보,건조,맑음,단일로 - 기타,승용,남,22세,상해없음,승용,남,48세,경상
2016120800100562,2016년 12월 8일 19시,목요일,강원도 춘천시 효자동,경상사고,0,0,1,0,차대차 - 추돌,안전거리미확보,건조,맑음,단일로 - 기타,승용,남,47세,상해없음,승용,남,45세,경상
2016120800100563,2016년 12월 8일 19시,목요일,강원도 원주시 판부면,경상사고,0,0,1,0,차대차 - 추돌,안전운전불이행,결빙,맑음,교차로 - 교차로부근,이륜,남,17세,상해없음,승용,여,49세,경상
2016120800100607,2016년 12월 8일 20시,목요일,강원도 춘천시 퇴계동,경상사고,0,0,1,0,차대사람 - 횡단중,안전운전불이행,건조,맑음,교차로 - 교차로부근,승용,남,57세,상해없음,보행자,남,26세,경상
2016120800100653,2016년 12월 8일 21시,목요일,강원도 원주시 태장동,경상사고,0,0,1,0,차대차 - 측면충돌,안전운전불이행,건조,맑음,교차로 - 교차로안,승용,여,68세,상해없음,이륜,남,22세,경상
2016120800100654,2016년 12월 8일 21시,목요일,강원도 원주시 학성동,경상사고,0,0,1,0,차대차 - 정면충돌,안전운전불이행,건조,맑음,단일로 - 기타,승용,여,48세,상해없음,자전거,여,62세,경상
2016120800100700,2016년 12월 8일 22시,목요일,강원도 강릉시 홍제동,경상사고,0,0,2,0,차대차 - 정면충돌,안전운전불이행,건조,맑음,단일로 - 기타,화물,여,52세,상해없음,승용,여,46세,경상
2016120900100010,2016년 12월 9일 00시,금요일,강원도 춘천시 퇴계동,경상사고,0,0,1,0,차대차 - 측면직각충돌,직진우회전진행방해,습기,비,교차로 - 교차로안,승용,여,37세,상해없음,승용,여,49세,경상
2016120900100011,2016년 12월 9일 00시,금요일,강원도 원주시 단계동,경상사고,0,0,1,0,차대사람 - 횡단중,안전운전불이행,습기,비,단일로 - 기타,승용,남,43세,상해없음,보행자,여,39세,경상
2016120900100035,2016년 12월 9일 01시,금요일,강원도 춘천시 동면,경상사고,0,0,2,0,차량단독 - 전도전복,안전운전불이행,적설,눈,단일로 - 기타,승용,남,65세,상해없음,,,,
2016120900100051,2016년 12월 9일 02시,금요일,강원도 영월군 남면,중상사고,0,1,1,0,차대차 - 기타,안전운전불이행,적설,눈,단일로 - 기타,승합,남,63세,중상,승합,남,62세,상해없음
2016120900100132,2016년 12월 9일 07시,금요일,강원도 춘천시 석사동,경상사고,0,0,1,0,차대차 - 측면충돌,안전운전불이행,결빙,흐림,단일로 - 교량,승용,남,40세,상해없음,승용,남,49세,경상
2016120900100133,2016년 12월 9일 07시,금요일,강원도 강릉시 성산면,경상사고,0,0,1,0,차대차 - 정면충돌,중앙선침범,건조,맑음,단일로 - 기타,승용,남,59세,상해없음,승용,여,55세,경상
2016120900100134,2016년 12월 9일 07시,금요일,강원도 태백시 장성동,사망사고,1,0,0,0,차량단독 - 공작물충돌,안전운전불이행,결빙,흐림,단일로 - 기타,특수,남,58세,상해없음,,,,
2016120900100164,2016년 12월 9일 08시,금요일,강원도 춘천시 퇴계동,경상사고,0,0,2,0,차대차 - 추돌,안전거리미확보,결빙,흐림,교차로 - 교차로부근,건설기계,남,45세,상해없음,승용,여,42세,경상
2016120900100187,2016년 12월 9일 09시,금요일,강원도 홍천군 홍천읍,경상사고,0,0,2,0,차대차 - 정면충돌,직진우회전진행방해,습기,비,교차로 - 교차로안,화물,남,66세,상해없음,승용,여,35세,경상
2016120900100209,2016년 12월 9일 10시,금요일,강원도 원주시 흥업면,중상사고,0,1,2,0,차대차 - 정면충돌,중앙선침범,건조,맑음,교차로 - 교차로안,승용,여,54세,상해없음,승용,남,51세,중상
2016120900100210,2016년 12월 9일 10시,금요일,강원도 삼척시 도계읍,중상사고,0,1,13,8,차량단독 - 공작물충돌,안전운전불이행,결빙,맑음,단일로 - 기타,승합,남,52세,상해없음,,,,
2016120900100235,2016년 12월 9일 11시,금요일,강원도 홍천군 홍천읍,경상사고,0,0,2,0,차대차 - 측면충돌,교차로운행방법위반,건조,맑음,교차로 - 교차로안,승용,여,55세,상해없음,승용,여,48세,경상
2016120900100296,2016년 12월 9일 13시,금요일,강원도 원주시 태장동,중상사고,0,1,0,0,차대차 - 측면충돌,안전운전불이행,건조,맑음,교차로 - 교차로부근,승용,남,27세,상해없음,자전거,남,70세,중상
2016120900100297,2016년 12월 9일 13시,금요일,강원도 홍천군 홍천읍,중상사고,0,1,0,0,차대차 - 추돌,안전운전불이행,건조,맑음,단일로 - 기타,승용,여,60세,상해없음,승용,남,42세,중상
2016120900100362,2016년 12월 9일 15시,금요일,강원도 원주시 단구동,경상사고,0,0,1,0,차대차 - 정면충돌,교차로운행방법위반,건조,맑음,교차로 - 교차로안,승용,여,51세,상해없음,승용,여,69세,경상
2016120900100363,2016년 12월 9일 15시,금요일,강원도 원주시 단구동,경상사고,0,0,2,0,차대차 - 정면충돌,교차로운행방법위반,건조,맑음,교차로 - 교차로안,승용,여,43세,상해없음,승용,남,61세,경상
2016120900100419,2016년 12월 9일 17시,금요일,강원도 원주시 단계동,경상사고,0,0,1,0,차대차 - 추돌,안전거리미확보,건조,맑음,단일로 - 기타,승용,남,61세,상해없음,승합,남,55세,상해없음
2016120900100463,2016년 12월 9일 18시,금요일,강원도 춘천시 효자동,경상사고,0,0,2,0,차대차 - 추돌,안전거리미확보,건조,맑음,단일로 - 기타,화물,여,66세,상해없음,승용,남,54세,경상
2016120900100464,2016년 12월 9일 18시,금요일,강원도 춘천시 후평동,경상사고,0,0,1,0,차대사람 - 횡단중,안전운전불이행,건조,맑음,단일로 - 기타,승용,남,64세,상해없음,보행자,남,17세,경상
2016120900100465,2016년 12월 9일 18시,금요일,강원도 원주시 일산동,경상사고,0,0,1,0,차대차 - 측면충돌,신호위반,건조,맑음,교차로 - 교차로안,승용,남,74세,상해없음,이륜,남,40세,경상
2016120900100466,2016년 12월 9일 18시,금요일,강원도 원주시 단계동,중상사고,0,1,0,0,차대차 - 측면직각충돌,안전운전불이행,건조,맑음,단일로 - 기타,이륜,남,23세,중상,승용,여,27세,상해없음
2016120900100467,2016년 12월 9일 18시,금요일,강원도 원주시 지정면,경상사고,0,0,1,1,차대차 - 정면충돌,중앙선침범,건조,맑음,단일로 - 기타,이륜,남,69세,부상신고,승용,남,55세,경상
2016120900100529,2016년 12월 9일 19시,금요일,강원도 속초시 교동,경상사고,0,0,1,0,차대사람 - 횡단중,안전운전불이행,건조,맑음,단일로 - 기타,원동기,남,28세,상해없음,보행자,남,49세,경상
2016120900100530,2016년 12월 9일 19시,금요일,강원도 홍천군 서석면,사망사고,1,0,0,0,차대사람 - 횡단중,안전운전불이행,건조,맑음,단일로 - 기타,승용,남,38세,상해없음,보행자,남,62세,사망
2016120900100563,2016년 12월 9일 20시,금요일,강원도 원주시 반곡동,경상사고,0,0,2,0,차대차 - 추돌,안전운전불이행,건조,맑음,단일로 - 기타,승용,남,49세,상해없음,승용,남,23세,경상
2016120900100564,2016년 12월 9일 20시,금요일,강원도 원주시 관설동,경상사고,0,0,1,0,차대차 - 기타,안전운전불이행,건조,맑음,교차로 - 교차로안,승용,남,29세,상해없음,승용,여,47세,경상
2016120900100605,2016년 12월 9일 21시,금요일,강원도 원주시 개운동,경상사고,0,0,1,0,차대사람 - 횡단중,보행자보호의무위반,건조,맑음,교차로 - 교차로부근,승용,남,42세,상해없음,보행자,남,44세,경상
2016120900100606,2016년 12월 9일 21시,금요일,강원도 속초시 교동,경상사고,0,0,1,0,차대차 - 측면직각충돌,중앙선침범,건조,맑음,단일로 - 기타,승용,남,63세,상해없음,이륜,남,27세,경상
2016120900100635,2016년 12월 9일 22시,금요일,강원도 강릉시 포남동,경상사고,0,0,2,0,차대차 - 측면충돌,안전운전불이행,건조,맑음,단일로 - 기타,승용,여,41세,상해없음,승용,남,48세,경상
2016120900100668,2016년 12월 9일 23시,금요일,강원도 원주시 단계동,경상사고,0,0,1,0,차대차 - 측면충돌,안전운전불이행,건조,맑음,교차로 - 교차로안,자전거,남,41세,경상,승용,남,47세,상해없음
2016121000100010,2016년 12월 10일 00시,토요일,강원도 삼척시 도계읍,중상사고,0,1,0,0,차대차 - 측면충돌,안전운전불이행,건조,맑음,단일로 - 기타,승합,남,58세,상해없음,승용,여,45세,중상
2016121000100161,2016년 12월 10일 09시,토요일,강원도 태백시 황지동,중상사고,0,1,2,0,차대차 - 측면직각충돌,교차로운행방법위반,건조,맑음,교차로 - 교차로안,승용,남,74세,경상,승용,남,74세,경상
2016121000100245,2016년 12월 10일 12시,토요일,강원도 원주시 단계동,경상사고,0,0,1,0,차대차 - 정면충돌,차로위반,건조,맑음,단일로 - 기타,승용,남,44세,상해없음,승용,여,39세,경상
2016121000100246,2016년 12월 10일 12시,토요일,강원도 인제군 인제읍,경상사고,0,0,3,0,차대차 - 측면충돌,안전운전불이행,건조,맑음,교차로 - 교차로안,승용,남,36세,상해없음,승용,남,36세,경상
2016121000100280,2016년 12월 10일 13시,토요일,강원도 춘천시 석사동,경상사고,0,0,3,1,차대차 - 측면직각충돌,기타,건조,맑음,교차로 - 교차로안,승합,남,71세,부상신고,승용,남,29세,경상
2016121000100353,2016년 12월 10일 15시,토요일,강원도 춘천시 동면,경상사고,0,0,1,1,차대차 - 추돌,기타,건조,맑음,교차로 - 교차로부근,승용,남,42세,경상,건설기계,남,51세,부상신고
2016121000100383,2016년 12월 10일 16시,토요일,강원도 원주시 흥업면,경상사고,0,0,1,0,차대차 - 정면충돌,중앙선침범,결빙,흐림,단일로 - 기타,승용,남,49세,상해없음,건설기계,남,57세,경상
2016121000100384,2016년 12월 10일 16시,토요일,강원도 양양군 강현면,경상사고,0,0,2,0,차대차 - 측면직각충돌,불법유턴,건조,맑음,교차로 - 교차로부근,승용,남,76세,상해없음,승용,여,26세,경상
2016121000100385,2016년 12월 10일 16시,토요일,강원도 삼척시 교동,중상사고,0,1,8,0,차대차 - 측면직각충돌,신호위반,건조,맑음,교차로 - 교차로안,승용,남,72세,상해없음,승합,남,55세,경상
2016121000100386,2016년 12월 10일 16시,토요일,강원도 삼척시 도계읍,중상사고,0,1,1,0,차량단독 - 전도전복,안전운전불이행,건조,맑음,단일로 - 기타,화물,남,61세,경상,,,,
2016121000100387,2016년 12월 10일 16시,토요일,강원도 삼척시 도계읍,경상사고,0,0,3,0,차대차 - 측면직각충돌,안전거리미확보,건조,맑음,단일로 - 기타,승용,남,66세,경상,승용,남,56세,경상
2016121000100388,2016년 12월 10일 16시,토요일,강원도 영월군 김삿갓면,중상사고,0,1,0,0,차대차 - 측면직각충돌,교차로운행방법위반,건조,맑음,교차로 - 교차로안,화물,남,62세,상해없음,화물,남,57세,중상
2016121000100507,2016년 12월 10일 19시,토요일,강원도 평창군 대화면,경상사고,0,0,1,0,차대차 - 측면직각충돌,안전운전불이행,건조,맑음,단일로 - 기타,승용,남,28세,경상,승용,남,52세,상해없음
2016121000100508,2016년 12월 10일 19시,토요일,강원도 정선군 신동읍,경상사고,0,0,2,0,차대차 - 기타,안전운전불이행,건조,맑음,단일로 - 기타,승용,남,52세,상해없음,승용,남,25세,경상
2016121000100542,2016년 12월 10일 20시,토요일,강원도 원주시 단구동,중상사고,0,1,0,0,차대사람 - 횡단중,안전운전불이행,건조,맑음,단일로 - 기타,승용,남,42세,상해없음,보행자,남,57세,중상
2016121000100543,2016년 12월 10일 20시,토요일,강원도 동해시 천곡동,경상사고,0,0,2,0,차대사람 - 횡단중,안전운전불이행,건조,맑음,단일로 - 기타,승용,여,37세,상해없음,보행자,남,48세,경상
2016121000100572,2016년 12월 10일 21시,토요일,강원도 춘천시 석사동,경상사고,0,0,1,0,차대차 - 추돌,안전운전불이행,건조,맑음,교차로 - 교차로부근,기타불명,기타불명,기타불명,기타불명,승용,여,46세,경상
2016121000100573,2016년 12월 10일 21시,토요일,강원도 강릉시 옥천동,경상사고,0,0,1,0,차대차 - 측면직각충돌,안전운전불이행,건조,맑음,교차로 - 교차로안,승용,남,41세,상해없음,승용,남,49세,경상
2016121000100574,2016년 12월 10일 21시,토요일,강원도 원주시 단계동,경상사고,0,0,1,0,차대차 - 추돌,안전거리미확보,건조,맑음,교차로 - 교차로부근,승용,남,31세,상해없음,특수,남,54세,경상
2016121000100575,2016년 12월 10일 21시,토요일,강원도 영월군 영월읍,경상사고,0,0,1,0,차대차 - 기타,안전운전불이행,건조,맑음,단일로 - 기타,승용,남,36세,상해없음,원동기,남,18세,경상
2016121000100599,2016년 12월 10일 22시,토요일,강원도 원주시 우산동,경상사고,0,0,2,0,차대차 - 정면충돌,안전운전불이행,건조,맑음,단일로 - 기타,승용,남,42세,상해없음,승용,남,20세,경상
2016121000100600,2016년 12월 10일 22시,토요일,강원도 동해시 용정동,중상사고,0,2,1,0,차대차 - 측면직각충돌,신호위반,건조,맑음,교차로 - 교차로안,승용,남,33세,경상,승용,여,40세,중상
2016121000100630,2016년 12월 10일 23시,토요일,강원도 원주시 중앙동,경상사고,0,0,2,0,차대사람 - 길가장자리구역통행중,보행자보호의무위반,건조,맑음,교차로 - 교차로부근,승용,남,28세,상해없음,보행자,남,29세,경상
2016121100100048,2016년 12월 11일 02시,일요일,강원도 강릉시 교동,경상사고,0,0,1,0,차대사람 - 횡단중,보행자보호의무위반,건조,맑음,단일로 - 횡단보도상,승용,남,46세,상해없음,보행자,남,47세,경상
2016121100100116,2016년 12월 11일 08시,일요일,강원도 춘천시 서면,경상사고,0,0,1,0,차량단독 - 전도전복,안전운전불이행,건조,맑음,단일로 - 기타,승용,남,34세,상해없음,,,,
2016121100100133,2016년 12월 11일 09시,일요일,강원도 원주시 무실동,경상사고,0,0,2,0,차대차 - 측면충돌,신호위반,건조,맑음,교차로 - 교차로안,승용,남,64세,경상,승합,남,58세,경상
2016121100100134,2016년 12월 11일 09시,일요일,강원도 평창군 봉평면,중상사고,0,1,0,0,차대차 - 측면직각충돌,안전운전불이행,건조,맑음,교차로 - 교차로부근,이륜,남,65세,중상,승용,남,28세,상해없음
2016121100100135,2016년 12월 11일 09시,일요일,강원도 태백시 장성동,중상사고,0,1,1,0,차대차 - 측면직각충돌,차로위반,건조,맑음,단일로 - 기타,승용,남,59세,상해없음,승용,남,44세,경상
2016121100100150,2016년 12월 11일 10시,일요일,강원도 원주시 우산동,경상사고,0,0,1,0,차대차 - 추돌,안전거리미확보,건조,맑음,교차로 - 교차로부근,승용,여,38세,상해없음,승용,여,19세,경상
2016121100100151,2016년 12월 11일 10시,일요일,강원도 정선군 고한읍,중상사고,0,1,0,0,차량단독 - 도로외이탈 - 기타,안전운전불이행,건조,맑음,단일로 - 기타,승용,남,56세,상해없음,,,,